record_id,parent_department,organisation,unit,reporting_senior_post,grade,payscale_minimum,payscale_maximum,generic_job_title,fte_posts,professional/occupational_group,office_region
1,Department for Education,Department for Education,Enterprise Data for Access and Sharing,DFE-2658,Grade 6 - National,70854,78241,Manager - Enterprise Data for Access and Sharing 6-Yorkshire and The Humber,2.0,Other,Yorkshire and The Humber
2,Department for Education,Department for Education,Data Science (ESFA),DFE-2601,HEO - London,40132,42699,Higher Executive Officer - Data Science (ESFA) HEO-London,0.81,Other,London
3,Department for Education,Department for Education,Independent Education and School Safeguarding,DFE-2004,HEO - National,36000,38229,Higher Executive Officer - Independent Education and School Safeguarding HEO-North East,6.89,Other,North East
4,Department for Education,Department for Education,Financial Reporting,DFE-2454,EO - National,31479,31479,Executive Officer - Financial Reporting EO-North East,2.0,Other,North East
5,Department for Education,Department for Education,Customer Success & Shared Service Operations,DFE-2334,EA - National,27244,27244,Executive Assistant - Customer Success & Shared Service Operations EA-North East,8.07,Other,North East
6,Department for Education,Department for Education,Operational Excellence,DFE-2292,Senior Executive Officer - National,42806,47047,Senior Executive Officer - Operational Excellence SEO-North East,10.26,Other,North East
7,Department for Education,Department for Education,Independent Education and School Safeguarding,DFE-2004,Grade 7 - National,58185,67219,Manager - Independent Education and School Safeguarding Grade 7 (Position Vacate:28/11/2025)-North East,1.0,Other,North East
8,Department for Education,Department for Education,Enterprise Data for Access and Sharing,DFE-2658,Senior Executive Officer - National,42806,47047,Senior Executive Officer - Enterprise Data for Access and Sharing SEO-North East,11.87,Other,North East
9,Department for Education,Department for Education,Regions Group: North East,DFE-2409,Senior Executive Officer - National,42806,47047,Senior Executive Officer - Regions Group: North East SEO-North East,8.2,Other,North East
10,Department for Education,Department for Education,Assurance,DFE-2192,Grade 6 - National,70854,78241,Manager - Assurance Grade 6-North East,1.0,Other,North East
11,Department for Education,Department for Education,Enterprise Data for Access and Sharing,DFE-2658,EO - National,31479,31479,Executive Officer - Enterprise Data for Access and Sharing EO-North East,1.0,Other,North East
12,Department for Education,Department for Education,Regions Group: Yorkshire and the Humber,DFE-2375,Senior Executive Officer - National,42806,47047,Senior Executive Officer - Regions Group: Yorkshire and the Humber SEO-North East,5.6,Other,North East
13,Department for Education,Department for Education,SFSO Operational Delivery - North,DFE-2084,Grade 7 - National,58185,67219,Manager - SFSO Operational Delivery - North Grade 7-North East,4.0,Other,North East
14,Department for Education,Department for Education,Regions Group: National,DFE-2021,SEO (Senior Prof & Technical Officer) - National,48999,53884,Senior Executive Officer - Regions Group: National SEO-North East,6.82,Other,North East
15,Department for Education,Department for Education,Regions Group: North East,DFE-2409,Grade 6 - National,70854,78241,Manager - Regions Group: North East Grade 6-North East,4.0,Other,North East
16,Department for Education,Department for Education,"Education Estates Legal, Land and Planning",DFE-2207,Grade 7 - National,58185,67219,"Manager - Education Estates Legal, Land and Planning Grade 7-North East",5.74,Other,North East
17,Department for Education,Department for Education,Assurance,DFE-2192,HEO - National,36000,38229,Higher Executive Officer - Assurance HEO-North East,5.8,Other,North East
18,Department for Education,Department for Education,Teachers' Pension Scheme,DFE-2675,Grade 6 - National,70854,78241,Manager - Teachers' Pension Scheme Grade 6 PT (Position Vacate:31/12/2025)-North East,0.6,Other,North East
19,Department for Education,Department for Education,CSC Looked After Children Placements,DFE-2582,Senior Executive Officer - National,42806,47047,Senior Executive Officer - CSC Looked After Children Placements SEO-North East,1.0,Other,North East
20,Department for Education,Department for Education,Operational Excellence,DFE-2292,Grade 6 - National,70854,78241,Manager - Operational Excellence Grade 6-North East,1.0,Other,North East
21,Department for Education,Department for Education,Attendance,DFE-2533,Senior Executive Officer - National,42806,47047,Senior Executive Officer - Attendance SEO-West Midlands,1.0,Other,West Midlands
22,Department for Education,Department for Education,Specialist Restructuring,DFE-2173,EA - National,27244,27244,Executive Assistant - Specialist Restructuring EA-North East,0.7,Other,North East
23,Department for Education,Department for Education,Independent Education and School Safeguarding,DFE-2004,EO - National,31479,31479,Executive Officer - Independent Education and School Safeguarding EO-North East,12.43,Other,North East
24,Department for Education,Department for Education,"Education Estates Design, Engineering, Cost and Building Technology",DFE-2208,Grade 6 - London,74528,82869,"Manager - Education Estates Design, Engineering, Cost and Building Technology Grade 6-Unknown",57.96,Other,Unknown
25,Department for Education,Department for Education,Regions Group: South East,DFE-2439,Grade 7 - London,62336,72057,Manager - Regions Group: South East Grade 7-London,12.0,Other,London
26,Department for Education,Department for Education,Regions Group: East of England,DFE-2672,Grade 7 - London,62336,72057,Manager - Regions Group: East of England Grade 7-London,8.48,Other,London
27,Department for Education,Department for Education,"Construction Grants, Assurance and Response",DFE-2344,Grade 6 - London,74528,82869,"Manager - Construction Grants, Assurance and Response Grade 6-London",1.0,Other,London
28,Department for Education,Department for Education,"CSC Adoption, Family Justice and Alternatives to Care",DFE-2638,Grade 7 - London,62336,72057,"Manager - CSC Adoption, Family Justice and Alternatives to Care Grade 7-London",2.8,Other,London
29,Department for Education,Department for Education,Sector Skills,DFE-2620,HEO - London,40132,42699,Higher Executive Officer - Sector Skills HEO-London,2.0,Other,London
30,Department for Education,Department for Education,SFSO Central Division,DFE-2202,EO - London,35438,35438,Executive Officer - SFSO Central Division EO-London,1.0,Other,London
31,Department for Education,Department for Education,Schools System Accountability,DFE-2224,Grade 6 - London,74528,82869,Manager - Schools System Accountability Grade 6-London,3.0,Other,London
32,Department for Education,Department for Education,Regions Group: Yorkshire and the Humber,DFE-2375,Grade 7 - National,58185,67219,Manager - Regions Group: Yorkshire and the Humber Grade 7-North East,6.0,Other,North East
33,Department for Education,Department for Education,"English, Maths, Music & Arts",DFE-2418,Grade 7 - London,62336,72057,"Manager - English, Maths, Music & Arts Grade 7-London",7.37,Other,London
34,Department for Education,Department for Education,Teaching Workforce Teaching Analysis,DFE-2183,Grade 7 - London,62336,72057,Manager - Teaching Workforce Teaching Analysis Grade 7-London,8.64,Other,London
35,Department for Education,Department for Education,Education Estates Strategy and Policy Unit,DFE-2072,Grade 6 - London,74528,82869,Manager - Education Estates Strategy and Policy Unit Grade 6-London,4.0,Other,London
36,Department for Education,Department for Education,Schools Regulation and Quality,DFE-2212,Grade 6 - London,74528,82869,Manager - Schools Regulation and Quality Grade 6-London,3.0,Other,London
37,Department for Education,Department for Education,Digital Strategy,DFE-2694,Grade 7 - London,62336,72057,Manager - Digital Strategy Grade 7-London,1.0,Other,London
38,Department for Education,Department for Education,Attendance,DFE-2533,Grade 6 - London,74528,82869,Manager - Attendance Grade 6-London,1.28,Other,London
39,Department for Education,Department for Education,Financial Reporting,DFE-2454,HEO (Accountant) - London,48716,52001,Higher Executive Officer - Financial Reporting HEO-London,3.0,Other,London
40,Department for Education,Department for Education,Regions Group: Yorkshire & Humber and National CSC and BSiL,DFE-2613,HEO - London,40132,42699,Higher Executive Officer - Regions Group: Yorkshire & Humber and National CSC and BSiL HEO-London,2.0,Other,London
41,Department for Education,Department for Education,"Admissions, School Organisation, Transport",DFE-2346,Senior Executive Officer - National,42806,47047,"Senior Executive Officer - Admissions, School Organisation, Transport SEO-Yorkshire and The Humber",1.81,Other,Yorkshire and The Humber
42,Department for Education,Department for Education,Regions Group: London,DFE-2204,Grade 6 - London,74528,82869,Manager - Regions Group: London Grade 6-London,3.81,Other,London
43,Department for Education,Department for Education,Counter Extremism and Non-School Education,DFE-2398,EO - London,35438,35438,Executive Officer - Counter Extremism and Non-School Education EO-London,0.86,Other,London
44,Department for Education,Department for Education,School Strategy and System,DFE-2639,Grade 7 - National,58185,67219,Manager - School Strategy and System Grade 7-North East,2.0,Other,North East
45,Department for Education,Department for Education,Regions Group: North East,DFE-2409,HEO - National,36000,38229,Higher Executive Officer - Regions Group: North East HEO-North East,5.92,Other,North East
46,Department for Education,Department for Education,Regions Group: National,DFE-2279,Grade 7 - National,58185,67219,Manager - Regions Group: National Grade 7-Yorkshire and The Humber,9.49,Other,Yorkshire and The Humber
47,Department for Education,Department for Education,Ministerial and Public Communications Division,DFE-2249,SEO (Information Officer) - National,48999,53884,Senior Executive Officer - Ministerial and Public Communications Division SEO-Unknown,1.0,Other,Unknown
48,Department for Education,Department for Education,Technology Operations,DFE-2461,Senior Executive Officer - National,42806,47047,Senior Executive Officer - Technology Operations SEO-Yorkshire and The Humber,10.54,Other,Yorkshire and The Humber
49,Department for Education,Department for Education,Infrastructure & Platforms,DFE-2281,Grade 7 - National,58185,67219,Manager - Infrastructure & Platforms Grade 7-Yorkshire and The Humber,5.0,Other,Yorkshire and The Humber
50,Department for Education,Department for Education,Regions Group: London,DFE-2204,HEO - London,40132,42699,Higher Executive Officer - Regions Group: London HEO-East Midlands,3.0,Other,East Midlands
51,Department for Education,Department for Education,Funding Policy Unit,DFE-2009,Grade 7 - London,62336,72057,Manager - Funding Policy Unit Grade 7-London,5.21,Other,London
52,Department for Education,Department for Education,"CSC Outcomes, Care Leavers and Capital",DFE-2347,Senior Executive Officer - London,46971,51973,"Senior Executive Officer - CSC Outcomes, Care Leavers and Capital SEO-London",6.32,Other,London
53,Department for Education,Department for Education,High Quality Curriculum,DFE-2324,Grade 7 - London,62336,72057,Manager - High Quality Curriculum Grade 7-London,2.44,Other,London
54,Department for Education,Department for Education,Teacher Training and Recruitment,DFE-2541,Senior Executive Officer - London,46971,51973,Senior Executive Officer - Teacher Training and Recruitment SEO-London,5.0,Other,London
55,Department for Education,Department for Education,Regions Group: East of England,DFE-2672,Grade 6 - London,74528,82869,Manager - Regions Group: East of England Grade 6-London,3.0,Other,London
56,Department for Education,Department for Education,Early Years Markets and Strategy,DFE-2644,Grade 7 - National,58185,67219,Manager - Early Years Markets and Strategy Grade 7-Yorkshire and The Humber,1.69,Other,Yorkshire and The Humber
57,Department for Education,Department for Education,Enterprise Data for Insight,DFE-2392,Senior Executive Officer - National,42806,47047,Senior Executive Officer - Enterprise Data for Insight SEO-North East,3.81,Other,North East
58,Department for Education,Department for Education,CSC Child Protection and Safeguarding,DFE-2337,Senior Executive Officer - London,46971,51973,Senior Executive Officer - CSC Child Protection and Safeguarding SEO (Position Vacate:31/12/2025)-London,1.0,Other,London
59,Department for Education,Department for Education,"Construction Programme Management, Planning and Assurance",DFE-2623,HEO - London,40132,42699,"Higher Executive Officer - Construction Programme Management, Planning and Assurance HEO-London",1.0,Other,London
60,Department for Education,Department for Education,Digital Delivery - Schools,DFE-2664,HEO - London,40132,42699,Higher Executive Officer - Digital Delivery - Schools HEO-London,2.0,Other,London
61,Department for Education,Department for Education,Digital Delivery - Vulnerable Families & Children,DFE-2503,Senior Executive Officer - National,42806,47047,Senior Executive Officer - Digital Delivery - Vulnerable Families & Children SEO (Position Vacate:06/10/2025)-North West,1.0,Other,North West
62,Department for Education,Department for Education,"HR Business Partners, Workforce Skills and Strategy",DFE-2681,HEO - National,36000,38229,"Higher Executive Officer - HR Business Partners, Workforce Skills and Strategy HEO-Yorkshire and The Humber",0.81,Other,Yorkshire and The Humber
63,Department for Education,Skills England,Regions,DFE-2197,Senior Executive Officer - National,42806,47047,Senior Executive Officer - Regions SEO-Yorkshire and The Humber,3.0,Other,Yorkshire and The Humber
64,Department for Education,Department for Education,Independent Education and School Safeguarding,DFE-2004,Grade 7 - National,58185,67219,Manager - Independent Education and School Safeguarding Grade 7-North East,6.91,Other,North East
65,Department for Education,Department for Education,"Financial Business Partnering: Schools, Families, Regions and Hub",DFE-2151,Grade 6 - National,70854,78241,"Manager - Financial Business Partnering: Schools, Families, Regions and Hub Grade 6-North East",1.0,Other,North East
66,Department for Education,Department for Education,Ministerial and Public Communications Division,DFE-2249,Grade 7 - National,58185,67219,Manager - Ministerial and Public Communications Division Grade 7-North West,2.0,Other,North West
67,Department for Education,Department for Education,Regions Group: East Midlands,DFE-2022,Grade 6 - National,70854,78241,Manager - Regions Group: East Midlands Grade 6-Yorkshire and The Humber,4.29,Other,Yorkshire and The Humber
68,Department for Education,Department for Education,Operations and Infrastructure Group,DFE-2536,Senior Executive Officer - National,42806,47047,Senior Executive Officer - Commercial School Resource Management (Protected) SEO-North West,6.8,Other,North West
69,Department for Education,Department for Education,"CSC Adoption, Family Justice and Alternatives to Care",DFE-2638,HEO - National,36000,38229,"Higher Executive Officer - CSC Adoption, Family Justice and Alternatives to Care HEO-North East",1.0,Other,North East
70,Department for Education,Department for Education,Digital Delivery - Funding Services,DFE-2610,Grade 7 - London,62336,72057,Manager - Digital Delivery - Schools Grade 7-London,8.0,Other,London
71,Department for Education,Department for Education,Teacher Training and Recruitment,DFE-2541,HEO - London,40132,42699,Higher Executive Officer - Teacher Training and Recruitment HEO-London,3.0,Other,London
72,Department for Education,Department for Education,Technical Education & Qualification Reforms,DFE-2093,Grade 7 - National,58185,67219,Manager - Technical Education & Qualification Reform​s Grade 7-Yorkshire and The Humber,2.0,Other,Yorkshire and The Humber
73,Department for Education,Department for Education,CSC Strategy and Care System,DFE-2671,EO - London,35438,35438,Executive Officer - CSC Portfolio and Funding EO (Position Vacate:15/10/2025)-London,0.62,Other,London
74,Department for Education,Department for Education,Private Office,DFE-2698,EO - London,35438,35438,Executive Officer - Private Office EO-London,9.0,Other,London
75,Department for Education,Department for Education,Families Analysis,DFE-2152,SEO (Senior Research Officer) - National,48999,53884,Senior Executive Officer - Families Analysis SEO-Yorkshire and The Humber,9.77,Other,Yorkshire and The Humber
76,Department for Education,Department for Education,Enterprise Data for Access and Sharing,DFE-2658,Senior Executive Officer - National,42806,47047,Senior Executive Officer - Enterprise Data for Access and Sharing SEO-North West,6.0,Other,North West
77,Department for Education,Department for Education,Supporting and Rewarding Teachers and Leaders,DFE-2637,Grade 7 - London,62336,72057,Manager - Supporting and Rewarding Teachers and Leaders Grade 7-London,10.3,Other,London
78,Department for Education,Department for Education,London & South East Place Based Team,DFE-2489,Grade 6 - London,74528,82869,Manager - London & South East Place Based Team Grade 6-London,3.0,Other,London
79,Department for Education,Department for Education,Operations and Infrastructure Group,DFE-2536,Senior Executive Officer - National,42806,47047,Senior Executive Officer - Commercial Specialist - Skills SEO-Yorkshire and The Humber,2.0,Other,Yorkshire and The Humber
80,Department for Education,Department for Education,SFSO Operational Delivery - South,DFE-2085,Grade 7 - London,62336,72057,Manager - SFSO Operational Delivery - South Grade 7-London,8.8,Other,London
81,Department for Education,Department for Education,High Quality Curriculum,DFE-2324,Senior Executive Officer - London,46971,51973,Senior Executive Officer - High Quality Curriculum SEO-London,3.66,Other,London
82,Department for Education,Department for Education,"Growth and Skills Levy, Strategy and Engagement",DFE-2642,Senior Executive Officer - London,46971,51973,"Senior Executive Officer - Growth and Skills Levy, Strategy and Engagement SEO-London",4.0,Other,London
83,Department for Education,Department for Education,Financial Reporting,DFE-2454,Senior Executive Officer - London,46971,51973,Senior Executive Officer - Financial Reporting SEO-London,6.0,Other,London
84,Department for Education,Department for Education,Local Accountability and Improvement,DFE-2383,Grade 6 - National,70854,78241,Manager - Local Accountability and Improvement Grade 6-Yorkshire and The Humber,2.0,Other,Yorkshire and The Humber
85,Department for Education,Department for Education,Technology Operations,DFE-2461,Senior Executive Officer - London,46971,51973,Senior Executive Officer - Data Protection Office SEO-London,2.0,Other,London
86,Department for Education,Department for Education,"CSC Adoption, Family Justice and Alternatives to Care",DFE-2638,Senior Executive Officer - National,42806,47047,"Senior Executive Officer - CSC Adoption, Family Justice and Alternatives to Care SEO-Yorkshire and The Humber",5.6,Other,Yorkshire and The Humber
87,Department for Education,Department for Education,Delivery Unit,DFE-2501,HEO - London,40132,42699,Higher Executive Officer - Delivery Unit HEO-London,1.0,Other,London
88,Department for Education,Department for Education,"Early Years Quality, Recovery and Welfare",DFE-2240,Senior Executive Officer - London,46971,51973,"Senior Executive Officer - Early Years Quality, Recovery and Welfare SEO-London",4.64,Other,London
89,Department for Education,Department for Education,"Construction Delivery North East, Yorkshire Humber and East Midlands",DFE-2603,Grade 6 - National,70854,78241,"Manager - Construction Delivery North East, Yorkshire Humber and East Midlands Grade 6-Unknown",21.81,Other,Unknown
90,Department for Education,Department for Education,Regions Group: East of England,DFE-2672,Senior Executive Officer - London,46971,51973,Senior Executive Officer - Regions Group: East of England SEO-London,6.85,Other,London
91,Department for Education,Department for Education,SFSO Central Division,DFE-2202,HEO - London,40132,42699,Higher Executive Officer - SFSO Central Division HEO-London,1.0,Other,London
92,Department for Education,Department for Education,Technology Operations,DFE-2461,SEO (Information Officer) - National,48999,53884,Senior Executive Officer - Data Protection Office SEO-Yorkshire and The Humber,4.9,Other,Yorkshire and The Humber
93,Department for Education,Department for Education,Ministerial and Public Communications Division,DFE-2249,EO - London,35438,35438,Executive Officer - Ministerial and Public Communications Division EO-London,17.8,Other,London
94,Department for Education,Department for Education,"FE Support, Improvement and Provider Engagement",DFE-2394,Grade 7 - London,62336,72057,"Manager - FE Support, Improvement and Provider Engagement Grade 7-London",3.0,Other,London
95,Department for Education,Department for Education,CSC Data and Digital,DFE-2010,Grade 7 - London,62336,72057,Manager - CSC Data and Digital Grade 7-London,4.82,Other,London
96,Department for Education,Department for Education,T - Level Policy,DFE-2542,Grade 7 - London,62336,72057,Manager - T - Level Delivery ​ Grade 7-London,6.0,Other,London
97,Department for Education,Department for Education,Regions Group: East Midlands,DFE-2144,Grade 7 - National,58185,67219,Manager - Regions Group: East Midlands Grade 7-Yorkshire and The Humber,8.8,Other,Yorkshire and The Humber
98,Department for Education,Department for Education,Operational Excellence,DFE-2292,EO - National,31479,31479,Executive Officer - Operational Excellence EO-North East,1.0,Other,North East
99,Department for Education,Department for Education,Regions Group: East of England,DFE-2672,HEO - London,40132,42699,Higher Executive Officer - Regions Group: East of England HEO-London,7.0,Other,London
100,Department for Education,Department for Education,Specialist Restructuring,DFE-2173,SEO (Accountant) - National,49615,54551,Senior Executive Officer - Specialist Restructuring SEO-North East,0.69,Other,North East
101,Department for Education,Department for Education,Construction Delivery South East and London,DFE-2673,Grade 6 - London,74528,82869,Manager - Construction Delivery South East and London Grade 6-Unknown,18.4,Other,Unknown
102,Department for Education,Department for Education,Technology Operations,DFE-2461,Senior Executive Officer - National,42806,47047,Senior Executive Officer - Knowledge and Information Management SEO-Yorkshire and The Humber,1.0,Other,Yorkshire and The Humber
103,Department for Education,Department for Education,Regions Group: National,DFE-2279,Senior Executive Officer - National,42806,47047,Senior Executive Officer - Regions Group: National SEO-Yorkshire and The Humber,14.56,Other,Yorkshire and The Humber
104,Department for Education,Department for Education,Central Analysis Unit,DFE-2238,Grade 7 - National,58185,67219,Manager - Central Analysis Unit Grade 7-Yorkshire and The Humber,5.61,Other,Yorkshire and The Humber
105,Department for Education,Department for Education,"CSC Adoption, Family Justice and Alternatives to Care",DFE-2638,EO - National,31479,31479,"Executive Officer - CSC Adoption, Family Justice and Alternatives to Care EO-Yorkshire and The Humber",1.49,Other,Yorkshire and The Humber
106,Department for Education,Department for Education,Regions Group: London,DFE-2204,Senior Executive Officer - London,46971,51973,Senior Executive Officer - Regions Group: London SEO-London,12.25,Other,London
107,Department for Education,Department for Education,Digital Delivery - Regions,DFE-2327,Grade 7 - National,58185,67219,Manager - Digital Delivery - Regions Grade 7-Yorkshire and The Humber,2.0,Other,Yorkshire and The Humber
108,Department for Education,Department for Education,DDT Incubator,DFE-2475,EO - London,35438,35438,Executive Officer - DDT Incubator EO-London,1.0,Other,London
109,Department for Education,Department for Education,Schools System Accountability,DFE-2224,Senior Executive Officer - London,46971,51973,Senior Executive Officer - Schools System Accountability SEO-London,3.0,Other,London
110,Department for Education,Department for Education,"Growth and Skills Levy, Strategy and Engagement",DFE-2642,Grade 6 - National,70854,78241,"Manager - Growth and Skills Levy, Strategy and Engagement Grade 6-Yorkshire and The Humber",1.0,Other,Yorkshire and The Humber
111,Department for Education,Department for Education,Life Skills,DFE-2456,Grade 7 - National,58185,67219,Manager - Life Skills Grade 7-Yorkshire and The Humber,1.75,Other,Yorkshire and The Humber
112,Department for Education,Department for Education,Specialist Sector Reform,DFE-2353,Senior Executive Officer - National,42806,47047,Senior Executive Officer - Specialist Sector Reform SEO-Yorkshire and The Humber,0.81,Other,Yorkshire and The Humber
113,Department for Education,Department for Education,Regions Group: Yorkshire & Humber and National CSC and BSiL,DFE-2613,Grade 7 - London,62336,72057,Manager - Regions Group: Yorkshire & Humber and National CSC and BSiL Grade 7-London,1.8,Other,London
114,Department for Education,Department for Education,Central & South West Place Based Team,DFE-2508,Grade 7 - National,58185,67219,Manager - Central & South West Place Based Team Grade 7-Unknown,12.36,Other,Unknown
115,Department for Education,Department for Education,Regions Group: North West,DFE-2514,Grade 7 - National,58185,67219,Manager - Regions Group: North West Grade 7-North West,11.7,Other,North West
116,Department for Education,Department for Education,Skills Policy Analysis​,DFE-2520,SEO (Statistical Officer) - London,52799,58810,Senior Executive Officer - Skills Policy Analysis​ SEO-London,9.9,Other,London
117,Department for Education,Department for Education,Enterprise Data for Insight,DFE-2392,Grade 6 - National,70854,78241,Manager - Enterprise Data for Insight Grade 6-East Of England,1.0,Other,East Of England
118,Department for Education,Department for Education,Schools Digital,DFE-2504,Grade 7 - National,58185,67219,Manager - Schools Digital Grade 7-Yorkshire and The Humber,12.0,Other,Yorkshire and The Humber
119,Department for Education,Department for Education,Regions Group: National,DFE-2021,Senior Executive Officer - London,46971,51973,Senior Executive Officer - Regions Group: National Grade 7-London,1.0,Other,London
120,Department for Education,Department for Education,Regions Group: National,DFE-2021,EO - London,35438,35438,Executive Officer - Regions Group: National EO-London,3.0,Other,London
121,Department for Education,Department for Education,Specialist Sector Reform,DFE-2353,HEO - London,40132,42699,Higher Executive Officer - Specialist Sector Reform EO-London,1.0,Other,London
122,Department for Education,Department for Education,"CSC Outcomes, Care Leavers and Capital",DFE-2347,HEO - London,40132,42699,"Higher Executive Officer - CSC Outcomes, Care Leavers and Capital HEO-London",1.69,Other,London
123,Department for Education,Department for Education,Technology Directorate,DFE-2553,EO - London,35438,35438,Executive Officer - Data Protection Office EO-London,0.58,Other,London
124,Department for Education,Department for Education,"Financial Business Partnering: Skills, OIG and Strategy",DFE-2652,SEO (Accountant) - London,54100,59478,"Senior Executive Officer - Financial Business Partnering: Skills, OIG and Strategy SEO-London",1.0,Other,London
125,Department for Education,Department for Education,Regions Group: South East,DFE-2439,Grade 6 - London,74528,82869,Manager - Regions Group: South East Grade 6-London,4.0,Other,London
126,Department for Education,Department for Education,"Construction Delivery North East, Yorkshire Humber and East Midlands",DFE-2603,Grade 7 - National,58185,67219,"Manager - Construction Delivery North East, Yorkshire Humber and East Midlands Grade 7-Unknown",23.37,Other,Unknown
127,Department for Education,Department for Education,"Behaviour, Exclusions and School Food",DFE-2662,Senior Executive Officer - National,42806,47047,"Senior Executive Officer - Behaviour, Exclusions and School Food SEO-North East",1.81,Other,North East
128,Department for Education,Department for Education,"Admissions, School Organisation, Transport",DFE-2346,Grade 6 - London,74528,82869,"Manager - Admissions, School Organisation, Transport Grade 6-London",3.0,Other,London
129,Department for Education,Department for Education,"Construction Delivery East England, South West and London",DFE-2003,Grade 6 - London,74528,82869,"Manager - Construction Delivery East England, South West and London Grade 6-London",3.86,Other,London
130,Department for Education,Department for Education,Higher Education Strategy and Portfolio,DFE-2239,Senior Executive Officer - National,42806,47047,Senior Executive Officer - Higher Education Strategy and Portfolio SEO-North West,2.91,Other,North West
131,Department for Education,Department for Education,Regions Group: East of England,DFE-2672,Grade 6 - National,70854,78241,Manager - Regions Group: East of England Grade 6-East Of England,0.89,Other,East Of England
132,Department for Education,Department for Education,North Place Based Team & ESF,DFE-2332,Senior Executive Officer - National,42806,47047,Senior Executive Officer - North Place Based Team & ESF SEO-Unknown,3.0,Other,Unknown
133,Department for Education,Department for Education,CSC Serious Incidents and National Safeguarding Panel,DFE-2299,HEO - London,40132,42699,Higher Executive Officer - CSC Serious Incidents and National Safeguarding Panel HEO-London,1.53,Other,London
134,Department for Education,Department for Education,"Behaviour, Exclusions and School Food",DFE-2662,Senior Executive Officer - London,46971,51973,"Senior Executive Officer - Behaviour, Exclusions and School Food SEO-London",4.8,Other,London
135,Department for Education,Department for Education,Independent Market Oversight,DFE-2507,Grade 7 - National,58185,67219,Manager - Independent Market Oversight Grade 7-Unknown,9.76,Other,Unknown
136,Department for Education,Department for Education,Regions Group: East of England,DFE-2672,HEO - National,36000,38229,Higher Executive Officer - Regions Group: East of England HEO-East Of England,4.12,Other,East Of England
137,Department for Education,Department for Education,"HR Organisation Design, Development & Engagement",DFE-2407,HEO - National,36000,38229,"Higher Executive Officer - HR Organisation Design, Development & Engagement HEO-North West",0.81,Other,North West
138,Department for Education,Standard and Testing Agency,Assessment Research and Development,DFE-2535,HEO - National,36000,38229,Higher Executive Officer - Assessment Research and Development HEO-West Midlands,5.02,Other,West Midlands
139,Department for Education,Department for Education,School Strategy and System,DFE-2639,Grade 7 - National,58185,67219,Manager - School Strategy and System Grade 7-Yorkshire and The Humber,4.45,Other,Yorkshire and The Humber
140,Department for Education,Department for Education,Digital Delivery - Funding Services,DFE-2610,Grade 7 - National,58185,67219,Manager - Digital Delivery - Schools Grade 7-Unknown,1.0,Other,Unknown
141,Department for Education,Department for Education,Central Capital Unit,DFE-2228,Grade 6 - London,74528,82869,Manager - Central Capital Unit Grade 6-London,2.0,Other,London
142,Department for Education,Department for Education,Operations and Infrastructure Group,DFE-2536,EO - National,31479,31479,Executive Officer - Commercial Specialist - Schools EO-West Midlands,1.0,Other,West Midlands
143,Department for Education,Department for Education,Customer Experience & Design,DFE-2478,HEO - National,36000,38229,Higher Executive Officer - Customer Experience & Design HEO-West Midlands,2.0,Other,West Midlands
144,Department for Education,Department for Education,Construction Delivery North West and West Midlands,DFE-2646,Grade 6 - National,70854,78241,Manager - Construction Delivery North West and West Midlands Grade 6-Unknown,20.59,Other,Unknown
145,Department for Education,Department for Education,Construction Delivery South East and London,DFE-2222,Grade 6 - National,70854,78241,"Manager - Construction Programme Management, Planning and Assurance Grade 6-North West",1.0,Other,North West
146,Department for Education,Department for Education,SFSO Central Division,DFE-2202,Grade 6 - National,70854,78241,Manager - SFSO Central Division Grade 6-East Midlands,2.0,Other,East Midlands
147,Department for Education,Department for Education,Education Estates Data Collection and Analysis,DFE-2627,Grade 7 - National,58185,67219,Manager - Education Estates Data Collection and Analysis Grade 7-North West,2.0,Other,North West
148,Department for Education,Department for Education,Social Justice and Disadvantage,DFE-2519,Grade 7 - London,62336,72057,Manager - Social Justice and Disadvantage Grade 7-London,3.45,Other,London
149,Department for Education,Department for Education,Strategy and Portfolio,DFE-2277,Grade 7 - London,62336,72057,Manager - Strategy and Portfolio Grade 7-London,3.0,Other,London
150,Department for Education,Department for Education,Teacher Training and Recruitment,DFE-2541,Senior Executive Officer - National,42806,47047,Senior Executive Officer - Teacher Training and Recruitment SEO-North West,7.0,Other,North West
151,Department for Education,Department for Education,Regions Group: National,DFE-2021,Grade 7 - National,58185,67219,Manager - Regions Group: National Grade 7-North East,2.0,Other,North East
152,Department for Education,Department for Education,Assurance,DFE-2192,Grade 7 - National,58185,67219,Manager - Assurance Grade 7-North West,1.0,Other,North West
153,Department for Education,Department for Education,Technology Operations,DFE-2461,EO - National,31479,31479,Executive Officer - Technology Operations EO-North East,2.0,Other,North East
154,Department for Education,Department for Education,Enterprise Data for Access and Sharing,DFE-2658,HEO - London,40132,42699,Higher Executive Officer - Enterprise Data for Access and Sharing HEO-London,0.6,Other,London
155,Department for Education,Department for Education,Supporting and Rewarding Teachers and Leaders,DFE-2637,HEO - London,40132,42699,Higher Executive Officer - Supporting and Rewarding Teachers and Leaders HEO-London,1.0,Other,London
156,Department for Education,Department for Education,Strategic Policy Directorate (SPD),DFE-2517,EO - London,35438,35438,Executive Officer - Strategic Policy Directorate (SPD) - Directorate Support Team EO-London,3.55,Other,London
157,Department for Education,Department for Education,International Strategy & Partnerships,DFE-2432,Senior Executive Officer - London,46971,51973,Senior Executive Officer - International Evidence and Trade SEO-London,2.0,Other,London
158,Department for Education,Department for Education,Counter Extremism and Non-School Education,DFE-2398,Grade 6 - National,70854,78241,Manager - Counter Extremism and Non-School Education Grade 6-Yorkshire and The Humber,1.0,Other,Yorkshire and The Humber
159,Department for Education,Department for Education,Regions Group: London,DFE-2204,Grade 7 - London,62336,72057,Manager - Regions Group: London Grade 7-London,14.01,Other,London
160,Department for Education,Department for Education,Regions Group: North West,DFE-2514,Senior Executive Officer - National,42806,47047,Senior Executive Officer - Regions Group: North West SEO-North West,10.13,Other,North West
161,Department for Education,Department for Education,Education Estates Private Finance,DFE-2211,Senior Executive Officer - National,42806,47047,Senior Executive Officer - Education Estates Private Finance SEO-Unknown,2.0,Other,Unknown
162,Department for Education,Department for Education,CSC Strategy and System,DFE-2401,Grade 6 - National,70854,78241,Manager - CSC Strategy and System Grade 6-North East,0.6,Other,North East
163,Department for Education,Department for Education,Regions Group: North East,DFE-2409,Grade 7 - National,58185,67219,Manager - Regions Group: North East Grade 7-North East,5.75,Other,North East
164,Department for Education,Department for Education,CSC Looked After Children Placements,DFE-2582,Senior Executive Officer - National,42806,47047,Senior Executive Officer - CSC Looked After Children Placements SEO-North West,2.0,Other,North West
165,Department for Education,Department for Education,Specialist Sector Reform,DFE-2353,Senior Executive Officer - National,42806,47047,Senior Executive Officer - Specialist Sector Reform SEO-West Midlands,0.54,Other,West Midlands
166,Department for Education,Department for Education,Ministerial and Public Communications Division,DFE-2249,EO - National,31479,31479,Executive Officer - Ministerial and Public Communications Division EO-North West,6.53,Other,North West
167,Department for Education,Department for Education,CSC Serious Incidents and National Safeguarding Panel,DFE-2299,Grade 6 - London,74528,82869,Manager - CSC Serious Incidents and National Safeguarding Panel Grade 6-London,1.2,Other,London
168,Department for Education,Department for Education,CSC Child Protection and Safeguarding,DFE-2337,Senior Executive Officer - National,42806,47047,Senior Executive Officer - CSC Child Protection and Safeguarding SEO-North West,2.0,Other,North West
169,Department for Education,Department for Education,FE Provider Infrastructure,DFE-2387,Grade 7 - London,62336,72057,Manager - FE Provider Infrastructure Grade 7-London,2.6,Other,London
170,Department for Education,Department for Education,Life Skills,DFE-2456,Grade 6 - London,74528,82869,Manager - Life Skills Grade 6-London,2.0,Other,London
171,Department for Education,Department for Education,FE Workforce,DFE-2668,Grade 7 - National,58185,67219,Manager - FE Workforce Grade 7-West Midlands,1.91,Other,West Midlands
172,Department for Education,Standard and Testing Agency,"Standards, Testing and Regulation Directorate",DFE-2135,Senior Executive Officer - National,42806,47047,Senior Executive Officer - Assessment Operations and Services SEO-West Midlands,4.56,Other,West Midlands
173,Department for Education,Department for Education,Schools Digital,DFE-2504,Grade 6 - London,74528,82869,Manager - Schools Digital Grade 6-London,5.0,Other,London
174,Department for Education,Standard and Testing Agency,Assessment Research and Development,DFE-2535,Senior Executive Officer - London,46971,51973,Senior Executive Officer - Assessment Research and Development SEO-London,8.99,Other,London
175,Department for Education,Department for Education,Rapid Response Co-ordination,DFE-2382,Grade 7 - National,58185,67219,Manager - Rapid Response Co-ordination Grade 7-West Midlands,4.0,Other,West Midlands
176,Department for Education,Department for Education,Schools and Funding Analysis,DFE-2567,SEO (Statistical Officer) - London,52799,58810,Senior Executive Officer - Schools and Funding Analysis SEO-London,10.8,Other,London
177,Department for Education,Standard and Testing Agency,"Standards, Testing and Regulation Directorate",DFE-2135,Grade 7 - National,58185,67219,Manager - Assessment Operations and Services Grade 7-West Midlands,5.74,Other,West Midlands
178,Department for Education,Department for Education,"HR Business Partners, Workforce Skills and Strategy",DFE-2681,Grade 7 - London,62336,72057,"Manager - HR Business Partners, Workforce Skills and Strategy Grade 7-London",3.0,Other,London
179,Department for Education,Department for Education,Careers,DFE-2653,Grade 7 - National,58185,67219,Manager - Careers Grade 7-West Midlands,4.67,Other,West Midlands
180,Department for Education,Department for Education,London & South East Place Based Team,DFE-2489,Grade 7 - London,62336,72057,Manager - London & South East Place Based Team Grade 7-London,4.0,Other,London
181,Department for Education,Department for Education,Enterprise Data for Insight,DFE-2392,Grade 7 - London,62336,72057,Manager - Enterprise Data for Insight Grade 7-London,6.0,Other,London
182,Department for Education,Standard and Testing Agency,Assessment Research and Development,DFE-2535,Grade 7 - National,58185,67219,Manager - Assessment Research and Development Grade 7-West Midlands,4.0,Other,West Midlands
183,Department for Education,Standard and Testing Agency,"Standards, Testing and Regulation Directorate",DFE-2135,Grade 6 - National,70854,78241,Manager - Assessment Operations and Services Grade 6-West Midlands,1.79,Other,West Midlands
184,Department for Education,Standard and Testing Agency,STA Assessment DDaT,DFE-2607,Grade 6 - National,70854,78241,Manager - STA Assessment DDaT Grade 6-West Midlands,1.0,Other,West Midlands
185,Department for Education,Teaching Regulation Agency,Teaching Regulation Agency,DFE-2215,Grade 7 - National,58185,67219,Manager - Teaching Regulation Agency Grade 7-West Midlands,4.81,Other,West Midlands
186,Department for Education,Standard and Testing Agency,Assessment Research and Development,DFE-2535,Grade 6 - London,74528,82869,Manager - Assessment Research and Development Grade 6-London,3.0,Other,London
187,Department for Education,Standard and Testing Agency,Assessment Research and Development,DFE-2535,Senior Executive Officer - National,42806,47047,Senior Executive Officer - Assessment Research and Development SEO-West Midlands,8.6,Other,West Midlands
188,Department for Education,Department for Education,"Construction Grants, Assurance and Response",DFE-2344,HEO - National,36000,38229,"Higher Executive Officer - Construction Grants, Assurance and Response HEO-West Midlands",3.0,Other,West Midlands
189,Department for Education,Department for Education,"FE Support, Improvement and Provider Engagement",DFE-2394,Senior Executive Officer - National,42806,47047,"Senior Executive Officer - FE Support, Improvement and Provider Engagement SEO-West Midlands",4.0,Other,West Midlands
190,Department for Education,Department for Education,T - Level Policy,DFE-2542,Grade 6 - National,70854,78241,Manager - T - Level Policy​ Grade 6-West Midlands,1.0,Other,West Midlands
191,Department for Education,Department for Education,Infrastructure & Platforms,DFE-2281,Grade 7 - National,58185,67219,Manager - Infrastructure & Platforms Grade 7-West Midlands,10.8,Other,West Midlands
192,Department for Education,Department for Education,Higher Education Quality and Regulation,DFE-2649,Grade 6 - London,74528,82869,Manager - Higher Education Quality and Regulation Grade 6-London,3.0,Other,London
193,Department for Education,Department for Education,Insight and Statistics,DFE-2400,Grade 7 - National,58185,67219,Manager - Insight and Statistics Grade 7-Yorkshire and The Humber,8.66,Other,Yorkshire and The Humber
194,Department for Education,Department for Education,Insight and Statistics,DFE-2400,HEO (Higher Statistical Officer) - National,40044,42778,Higher Executive Officer - Insight and Statistics HEO-North East,3.0,Other,North East
195,Department for Education,Department for Education,Supporting and Rewarding Teachers and Leaders,DFE-2637,Senior Executive Officer - National,42806,47047,Senior Executive Officer - Supporting and Rewarding Teachers and Leaders SEO-East Midlands,2.78,Other,East Midlands
196,Department for Education,Department for Education,Supporting and Rewarding Teachers and Leaders,DFE-2637,Grade 7 - National,58185,67219,Manager - Supporting and Rewarding Teachers and Leaders Grade 7-East Midlands,1.81,Other,East Midlands
197,Department for Education,Department for Education,Schools Regulation and Quality,DFE-2212,Senior Executive Officer - London,46971,51973,Senior Executive Officer - Schools Regulation and Quality SEO-London,4.0,Other,London
198,Department for Education,Department for Education,Technology Operations,DFE-2461,Grade 7 - National,58185,67219,Manager - Technology Operations Grade 7-West Midlands,8.0,Other,West Midlands
199,Department for Education,Department for Education,Cyber and Information Security (CISO),DFE-2485,Senior Executive Officer - National,42806,47047,Senior Executive Officer - Cyber and Information Security (CISO) SEO-West Midlands,2.0,Other,West Midlands
200,Department for Education,Department for Education,"CSC Outcomes, Care Leavers and Capital",DFE-2347,Grade 6 - London,74528,82869,"Manager - CSC Outcomes, Care Leavers and Capital Grade 6-Unknown",1.0,Other,Unknown
201,Department for Education,Department for Education,"Early Years Quality, Recovery and Welfare",DFE-2240,Grade 6 - National,70854,78241,"Manager - Early Years Quality, Recovery and Welfare Grade 6-Yorkshire and The Humber",2.19,Other,Yorkshire and The Humber
202,Department for Education,Department for Education,Teaching Workforce Teaching Analysis,DFE-2183,Grade 7 - National,58185,67219,Manager - Teaching Workforce Teaching Analysis Grade 7-North East,1.0,Other,North East
203,Department for Education,Department for Education,Rapid Response Co-ordination,DFE-2382,Senior Executive Officer - National,42806,47047,Senior Executive Officer - Rapid Response Co-ordination SEO-West Midlands,4.0,Other,West Midlands
204,Department for Education,Department for Education,Counter Fraud  and Prevention,DFE-2290,Senior Executive Officer - National,42806,47047,Senior Executive Officer - Counter Fraud and Prevention SEO-Unknown,1.0,Other,Unknown
205,Department for Education,Department for Education,Skills Strategy and Engagement,DFE-2596,Senior Executive Officer - National,42806,47047,Senior Executive Officer - Sector Skills SEO-West Midlands,1.0,Other,West Midlands
206,Department for Education,Department for Education,Schools Digital,DFE-2504,Grade 7 - London,62336,72057,Manager - Schools Digital Grade 7-London,20.0,Other,London
207,Department for Education,Department for Education,Technology Operations,DFE-2461,HEO - National,36000,38229,Higher Executive Officer - Technology Operations HEO-Yorkshire and The Humber,9.09,Other,Yorkshire and The Humber
208,Department for Education,Department for Education,Operations and Infrastructure Group,DFE-2536,Grade 7 - National,58185,67219,Manager - Schools Commercial Strategy Grade 7-East Midlands,1.0,Other,East Midlands
209,Department for Education,Department for Education,Regions Group: South West,DFE-2661,Grade 7 - National,58185,67219,Manager - Regions Group: South West Grade 7-Unknown,0.9,Other,Unknown
210,Department for Education,Department for Education,"Admissions, School Organisation, Transport",DFE-2346,Grade 7 - London,62336,72057,"Manager - Admissions, School Organisation, Transport Grade 7-London",1.6,Other,London
211,Department for Education,Department for Education,Careers,DFE-2653,Senior Executive Officer - National,42806,47047,Senior Executive Officer - Careers SEO-North East,2.0,Other,North East
212,Department for Education,Department for Education,Regions Group: West Midlands,DFE-2406,Grade 7 - National,58185,67219,Manager - Regions Group: West Midlands Grade 7-West Midlands,8.93,Other,West Midlands
213,Department for Education,Department for Education,Childcare Reform Delivery & Directorate Support,DFE-2576,Grade 6 - National,70854,78241,Manager - Childcare Reform Delivery & Directorate Support Grade 6-West Midlands,2.0,Other,West Midlands
214,Department for Education,Department for Education,Enterprise Data for Insight,DFE-2392,Grade 7 - National,58185,67219,Manager - Enterprise Data for Insight Grade 7-North West,5.0,Other,North West
215,Department for Education,Department for Education,Teachers' Pension Scheme,DFE-2675,Grade 6 - National,70854,78241,Manager - Teachers' Pension Scheme Grade 6-North East,2.0,Other,North East
216,Department for Education,Department for Education,Operational Excellence,DFE-2292,SEO (Scientific Officer) - London,52799,58810,Senior Executive Officer - Operational Excellence SEO-London,6.32,Other,London
217,Department for Education,Department for Education,Higher Education Analysis,DFE-2632,Grade 6 - National,70854,78241,Manager - HE Analysis Grade 6-Yorkshire and The Humber,1.0,Other,Yorkshire and The Humber
218,Department for Education,Department for Education,Advanced Analytics Division,DFE-2557,Grade 6 - National,70854,78241,Manager - Advanced Analytics Grade 6-Yorkshire and The Humber,2.0,Other,Yorkshire and The Humber
219,Department for Education,Department for Education,"Breakfast Clubs, Wraparound Childcare and HAF",DFE-2544,Grade 7 - London,62336,72057,"Manager - Breakfast Clubs, Wraparound Childcare and HAF Grade 7-London",4.8,Other,London
220,Department for Education,Department for Education,CSC Serious Incidents and National Safeguarding Panel,DFE-2299,EO - National,31479,31479,Executive Officer - CSC Serious Incidents and National Safeguarding Panel EO-Yorkshire and The Humber,1.0,Other,Yorkshire and The Humber
221,Department for Education,Department for Education,"CSC Adoption, Family Justice and Alternatives to Care",DFE-2638,Grade 6 - London,74528,82869,"Manager - CSC Adoption, Family Justice and Alternatives to Care Grade 6-London",1.0,Other,London
222,Department for Education,Department for Education,Skills Strategy and Delivery,DFE-2570,Grade 7 - National,58185,67219,Manager - Skills Strategy and Delivery Grade 7-North West,3.0,Other,North West
223,Department for Education,Department for Education,HR Services & Specialist Advice,DFE-2001,HEO - National,36000,38229,Higher Executive Officer - HR Services & Specialist Advice HEO-West Midlands,1.67,Other,West Midlands
224,Department for Education,Department for Education,Childcare Reform Delivery & Directorate Support,DFE-2576,Grade 7 - National,58185,67219,Manager - Childcare Reform Delivery & Directorate Support Grade 7-West Midlands,3.0,Other,West Midlands
225,Department for Education,Department for Education,Regions Group: National,DFE-2021,Grade 7 - National,58185,67219,Manager - Regions Group: National Grade 7-West Midlands,2.0,Other,West Midlands
226,Department for Education,Department for Education,Enterprise Data for Insight,DFE-2392,Grade 6 - National,70854,78241,Manager - Enterprise Data for Insight Grade 6-North East,3.97,Other,North East
227,Department for Education,Department for Education,Infrastructure & Platforms,DFE-2281,Grade 6 - National,70854,78241,Manager - Infrastructure & Platforms Grade 6-West Midlands,4.0,Other,West Midlands
228,Department for Education,Department for Education,Financial Operations,DFE-2200,Grade 6 - National,70854,78241,Manager - Financial Operations Grade 6-North West,2.0,Other,North West
229,Department for Education,Department for Education,Construction Delivery South East and London,DFE-2222,Grade 7 - National,58185,67219,"Manager - Construction Programme Management, Planning and Assurance Grade 7-North West",5.0,Other,North West
230,Department for Education,Department for Education,"Construction Programme Management, Planning and Assurance",DFE-2623,Senior Executive Officer - London,46971,51973,"Senior Executive Officer - Construction Programme Management, Planning and Assurance SEO-London",1.0,Other,London
231,Department for Education,Department for Education,Independent Education and School Safeguarding,DFE-2004,Grade 6 - National,70854,78241,Manager - Independent Education and School Safeguarding Grade 6-North East,2.0,Other,North East
232,Department for Education,Department for Education,Capital Delivery,DFE-2568,Grade 7 - National,58185,67219,Manager - Construction and External Technical Services Grade 7-Unknown,5.56,Other,Unknown
233,Department for Education,Department for Education,Customer Success & Shared Service Operations,DFE-2334,Senior Executive Officer - London,46971,51973,Senior Executive Officer - Customer Success & Shared Service Operations SEO-London,0.72,Other,London
234,Department for Education,Department for Education,CSC Strategy and Care System,DFE-2671,HEO - London,40132,42699,"Higher Executive Officer - CSC Adoption, Family Justice and Alternatives to Care HEO-London",2.0,Other,London
235,Department for Education,Department for Education,HR Services & Specialist Advice,DFE-2001,Grade 7 - National,58185,67219,Manager - HR Services & Specialist Advice Grade 7-North West,1.0,Other,North West
236,Department for Education,Department for Education,Future Student Finance and Funding​,DFE-2665,Grade 6 - National,70854,78241,Manager - Future Student Finance and Funding​ Grade 6-North West,1.0,Other,North West
237,Department for Education,Department for Education,North Place Based Team & ESF,DFE-2332,Grade 7 - National,58185,67219,Manager - North Place Based Team & ESF Grade 7-Unknown,14.94,Other,Unknown
238,Department for Education,Department for Education,Technology Operations,DFE-2461,HEO - London,40132,42699,Higher Executive Officer - Data Protection Office HEO-London,1.0,Other,London
239,Department for Education,Department for Education,HR Services & Specialist Advice,DFE-2001,Grade 7 - National,58185,67219,Manager - HR Services & Specialist Advice Grade 7-West Midlands,2.0,Other,West Midlands
240,Department for Education,Department for Education,Revenue Funding and Demographic Analysis,DFE-2645,Grade 6 - National,70854,78241,Manager - Revenue Funding and Demography Analysis Grade 6-North West,1.0,Other,North West
241,Department for Education,Department for Education,"HR Organisation Design, Development & Engagement",DFE-2407,Grade 6 - National,70854,78241,"Manager - HR Organisation Design, Development & Engagement Grade 6-West Midlands",1.0,Other,West Midlands
242,Department for Education,Department for Education,Schools and Funding Analysis,DFE-2567,HEO (Higher Statistical Officer) - London,44424,47250,Higher Executive Officer - Schools and Funding Analysis HEO-London,3.0,Other,London
243,Department for Education,Department for Education,"Capability, Investments, Analysis and Reporting",DFE-2162,HEO - National,36000,38229,"Higher Executive Officer - Capability, Investments, Analysis and Reporting HEO-West Midlands",4.0,Other,West Midlands
244,Department for Education,Department for Education,Financial Reporting,DFE-2454,G7 (Accountant) - National,58437,67219,Manager - Financial Reporting Grade 7-Unknown,1.0,Other,Unknown
245,Department for Education,Department for Education,Technology Directorate,DFE-2553,Senior Executive Officer - National,42806,47047,Senior Executive Officer - DDT Central Operations SEO-West Midlands,3.64,Other,West Midlands
246,Department for Education,Department for Education,Regions Group: National,DFE-2021,HEO (Prof & Technical Officer) - National,40044,42778,Higher Executive Officer - Regions Group: National HEO-West Midlands,14.0,Other,West Midlands
247,Department for Education,Department for Education,"Financial Business Partnering: Schools, Families, Regions and Hub",DFE-2151,Senior Executive Officer - National,42806,47047,"Senior Executive Officer - Financial Business Partnering: Schools, Families, Regions and Hub SEO-West Midlands",1.0,Other,West Midlands
248,Department for Education,Department for Education,Education Estates Data Collection and Analysis,DFE-2627,Grade 7 - National,58185,67219,Manager - Education Estates Data Collection and Analysis Grade 7-East Midlands,1.0,Other,East Midlands
249,Department for Education,Department for Education,"Construction Programme Management, Planning and Assurance",DFE-2623,Senior Executive Officer - National,42806,47047,"Senior Executive Officer - Construction Programme Management, Planning and Assurance SEO-East Midlands",0.81,Other,East Midlands
250,Department for Education,Department for Education,Infrastructure & Platforms,DFE-2281,Grade 7 - National,58185,67219,Manager - Infrastructure & Platforms Grade 7-East Midlands,3.0,Other,East Midlands
251,Department for Education,Department for Education,"Breakfast Clubs, Wraparound Childcare and HAF",DFE-2544,Grade 7 - National,58185,67219,"Manager - Breakfast Clubs, Wraparound Childcare and HAF Grade 7-East Midlands",3.91,Other,East Midlands
252,Department for Education,Department for Education,"Financial Business Partnering: Schools, Families, Regions and Hub",DFE-2151,G7 (Accountant) - National,58437,67219,"Manager - Financial Business Partnering: Schools, Families, Regions and Hub Grade 7-West Midlands",2.6,Other,West Midlands
253,Department for Education,Department for Education,Teacher Training and Recruitment,DFE-2541,EO - National,31479,31479,Executive Officer - Teacher Training and Recruitment EO-East Midlands,1.5,Other,East Midlands
254,Department for Education,Department for Education,CSC Data and Digital,DFE-2010,HEO - National,36000,38229,Higher Executive Officer - CSC Portfolio and Funding HEO-East Midlands,1.0,Other,East Midlands
255,Department for Education,Department for Education,Financial Operations,DFE-2200,Grade 6 - National,70854,78241,Manager - Financial Operations Grade 6-West Midlands,1.0,Other,West Midlands
256,Department for Education,Standard and Testing Agency,Assessment Research and Development,DFE-2535,EO - National,31479,31479,Executive Officer - Assessment Research and Development EO-West Midlands,2.81,Other,West Midlands
257,Department for Education,Department for Education,Financial Operations,DFE-2200,HEO - National,36000,38229,Higher Executive Officer - Financial Operations HEO-West Midlands,16.72,Other,West Midlands
258,Department for Education,Department for Education,Rapid Response Co-ordination,DFE-2382,Senior Executive Officer - National,42806,47047,Senior Executive Officer - Rapid Response Co-ordination SEO-East Midlands,1.0,Other,East Midlands
259,Department for Education,Department for Education,Insight and Statistics,DFE-2400,SEO (Statistical Officer) - National,48999,53884,Senior Executive Officer - Insight and Statistics SEO-North East,7.26,Other,North East
260,Department for Education,Skills England,Analysis and Insights,DFE-2434,Grade 7 - National,58185,67219,Manager - Analysis and Insight Grade 7-South West,2.0,Other,South West
261,Department for Education,Department for Education,Regions Group: East of England,DFE-2672,Grade 7 - National,58185,67219,Manager - Regions Group: East of England Grade 7-East Of England,3.0,Other,East Of England
262,Department for Education,Department for Education,Higher Education Analysis,DFE-2632,SEO (Statistical Officer) - National,48999,53884,Senior Executive Officer - HE Analysis SEO-Yorkshire and The Humber,8.67,Other,Yorkshire and The Humber
263,Department for Education,Department for Education,"Capability, Investments, Analysis and Reporting",DFE-2162,G7 (Accountant) - National,58437,67219,"Manager - Capability, Investments, Analysis and Reporting Grade 7-Yorkshire and The Humber",3.0,Other,Yorkshire and The Humber
264,Department for Education,Department for Education,Funding Policy Implementation,DFE-2609,Grade 7 - National,58185,67219,Manager - Funding Policy Implementation Grade 7-North East,2.71,Other,North East
265,Department for Education,Department for Education,Stakeholder Engagement,DFE-2349,Grade 7 - National,58185,67219,Manager - Stakeholder Engagement Grade 7-Unknown,0.86,Other,Unknown
266,Department for Education,Department for Education,Financial Reporting,DFE-2454,Grade 7 - National,58185,67219,Manager - Financial Reporting Grade 7-Yorkshire and The Humber,3.8,Other,Yorkshire and The Humber
267,Department for Education,Department for Education,Technology Directorate,DFE-2553,Grade 6 - National,70854,78241,Manager - DDT Central Operations Grade 6-North East,1.0,Other,North East
268,Department for Education,Department for Education,Commercial Operations,DFE-2355,Senior Executive Officer - National,42806,47047,Senior Executive Officer - SEO Finance Manager - Commercial (including RPA)-North East,1.0,Other,North East
269,Department for Education,Department for Education,Technology Operations,DFE-2461,Grade 7 - National,58185,67219,Manager - Technology Operations Grade 7-North West,3.0,Other,North West
270,Department for Education,Department for Education,"Estates, Security and People",DFE-2025,Senior Executive Officer - National,42806,47047,"Senior Executive Officer - Estates, Security and People SEO-North East",0.68,Other,North East
271,Department for Education,Department for Education,Technology Operations,DFE-2461,Senior Executive Officer - National,42806,47047,Senior Executive Officer - Technology Operations SEO-North East,0.8,Other,North East
272,Department for Education,Department for Education,Operational Excellence,DFE-2292,Grade 7 - National,58185,67219,Manager - Operational Excellence Grade 7-North East,2.0,Other,North East
273,Department for Education,Department for Education,Strategic Communications and Campaigns,DFE-2163,SEO (Information Officer) - London,52799,58810,Senior Executive Officer - Strategic Communications and Campaigns SEO-London,11.7,Other,London
274,Department for Education,Department for Education,Commercial Operations,DFE-2355,Grade 7 - London,62336,72057,Manager - Commercial Operations Grade 7-London,1.0,Other,London
275,Department for Education,Department for Education,Funding Policy Implementation,DFE-2609,HEO - National,36000,38229,Higher Executive Officer - Funding Policy Implementation HEO-North West,2.81,Other,North West
276,Department for Education,Department for Education,School Strategy and System,DFE-2639,HEO - National,36000,38229,Higher Executive Officer - School Strategy and System HEO-Yorkshire and The Humber,0.78,Other,Yorkshire and The Humber
277,Department for Education,Department for Education,FE Workforce,DFE-2668,Grade 7 - National,58185,67219,Manager - FE Workforce Grade 7-North West,3.0,Other,North West
278,Department for Education,Department for Education,Data Science (ESFA),DFE-2601,HEO - National,36000,38229,Higher Executive Officer - Data Science (ESFA) HEO-West Midlands,9.91,Other,West Midlands
279,Department for Education,Department for Education,Regions Group: East Midlands,DFE-2144,HEO - National,36000,38229,Higher Executive Officer - Regions Group: East Midlands HEO-West Midlands,1.64,Other,West Midlands
280,Department for Education,Department for Education,Operational Excellence,DFE-2292,HEO - National,36000,38229,Higher Executive Officer - Operational Excellence HEO-North West,5.86,Other,North West
281,Department for Education,Department for Education,Early Years Markets and Strategy,DFE-2644,Senior Executive Officer - National,42806,47047,Senior Executive Officer - Early Years Markets and Strategy SEO-North East,2.5,Other,North East
282,Department for Education,Department for Education,Data Science (ESFA),DFE-2601,Grade 6 - National,70854,78241,Manager - Data Science (ESFA) Grade 6-West Midlands,3.0,Other,West Midlands
283,Department for Education,Department for Education,Regions Group: Yorkshire & Humber and National CSC and BSiL,DFE-2613,Grade 7 - National,58185,67219,Manager - Regions Group: Yorkshire & Humber and National CSC and BSiL Grade 7-North West,1.91,Other,North West
284,Department for Education,Department for Education,Insight and Statistics,DFE-2400,Grade 6 - National,70854,78241,Manager - Insight and Statistics Grade 6-Yorkshire and The Humber,1.77,Other,Yorkshire and The Humber
285,Department for Education,Department for Education,Enterprise Data for Access and Sharing,DFE-2658,Grade 7 - National,58185,67219,Manager - Enterprise Data for Access and Sharing 7-North East,5.0,Other,North East
286,Department for Education,Department for Education,Digital Delivery - Schools,DFE-2664,Grade 6 - National,70854,78241,Manager - Digital Delivery - Schools Grade 6-North East,1.0,Other,North East
287,Department for Education,Department for Education,Enterprise Data for Insight,DFE-2392,Grade 7 - National,58185,67219,Manager - Enterprise Data for Insight Grade 7-Yorkshire and The Humber,10.1,Other,Yorkshire and The Humber
288,Department for Education,Department for Education,Enterprise Data for Access and Sharing,DFE-2658,Grade 7 - National,58185,67219,Manager - Enterprise Data for Access and Sharing 7-Yorkshire and The Humber,2.79,Other,Yorkshire and The Humber
289,Department for Education,Department for Education,Rapid Response Co-ordination,DFE-2382,Grade 7 - National,58185,67219,Manager - Rapid Response Co-ordination Grade 7-North East,1.0,Other,North East
290,Department for Education,Department for Education,Financial Reporting,DFE-2454,Grade 7 - National,58185,67219,Manager - Financial Reporting Grade 7-North West,4.49,Other,North West
291,Department for Education,Department for Education,Funding Policy Unit,DFE-2009,Grade 6 - National,70854,78241,Manager - Funding Policy Unit Grade 6-North East,0.8,Other,North East
292,Department for Education,Department for Education,"Breakfast Clubs, Wraparound Childcare and HAF",DFE-2544,Grade 7 - National,58185,67219,"Manager - Breakfast Clubs, Wraparound Childcare and HAF Grade 7-North West",3.7,Other,North West
293,Department for Education,Department for Education,T - Level Delivery ​,DFE-2626,Senior Executive Officer - National,42806,47047,Senior Executive Officer - T - Level Delivery ​ SEO-Yorkshire and The Humber,2.0,Other,Yorkshire and The Humber
294,Department for Education,Department for Education,Teacher Training and Recruitment,DFE-2541,Senior Executive Officer - National,42806,47047,Senior Executive Officer - Teacher Training and Recruitment SEO-West Midlands,1.0,Other,West Midlands
295,Department for Education,Department for Education,Technology Directorate,DFE-2553,Senior Executive Officer - National,42806,47047,Senior Executive Officer - DDT Central Operations SEO-North East,2.81,Other,North East
296,Department for Education,Department for Education,Operational Excellence,DFE-2292,Senior Executive Officer - National,42806,47047,Senior Executive Officer - Operational Excellence SEO-North West,7.0,Other,North West
297,Department for Education,Department for Education,Technology Operations,DFE-2461,Grade 7 - National,58185,67219,Manager - Data Protection Office Grade 7-East Midlands,1.0,Other,East Midlands
298,Department for Education,Department for Education,Strategic Communications and Campaigns,DFE-2163,Grade 6 - London,74528,82869,Manager - Strategic Communications and Campaigns Grade 6-London,3.8,Other,London
299,Department for Education,Department for Education,Central Analysis Unit,DFE-2238,HEO - National,36000,38229,Higher Executive Officer - Central Analysis Unit HEO-Yorkshire and The Humber,1.0,Other,Yorkshire and The Humber
300,Department for Education,Department for Education,Childcare Reform Delivery & Directorate Support,DFE-2576,Senior Executive Officer - National,42806,47047,Senior Executive Officer - Childcare Reform Delivery & Directorate Support SEO-Yorkshire and The Humber,4.8,Other,Yorkshire and The Humber
301,Department for Education,Department for Education,SFSO Operational Delivery - North,DFE-2084,Grade 7 - National,58185,67219,Manager - SFSO Operational Delivery - North Grade 7-Yorkshire and The Humber,4.0,Other,Yorkshire and The Humber
302,Department for Education,Department for Education,Independent Market Oversight,DFE-2507,Senior Executive Officer - National,42806,47047,Senior Executive Officer - Independent Market Oversight SEO-Unknown,16.66,Other,Unknown
303,Department for Education,Department for Education,Family Support,DFE-2305,Grade 7 - National,58185,67219,Manager - Family Support Grade 7-Yorkshire and The Humber,3.81,Other,Yorkshire and The Humber
304,Department for Education,Department for Education,HR Services & Specialist Advice,DFE-2001,Grade 6 - London,74528,82869,Manager - HR Services & Specialist Advice Grade 6-London,3.0,Other,London
305,Department for Education,Department for Education,Customer Success & Shared Service Operations,DFE-2334,Senior Executive Officer - National,42806,47047,Senior Executive Officer - Customer Success & Shared Service Operations SEO-Yorkshire and The Humber,4.81,Other,Yorkshire and The Humber
306,Department for Education,Department for Education,Schools Digital,DFE-2504,Grade 7 - National,58185,67219,Manager - Schools Digital Grade 7-North West,10.0,Other,North West
307,Department for Education,Department for Education,North Place Based Team & ESF,DFE-2332,EO - National,31479,31479,Executive Officer - North Place Based Team & ESF EO-Yorkshire and The Humber,0.75,Other,Yorkshire and The Humber
308,Department for Education,Department for Education,Central Strategic Finance,DFE-2604,Grade 6 - National,70854,78241,Manager - Central Strategic Finance Grade 6-West Midlands,1.0,Other,West Midlands
309,Department for Education,Department for Education,Enterprise Data for Access and Sharing,DFE-2658,EO - National,31479,31479,Executive Officer - Enterprise Data for Access and Sharing HEO-Yorkshire and The Humber,1.81,Other,Yorkshire and The Humber
310,Department for Education,Department for Education,International Placements,DFE-2491,Grade 7 - National,58185,67219,Manager - International Placements Grade 7-East Midlands,1.62,Other,East Midlands
311,Department for Education,Department for Education,Education Estates Strategy and Policy Unit,DFE-2072,Grade 7 - London,62336,72057,Manager - Education Estates Strategy and Policy Unit Grade 7-London,7.81,Other,London
312,Department for Education,Standard and Testing Agency,"Standards, Testing and Regulation Directorate",DFE-2135,Senior Executive Officer - National,42806,47047,Senior Executive Officer - Assessment Operations and Services SEO-East Midlands,1.0,Other,East Midlands
313,Department for Education,Department for Education,Enterprise Data for Access and Sharing,DFE-2658,HEO - National,36000,38229,Higher Executive Officer - Enterprise Data for Access and Sharing HEO-East Midlands,2.0,Other,East Midlands
314,Department for Education,Department for Education,"CSC Outcomes, Care Leavers and Capital",DFE-2347,Senior Executive Officer - National,42806,47047,"Senior Executive Officer - CSC Outcomes, Care Leavers and Capital SEO-North East",2.74,Other,North East
315,Department for Education,Department for Education,Further Education Funding,DFE-2100,Senior Executive Officer - National,42806,47047,Senior Executive Officer - FE Funding SEO-North West,2.0,Other,North West
316,Department for Education,Department for Education,"Capability, Investments, Analysis and Reporting",DFE-2162,Grade 7 - National,58185,67219,"Manager - Capability, Investments, Analysis and Reporting Grade 7-North West",6.43,Other,North West
317,Department for Education,Department for Education,SEND and Alternative Provision,DFE-2298,Grade 6 - London,74528,82869,Manager - Specialist Sector Reform Grade 6-London,2.6,Other,London
318,Department for Education,Department for Education,Sector Reporting,DFE-2185,Senior Executive Officer - National,42806,47047,Senior Executive Officer - Sector Reporting SEO-East Midlands,1.0,Other,East Midlands
319,Department for Education,Department for Education,News and Social Media,DFE-2145,Grade 7 - London,62336,72057,Manager - News and Social Media Grade 7-London,2.0,Other,London
320,Department for Education,Department for Education,"HR Organisation Design, Development & Engagement",DFE-2407,Grade 7 - National,58185,67219,"Manager - HR Organisation Design, Development & Engagement Grade 7-North West",3.0,Other,North West
321,Department for Education,Department for Education,Strategy Unit,DFE-2618,Grade 6 - London,74528,82869,Manager - Strategy Unit Grade 6-London,2.0,Other,London
322,Department for Education,Department for Education,"Construction Programme Management, Planning and Assurance",DFE-2623,Senior Executive Officer - National,42806,47047,"Senior Executive Officer - Construction Programme Management, Planning and Assurance SEO-North West",1.0,Other,North West
323,Department for Education,Department for Education,Digital Delivery - Funding Services,DFE-2610,Senior Executive Officer - National,42806,47047,Senior Executive Officer - Digital Delivery - Funding Services SEO-North East,2.0,Other,North East
324,Department for Education,Department for Education,SFSO Central Division,DFE-2202,Grade 6 - London,74528,82869,Manager - SFSO Central Division Grade 6-London,2.0,Other,London
325,Department for Education,Department for Education,FE Provider Infrastructure,DFE-2387,HEO - National,36000,38229,Higher Executive Officer - FE Provider Infrastructure HEO-North West,1.0,Other,North West
326,Department for Education,Department for Education,Ministerial and Public Communications Division,DFE-2249,EO - National,31479,31479,Executive Officer - Ministerial and Public Communications Division EO-Yorkshire and The Humber,3.49,Other,Yorkshire and The Humber
327,Department for Education,Department for Education,"CSC Adoption, Family Justice and Alternatives to Care",DFE-2638,Senior Executive Officer - National,42806,47047,"Senior Executive Officer - CSC Adoption, Family Justice and Alternatives to Care SEO-North East",2.0,Other,North East
328,Department for Education,Department for Education,Families Analysis,DFE-2152,Grade 7 - London,62336,72057,Manager - Families Analysis Grade 7 (Close:10/10/2025)-London,1.0,Other,London
329,Department for Education,Department for Education,"Payroll, Reward, Policies and ER",DFE-2527,Grade 7 - London,62336,72057,Manager - HR Services & Specialist Advice Grade 7-London,1.0,Other,London
330,Department for Education,Department for Education,"Construction Grants, Assurance and Response",DFE-2344,Grade 6 - National,70854,78241,"Manager - Construction Grants, Assurance and Response Grade 6-East Midlands",0.64,Other,East Midlands
331,Department for Education,Department for Education,Operational Excellence,DFE-2292,SEO (Statistical Officer) - National,48999,53884,Senior Executive Officer - Operational Excellence SEO-Yorkshire and The Humber,10.0,Other,Yorkshire and The Humber
332,Department for Education,Department for Education,"Construction Delivery East England, South West and London",DFE-2003,Grade 7 - National,58185,67219,"Manager - Construction Delivery East England, South West and London Grade 7-Unknown",14.0,Other,Unknown
333,Department for Education,Department for Education,Customer Success & Shared Service Operations,DFE-2334,EO - National,31479,31479,Executive Officer - Customer Success & Shared Service Operations EO-North East,6.0,Other,North East
334,Department for Education,Department for Education,Regions Group: National,DFE-2021,Senior Executive Officer - National,42806,47047,Senior Executive Officer - Regions Group: National SEO-North West,8.0,Other,North West
335,Department for Education,Department for Education,CSC Regional Cooperatives and Fostering,DFE-2443,Grade 6 - London,74528,82869,Manager - CSC Regional Cooperatives and Fostering Grade 6-London,0.8,Other,London
336,Department for Education,Department for Education,Schools Regulation and Quality,DFE-2212,Grade 7 - National,58185,67219,Manager - Schools Regulation and Quality Grade 7-North West,3.0,Other,North West
337,Department for Education,Department for Education,Counter Fraud  and Prevention,DFE-2290,Senior Executive Officer - National,42806,47047,Senior Executive Officer - Counter Fraud and Prevention SEO-North West,3.81,Other,North West
338,Department for Education,Department for Education,Teacher Training and Recruitment,DFE-2541,Grade 6 - London,74528,82869,Manager - Teacher Training and Recruitment Grade 6-London,2.7,Other,London
339,Department for Education,Department for Education,"Products, Quality and Market",DFE-2127,Grade 7 - National,58185,67219,"Manager - Products, Quality and Market Grade 7-Yorkshire and The Humber",2.86,Other,Yorkshire and The Humber
340,Department for Education,Department for Education,Further Education Funding,DFE-2100,Grade 7 - National,58185,67219,Manager - FE Funding Grade 7-Yorkshire and The Humber,2.4,Other,Yorkshire and The Humber
341,Department for Education,Department for Education,Specialist Sector Reform,DFE-2353,Grade 7 - London,62336,72057,Manager - Specialist Sector Reform Grade 7-London,3.0,Other,London
342,Department for Education,Department for Education,Schools and Funding Analysis,DFE-2567,Grade 7 - National,58185,67219,Manager - Schools and Funding Analysis Grade 7-Yorkshire and The Humber,3.8,Other,Yorkshire and The Humber
343,Department for Education,Department for Education,"Construction Programme Management, Planning and Assurance",DFE-2623,Grade 7 - National,58185,67219,"Manager - Construction Programme Management, Planning and Assurance Grade 7-West Midlands",1.0,Other,West Midlands
344,Department for Education,Department for Education,Commercial Operations,DFE-2355,Senior Executive Officer - National,42806,47047,Senior Executive Officer - Commercial Operations SEO-North West,3.8,Other,North West
345,Department for Education,Department for Education,Digital Delivery - Funding Services,DFE-2610,Grade 7 - National,58185,67219,Manager - Digital Delivery - Funding Services Grade 7-Yorkshire and The Humber,1.0,Other,Yorkshire and The Humber
346,Department for Education,Department for Education,Ministerial and Public Communications Division,DFE-2249,Grade 7 - London,62336,72057,Manager - Ministerial and Public Communications Division Grade 7-London,5.0,Other,London
347,Department for Education,Teaching Regulation Agency,Teaching Regulation Agency,DFE-2215,HEO - National,36000,38229,Higher Executive Officer - Teaching Regulation Agency HEO-West Midlands,23.28,Other,West Midlands
348,Department for Education,Department for Education,The Apprenticeships Service (DDAT)​,DFE-2486,Senior Executive Officer - National,42806,47047,Senior Executive Officer - The Apprenticeships Service (DDAT)​ SEO-West Midlands,15.81,Other,West Midlands
349,Department for Education,Department for Education,"Breakfast Clubs, Wraparound Childcare and HAF",DFE-2544,HEO - National,36000,38229,"Higher Executive Officer - Breakfast Clubs, Wraparound Childcare and HAF HEO-West Midlands",2.0,Other,West Midlands
350,Department for Education,Department for Education,Inclusive Mainstream,DFE-2647,Grade 6 - London,74528,82869,Manager - Inclusive Mainstream Grade 6-London,2.78,Other,London
351,Department for Education,Department for Education,School Strategy and System,DFE-2639,Grade 7 - London,62336,72057,Manager - School Strategy and System Grade 7-London,14.58,Other,London
352,Department for Education,Department for Education,Supporting and Rewarding Teachers and Leaders,DFE-2637,Grade 6 - London,74528,82869,Manager - Supporting and Rewarding Teachers and Leaders Grade 6-London,2.95,Other,London
353,Department for Education,Department for Education,Sector Reporting,DFE-2185,G7 (Accountant) - London,62617,72057,Manager - Sector Reporting Grade 7-London,1.0,Other,London
354,Department for Education,Department for Education,School Strategy and System,DFE-2639,Grade 6 - National,70854,78241,Manager - School Strategy and System Grade 6-North West,1.0,Other,North West
355,Department for Education,Department for Education,Digital Delivery - Schools,DFE-2664,Grade 6 - National,70854,78241,Manager - Digital Delivery - Schools Grade 6-North West,1.0,Other,North West
356,Department for Education,Department for Education,Revenue Funding and Demographic Analysis,DFE-2645,Grade 7 - National,58185,67219,Manager - Revenue Funding and Demography Analysis Grade 7-East Midlands,0.59,Other,East Midlands
357,Department for Education,Department for Education,CSC Regional Cooperatives and Fostering,DFE-2443,Grade 7 - National,58185,67219,Manager - CSC Regional Cooperatives and Fostering Grade 7-North East,0.9,Other,North East
358,Department for Education,Department for Education,Technology Directorate,DFE-2553,HEO - National,36000,38229,Higher Executive Officer - Customer Success & Shared Service Operations HEO-West Midlands,2.78,Other,West Midlands
359,Department for Education,Department for Education,"Payroll, Reward, Policies and ER",DFE-2527,Senior Executive Officer - National,42806,47047,Senior Executive Officer - HR Services & Specialist Advice SEO-Yorkshire and The Humber,1.0,Other,Yorkshire and The Humber
360,Department for Education,Department for Education,SFSO Operational Delivery - South,DFE-2085,Grade 7 - National,58185,67219,Manager - SFSO Operational Delivery - South Grade 7-Yorkshire and The Humber,2.0,Other,Yorkshire and The Humber
361,Department for Education,Department for Education,Regions Group: National,DFE-2279,Senior Executive Officer - London,46971,51973,Senior Executive Officer - Regions Group: National SEO-London,8.0,Other,London
362,Department for Education,Department for Education,Regions Group: National,DFE-2021,Grade 7 - London,62336,72057,Manager - Regions Group: National Grade 7-London,4.0,Other,London
363,Department for Education,Department for Education,Early Years Sufficiency and Entitlements,DFE-2225,Grade 7 - London,62336,72057,Manager - Early Years Sufficiency and Entitlements Grade 7-London,7.25,Other,London
364,Department for Education,Standard and Testing Agency,"Standards, Testing and Regulation Directorate",DFE-2135,HEO - National,36000,38229,Higher Executive Officer - Assessment Operations and Services HEO-Yorkshire and The Humber,2.0,Other,Yorkshire and The Humber
365,Department for Education,Department for Education,Student Funding Policy​,DFE-2516,Senior Executive Officer - National,42806,47047,Senior Executive Officer - Student Funding Policy​ SEO-North East,1.33,Other,North East
366,Department for Education,Department for Education,Education Estates Strategy and Policy Unit,DFE-2072,Grade 6 - National,70854,78241,Manager - Education Estates Strategy and Policy Unit Grade 6-Unknown,2.0,Other,Unknown
367,Department for Education,Department for Education,"Construction Grants, Assurance and Response",DFE-2344,Grade 6 - National,70854,78241,"Manager - Construction Grants, Assurance and Response Grade 6-South West",1.0,Other,South West
368,Department for Education,Department for Education,Technology Directorate,DFE-2553,Grade 7 - London,62336,72057,Manager - DDT Central Operations Grade 7-London,0.8,Other,London
369,Department for Education,Department for Education,Customer Experience & Design,DFE-2478,Grade 7 - National,58185,67219,Manager - Customer Experience & Design Grade 7-Yorkshire and The Humber,2.79,Other,Yorkshire and The Humber
370,Department for Education,Department for Education,Supporting and Rewarding Teachers and Leaders,DFE-2637,Senior Executive Officer - National,42806,47047,Senior Executive Officer - Supporting and Rewarding Teachers and Leaders SEO-North West,2.9,Other,North West
371,Department for Education,Department for Education,Counter Fraud  and Prevention,DFE-2290,Grade 6 - National,70854,78241,Manager - Counter Fraud and Prevention Grade 6-East Midlands,1.0,Other,East Midlands
372,Department for Education,Department for Education,Digital Delivery - Schools,DFE-2664,Grade 6 - National,70854,78241,Manager - Digital Delivery - Schools Grade 6-Yorkshire and The Humber,2.0,Other,Yorkshire and The Humber
373,Department for Education,Department for Education,Early Years Markets and Strategy,DFE-2644,Grade 7 - London,62336,72057,Manager - Early Years Markets and Strategy Grade 7-London,5.7,Other,London
374,Department for Education,Department for Education,Funding Policy Implementation,DFE-2609,Senior Executive Officer - National,42806,47047,Senior Executive Officer - Funding Policy Implementation SEO-North East,4.0,Other,North East
375,Department for Education,Department for Education,"CSC Adoption, Family Justice and Alternatives to Care",DFE-2638,Grade 6 - National,70854,78241,"Manager - CSC Adoption, Family Justice and Alternatives to Care Grade 6-Yorkshire and The Humber",1.0,Other,Yorkshire and The Humber
376,Department for Education,Department for Education,Teachers' Pension Scheme,DFE-2675,Senior Executive Officer - National,42806,47047,Senior Executive Officer - Teachers' Pension Scheme SEO-North West,3.0,Other,North West
377,Department for Education,Department for Education,CSC Strategy and System,DFE-2401,Grade 6 - London,74528,82869,Manager - CSC Strategy and System Grade 6-London,4.5,Other,London
378,Department for Education,Department for Education,Assurance,DFE-2192,Grade 7 - National,58185,67219,Manager - Assurance Grade 7-North East,3.8,Other,North East
379,Department for Education,Department for Education,Regions Group: National,DFE-2279,HEO - National,36000,38229,Higher Executive Officer - Regions Group: National HEO-North East,7.81,Other,North East
380,Department for Education,Department for Education,Customer Success & Shared Service Operations,DFE-2334,HEO - National,36000,38229,Higher Executive Officer - Customer Success & Shared Service Operations HEO-East Midlands,1.0,Other,East Midlands
381,Department for Education,Department for Education,Higher Education Quality and Regulation,DFE-2649,Senior Executive Officer - National,42806,47047,Senior Executive Officer - Higher Education Quality and Regulation SEO-Yorkshire and The Humber,2.0,Other,Yorkshire and The Humber
382,Department for Education,Department for Education,"CSC Social Worker Training, Development and Leadership",DFE-2558,HEO - National,36000,38229,"Higher Executive Officer - CSC Social Worker Training, Development and Leadership HEO-North West",2.0,Other,North West
383,Department for Education,Department for Education,Customer Success & Shared Service Operations,DFE-2334,Senior Executive Officer - National,42806,47047,Senior Executive Officer - Customer Success & Shared Service Operations SEO-North West,2.0,Other,North West
384,Department for Education,Department for Education,DDT Incubator,DFE-2475,Senior Executive Officer - National,42806,47047,Senior Executive Officer - DDT Incubator SEO-Yorkshire and The Humber,1.0,Other,Yorkshire and The Humber
385,Department for Education,Department for Education,Sector Skills,DFE-2620,Grade 6 - London,74528,82869,Manager - Sector Skills Grade 6-London,1.81,Other,London
386,Department for Education,Department for Education,Attendance,DFE-2533,Senior Executive Officer - National,42806,47047,Senior Executive Officer - Attendance SEO-Yorkshire and The Humber,0.81,Other,Yorkshire and The Humber
387,Department for Education,Department for Education,Regions Group: National,DFE-2279,HEO - National,36000,38229,Higher Executive Officer - Regions Group: National HEO-Yorkshire and The Humber,11.81,Other,Yorkshire and The Humber
388,Department for Education,Department for Education,"Education Estates Design, Engineering, Cost and Building Technology",DFE-2208,Grade 7 - National,58185,67219,"Manager - Education Estates Design, Engineering, Cost and Building Technology Grade 7-Unknown",30.62,Other,Unknown
389,Department for Education,Department for Education,Specialist Sector Reform,DFE-2353,Grade 7 - National,58185,67219,Manager - Specialist Sector Reform Grade 7-East Of England,1.0,Other,East Of England
390,Department for Education,Department for Education,Teachers' Pension Scheme,DFE-2675,Grade 7 - National,58185,67219,Manager - Teachers' Pension Scheme Grade 7-North East,5.0,Other,North East
391,Department for Education,Department for Education,"Construction Grants, Assurance and Response",DFE-2344,Grade 6 - National,70854,78241,"Manager - Construction Grants, Assurance and Response Grade 6-North West",2.0,Other,North West
392,Department for Education,Department for Education,Regions Group: West Midlands,DFE-2406,Senior Executive Officer - National,42806,47047,Senior Executive Officer - Regions Group: West Midlands SEO-West Midlands,13.45,Other,West Midlands
393,Department for Education,Department for Education,"CSC Social Worker Training, Development and Leadership",DFE-2558,Grade 7 - London,62336,72057,"Manager - CSC Social Worker Training, Development and Leadership Grade 7-London",5.9,Other,London
394,Department for Education,Department for Education,Schools and Funding Analysis,DFE-2567,SEO (Senior Research Officer) - National,48999,53884,Senior Executive Officer - Schools and Funding Analysis SEO-Yorkshire and The Humber,9.87,Other,Yorkshire and The Humber
395,Department for Education,Department for Education,Operations and Infrastructure Group,DFE-2536,Senior Executive Officer - National,42806,47047,Senior Executive Officer - Commercial School Resource Management (Protected) SEO-Yorkshire and The Humber,3.0,Other,Yorkshire and The Humber
396,Department for Education,Department for Education,Education Estates Data Collection and Analysis,DFE-2627,Grade 7 - National,58185,67219,Manager - Education Estates Data Collection and Analysis Grade 7-South West,0.83,Other,South West
397,Department for Education,Department for Education,"Education Estates Legal, Land and Planning",DFE-2207,Grade 6 - National,70854,78241,"Manager - Education Estates Legal, Land and Planning Grade 6-Unknown",38.73,Other,Unknown
398,Department for Education,Department for Education,SFSO Operational Delivery - North,DFE-2084,HEO - National,36000,38229,Higher Executive Officer - SFSO Operational Delivery - North HEO-North East,4.15,Other,North East
399,Department for Education,Department for Education,"CSC Social Worker Training, Development and Leadership",DFE-2558,Senior Executive Officer - National,42806,47047,"Senior Executive Officer - CSC Social Worker Training, Development and Leadership SEO-Yorkshire and The Humber",6.56,Other,Yorkshire and The Humber
400,Department for Education,Department for Education,Financial Reporting,DFE-2454,HEO - National,36000,38229,Higher Executive Officer - Financial Reporting HEO-Yorkshire and The Humber,2.37,Other,Yorkshire and The Humber
401,Department for Education,Department for Education,Further Education Funding,DFE-2100,Grade 7 - National,58185,67219,Manager - FE Funding Grade 7 (Position Vacate:31/10/2025)-Yorkshire and The Humber,0.6,Other,Yorkshire and The Humber
402,Department for Education,Standard and Testing Agency,"Standards, Testing and Regulation Directorate",DFE-2135,Senior Executive Officer - National,42806,47047,Senior Executive Officer - Assessment Operations and Services SEO-Yorkshire and The Humber,2.81,Other,Yorkshire and The Humber
403,Department for Education,Department for Education,Sector Skills,DFE-2620,Senior Executive Officer - National,42806,47047,Senior Executive Officer - Sector Skills SEO-Yorkshire and The Humber,2.42,Other,Yorkshire and The Humber
404,Department for Education,Department for Education,Skills Policy Analysis​,DFE-2520,Grade 6 - National,70854,78241,Manager - Skills Policy Analysis​ Grade 6-Yorkshire and The Humber,2.27,Other,Yorkshire and The Humber
405,Department for Education,Department for Education,Families Group Central,DFE-2551,Senior Executive Officer - National,42806,47047,Senior Executive Officer - Families Group Central SEO-Yorkshire and The Humber,1.0,Other,Yorkshire and The Humber
406,Department for Education,Department for Education,Higher Education Quality and Regulation,DFE-2649,EO - National,31479,31479,Executive Officer - Higher Technical Education EO-Yorkshire and The Humber,0.6,Other,Yorkshire and The Humber
407,Department for Education,Department for Education,Families Analysis,DFE-2152,SEO (Statistical Officer) - London,52799,58810,Senior Executive Officer - Families Analysis SEO-London,20.26,Other,London
408,Department for Education,Department for Education,Further Education Funding,DFE-2100,Grade 6 - London,74528,82869,Manager - FE Funding Grade 6-London,2.0,Other,London
409,Department for Education,Department for Education,Future Student Finance and Funding​,DFE-2665,Senior Executive Officer - National,42806,47047,Senior Executive Officer - Future Student Finance and Funding​ SEO-West Midlands,1.0,Other,West Midlands
410,Department for Education,Department for Education,Enterprise Data for Access and Sharing,DFE-2658,Senior Executive Officer - National,42806,47047,Senior Executive Officer - Enterprise Data for Access and Sharing SEO-Yorkshire and The Humber,11.43,Other,Yorkshire and The Humber
411,Department for Education,Department for Education,Schools and Funding Analysis,DFE-2567,Grade 6 - National,70854,78241,Manager - Schools and Funding Analysis Grade 6-Yorkshire and The Humber,2.0,Other,Yorkshire and The Humber
412,Department for Education,Department for Education,Education Estates Portfolio Oversight and Directorate Support,DFE-2648,Grade 6 - National,70854,78241,Manager - Education Estates Portfolio Oversight and Directorate Support Grade 6-East of England,1.0,Other,East of England
413,Department for Education,Department for Education,Regions Group: National,DFE-2279,Grade 6 - National,70854,78241,Manager - Regions Group: National Grade 6-Yorkshire and The Humber,1.91,Other,Yorkshire and The Humber
414,Department for Education,Department for Education,CSC Strategy and System,DFE-2401,Grade 7 - London,62336,72057,Manager - CSC Strategy and System Grade 7-London,6.14,Other,London
415,Department for Education,Department for Education,"English, Maths, Music & Arts",DFE-2418,Senior Executive Officer - National,42806,47047,"Senior Executive Officer - English, Maths, Music & Arts SEO-Yorkshire and The Humber",9.16,Other,Yorkshire and The Humber
416,Department for Education,Department for Education,High Quality Curriculum,DFE-2324,Grade 7 - National,58185,67219,Manager - High Quality Curriculum Grade 7-Yorkshire and The Humber,4.0,Other,Yorkshire and The Humber
417,Department for Education,Department for Education,Construction Delivery South East and London,DFE-2222,Grade 7 - National,58185,67219,"Manager - Construction Programme Management, Planning and Assurance Grade 7-Yorkshire and The Humber",3.0,Other,Yorkshire and The Humber
418,Department for Education,Department for Education,Skills Strategy and Delivery,DFE-2570,Grade 7 - London,62336,72057,Manager - Skills Strategy and Delivery Grade 7-London,7.0,Other,London
419,Department for Education,Department for Education,Skills Strategy and Delivery,DFE-2570,Grade 7 - National,58185,67219,Manager - Skills Strategy and Delivery Grade 7-Yorkshire and The Humber,5.0,Other,Yorkshire and The Humber
420,Department for Education,Department for Education,Regions Group: National,DFE-2021,HEO - London,40132,42699,Higher Executive Officer - Regions Group: National HEO-London,12.0,Other,London
421,Department for Education,Department for Education,Careers,DFE-2653,Grade 7 - National,58185,67219,Manager - Careers Grade 7-East Of England,0.86,Other,East Of England
422,Department for Education,Department for Education,Regions Group: West Midlands,DFE-2406,Grade 6 - National,70854,78241,Manager - Regions Group: West Midlands Grade 6-West Midlands,3.0,Other,West Midlands
423,Department for Education,Department for Education,FE Workforce,DFE-2668,Grade 6 - National,70854,78241,Manager - FE Workforce Grade 6-Yorkshire and The Humber,1.75,Other,Yorkshire and The Humber
424,Department for Education,Department for Education,"Admissions, School Organisation, Transport",DFE-2346,Senior Executive Officer - London,46971,51973,"Senior Executive Officer - Admissions, School Organisation, Transport SEO-London",3.66,Other,London
425,Department for Education,Department for Education,Schools Productivity Unit,DFE-2651,Grade 7 - National,58185,67219,Manager - Schools Productivity Unit Grade 7-North East,3.0,Other,North East
426,Department for Education,Department for Education,Technology Directorate,DFE-2553,Grade 6 - National,70854,78241,Manager - Data Protection Office Grade 6-North West,1.0,Other,North West
427,Department for Education,Department for Education,Regions Group: West Midlands,DFE-2406,HEO - National,36000,38229,Higher Executive Officer - Regions Group: West Midlands HEO-West Midlands,11.47,Other,West Midlands
428,Department for Education,Department for Education,Regions Group: South West,DFE-2403,Senior Executive Officer - National,42806,47047,Senior Executive Officer - Regions Group: South West SEO-South West,16.49,Other,South West
429,Department for Education,Department for Education,"Estates, Security and People",DFE-2025,Senior Executive Officer - National,42806,47047,"Senior Executive Officer - Estates, Security and People SEO-Yorkshire and The Humber",0.6,Other,Yorkshire and The Humber
430,Department for Education,Department for Education,Regions Group: North West,DFE-2514,Senior Executive Officer - National,42806,47047,Senior Executive Officer - Regions Group: North West SEO-North East,4.72,Other,North East
431,Department for Education,Department for Education,Education Estates Private Finance,DFE-2211,Grade 6 - National,70854,78241,Manager - Education Estates Private Finance Grade 6-Unknown,8.0,Other,Unknown
432,Department for Education,Department for Education,FE Provider Infrastructure,DFE-2387,Grade 6 - London,74528,82869,Manager - FE Provider Infrastructure​ Grade 6-London,1.63,Other,London
433,Department for Education,Department for Education,Strategy and Portfolio,DFE-2277,Grade 7 - National,58185,67219,Manager - Strategy and Portfolio Grade 7-North West,2.0,Other,North West
434,Department for Education,Department for Education,Regions Group: South West,DFE-2403,Grade 6 - National,70854,78241,Manager - Regions Group: South West Grade 6-South West,4.2,Other,South West
435,Department for Education,Department for Education,"Products, Quality and Market",DFE-2127,Grade 6 - National,70854,78241,"Manager - Products, Quality and Market Grade 6-East Midlands",0.8,Other,East Midlands
436,Department for Education,Department for Education,Developing Teachers and Leaders,DFE-2670,HEO - National,36000,38229,Higher Executive Officer - Developing Teachers and Leaders HEO-East Midlands,3.14,Other,East Midlands
437,Department for Education,Department for Education,Revenue Funding and Demographic Analysis,DFE-2645,Grade 7 - London,62336,72057,Manager - Revenue Funding and Demography Analysis Grade 7-London,2.0,Other,London
438,Department for Education,Department for Education,"CSC Adoption, Family Justice and Alternatives to Care",DFE-2638,Senior Executive Officer - London,46971,51973,"Senior Executive Officer - CSC Adoption, Family Justice and Alternatives to Care SEO-London",5.6,Other,London
439,Department for Education,Department for Education,Local Accountability and Improvement,DFE-2383,Grade 7 - National,58185,67219,Manager - Local Accountability and Improvement Grade 7-Yorkshire and The Humber,5.0,Other,Yorkshire and The Humber
440,Department for Education,Department for Education,Further Education Workforce,DFE-2218,Grade 6 - London,74528,82869,Manager - FE Workforce Grade 6-London,2.0,Other,London
441,Department for Education,Department for Education,Improvement and Insight,DFE-2223,HEO - National,36000,38229,Higher Executive Officer - Improvement and Insight HEO-North West,3.0,Other,North West
442,Department for Education,Department for Education,"CSC Outcomes, Care Leavers and Capital",DFE-2347,Grade 6 - National,70854,78241,"Manager - CSC Outcomes, Care Leavers and Capital Grade 6-Yorkshire and The Humber",1.0,Other,Yorkshire and The Humber
443,Department for Education,Department for Education,Counter Fraud  and Prevention,DFE-2290,Grade 7 - National,58185,67219,Manager - Counter Fraud and Prevention Grade 7-Yorkshire and The Humber,6.66,Other,Yorkshire and The Humber
444,Department for Education,Department for Education,Digital Delivery - Schools,DFE-2664,Senior Executive Officer - National,42806,47047,Senior Executive Officer - Digital Delivery - Schools SEO-North West,2.0,Other,North West
445,Department for Education,Department for Education,Counter Extremism and Non-School Education,DFE-2398,Grade 6 - London,74528,82869,Manager - Counter Extremism and Non-School Education Grade 6-London,2.0,Other,London
446,Department for Education,Department for Education,T - Level Policy,DFE-2542,Grade 7 - National,58185,67219,Manager - T - Level Delivery ​ Grade 7-Yorkshire and The Humber,2.8,Other,Yorkshire and The Humber
447,Department for Education,Department for Education,Teacher Training and Recruitment,DFE-2541,Senior Executive Officer - National,42806,47047,Senior Executive Officer - Teacher Training and Recruitment SEO-East Midlands,5.0,Other,East Midlands
448,Department for Education,Department for Education,Families Group Central,DFE-2551,Grade 7 - London,62336,72057,Manager - Families Group Central Grade 7-London,7.0,Other,London
449,Department for Education,Department for Education,Construction Delivery North West and West Midlands,DFE-2646,Senior Executive Officer - National,42806,47047,Senior Executive Officer - Construction Delivery North West and West Midlands SEO-Unknown,3.0,Other,Unknown
450,Department for Education,Department for Education,Technology Operations,DFE-2461,Senior Executive Officer - National,42806,47047,Senior Executive Officer - Technology Operations SEO-West Midlands,5.0,Other,West Midlands
451,Department for Education,Department for Education,Further Education Oversight,DFE-2019,Grade 7 - National,58185,67219,Manager - Further Education Oversight Directorate Support Grade 7-Yorkshire and The Humber,1.0,Other,Yorkshire and The Humber
452,Department for Education,Department for Education,Early Years Markets and Strategy,DFE-2644,Grade 6 - London,74528,82869,Manager - Early Years Markets and Strategy Grade 6-London,3.2,Other,London
453,Department for Education,Department for Education,School Based Nursery Expansion,DFE-2640,Grade 6 - London,74528,82869,Manager - School Based Nursery Expansion Grade 6-London,1.52,Other,London
454,Department for Education,Department for Education,Families Analysis,DFE-2152,Grade 6 - National,70854,78241,Manager - Families Analysis Grade 6-North West,1.0,Other,North West
455,Department for Education,Department for Education,Operations and Infrastructure Group,DFE-2536,Grade 7 - National,58185,67219,Manager - Commercial School Resource Management (Protected) Grade 7-North West,1.0,Other,North West
456,Department for Education,Department for Education,Counter Extremism and Non-School Education,DFE-2398,Grade 7 - London,62336,72057,Manager - Counter Extremism and Non-School Education Grade 7-London,5.72,Other,London
457,Department for Education,Department for Education,CSC Child Protection and Safeguarding,DFE-2337,HEO - National,36000,38229,Higher Executive Officer - CSC Child Protection and Safeguarding HEO-Yorkshire and The Humber,4.0,Other,Yorkshire and The Humber
458,Department for Education,Department for Education,Careers,DFE-2653,Grade 7 - National,58185,67219,Manager - Careers Grade 7-Yorkshire and The Humber,5.0,Other,Yorkshire and The Humber
459,Department for Education,Department for Education,SFSO Central Division,DFE-2202,Senior Executive Officer - National,42806,47047,Senior Executive Officer - SFSO Central Division SEO-Yorkshire and The Humber,5.61,Other,Yorkshire and The Humber
460,Department for Education,Teaching Regulation Agency,Teaching Regulation Agency,DFE-2215,Grade 6 - National,70854,78241,Manager - Teaching Regulation Agency Grade 6-West Midlands,1.0,Other,West Midlands
461,Department for Education,Department for Education,Families Group Central,DFE-2551,Grade 7 - National,58185,67219,Manager - Families Group Central Grade 7-North East,2.0,Other,North East
462,Department for Education,Department for Education,Delivery Unit,DFE-2501,Grade 6 - London,74528,82869,Manager - Delivery Unit Grade 6-London,3.21,Other,London
463,Department for Education,Department for Education,Regions Group: London,DFE-2204,HEO - London,40132,42699,Higher Executive Officer - Regions Group: London HEO-London,8.61,Other,London
464,Department for Education,Department for Education,Developing Teachers and Leaders,DFE-2670,Senior Executive Officer - National,42806,47047,Senior Executive Officer - Developing Teachers and Leaders SEO-Yorkshire and The Humber,6.72,Other,Yorkshire and The Humber
465,Department for Education,Department for Education,Higher Education Analysis,DFE-2632,Grade 7 - National,58185,67219,Manager - HE Analysis Grade 7-Yorkshire and The Humber,3.66,Other,Yorkshire and The Humber
466,Department for Education,Department for Education,Regions Group: National,DFE-2279,Grade 6 - London,74528,82869,Manager - Regions Group: National Grade 6-East Midlands,0.64,Other,East Midlands
467,Department for Education,Department for Education,Life Skills,DFE-2456,EO - London,35438,35438,Executive Officer - Life Skills HEO-London,0.8,Other,London
468,Department for Education,Department for Education,Education Estates Portfolio Oversight and Directorate Support,DFE-2648,Grade 6 - National,70854,78241,Manager - Education Estates Portfolio Oversight and Directorate Support Grade 6-Yorkshire and The Humber,1.0,Other,Yorkshire and The Humber
469,Department for Education,Department for Education,Teacher Training and Recruitment,DFE-2541,Grade 7 - National,58185,67219,Manager - Teacher Training and Recruitment Grade 7-Yorkshire and The Humber,3.0,Other,Yorkshire and The Humber
470,Department for Education,Department for Education,Higher Education Analysis,DFE-2632,Grade 7 - National,58185,67219,Manager - HE Analysis Grade 7-West Midlands,1.0,Other,West Midlands
471,Department for Education,Department for Education,Technology Directorate,DFE-2553,Grade 7 - National,58185,67219,Manager - DDT Central Operations Grade 7-North East,2.0,Other,North East
472,Department for Education,Department for Education,Family Support,DFE-2305,Grade 6 - London,74528,82869,Manager - Family Support Grade 6-London,3.0,Other,London
473,Department for Education,Department for Education,Sustainability and Strategic Projects,DFE-2311,Grade 6 - London,74528,82869,Manager - Disadvantage and Strategic Policy Grade 6-London,4.0,Other,London
474,Department for Education,Department for Education,Enterprise Data for Access and Sharing,DFE-2658,HEO - National,36000,38229,Higher Executive Officer - Enterprise Data for Access and Sharing SEO-North East,1.0,Other,North East
475,Department for Education,Department for Education,T - Level Delivery ​,DFE-2626,HEO - National,36000,38229,Higher Executive Officer - T - Level Delivery ​ HEO-North East,1.0,Other,North East
476,Department for Education,Department for Education,"Breakfast Clubs, Wraparound Childcare and HAF",DFE-2544,Grade 6 - National,70854,78241,"Manager - Breakfast Clubs, Wraparound Childcare and HAF Grade 6-North West",1.0,Other,North West
477,Department for Education,Department for Education,FE Provider Infrastructure,DFE-2387,Grade 6 - National,70854,78241,Manager - FE Provider Infrastructure​ Grade 6-East Of England,1.0,Other,East Of England
478,Department for Education,Department for Education,Ministerial and Public Communications Division,DFE-2249,Senior Executive Officer - London,46971,51973,Senior Executive Officer - Ministerial and Public Communications Division SEO-London,3.89,Other,London
479,Department for Education,Department for Education,SFSO Operational Delivery - South,DFE-2085,HEO - National,36000,38229,Higher Executive Officer - SFSO Operational Delivery - South HEO-Yorkshire and The Humber,4.81,Other,Yorkshire and The Humber
480,Department for Education,Department for Education,CSC Regional Cooperatives and Fostering,DFE-2443,Grade 7 - National,58185,67219,Manager - CSC Regional Cooperatives and Fostering Grade 7-Yorkshire and The Humber,4.0,Other,Yorkshire and The Humber
481,Department for Education,Department for Education,International Evidence and Trade,DFE-2470,Grade 7 - National,58185,67219,Manager - International Evidence and Trade Grade 7-North East,1.9,Other,North East
482,Department for Education,Department for Education,CSC Serious Incidents and National Safeguarding Panel,DFE-2299,Grade 7 - National,58185,67219,Manager - CSC Serious Incidents and National Safeguarding Panel Grade 7-Yorkshire and The Humber,4.0,Other,Yorkshire and The Humber
483,Department for Education,Department for Education,"Access, Participation and Applications",DFE-2231,Senior Executive Officer - National,42806,47047,"Senior Executive Officer - Access, Participation and Applications​ SEO-Yorkshire and The Humber",2.75,Other,Yorkshire and The Humber
484,Department for Education,Department for Education,Schools and Funding Analysis,DFE-2567,Senior Executive Officer - National,42806,47047,Senior Executive Officer - Schools and Funding Analysis SEO-South West,6.8,Other,South West
485,Department for Education,Department for Education,"CSC Social Worker Training, Development and Leadership",DFE-2558,Grade 6 - London,74528,82869,"Manager - CSC Social Worker Training, Development and Leadership Grade 6-London",2.0,Other,London
486,Department for Education,Department for Education,Customer Experience & Design,DFE-2478,EA - National,27244,27244,Executive Assistant - Customer Experience & Design EO-Yorkshire and The Humber,1.0,Other,Yorkshire and The Humber
487,Department for Education,Department for Education,Inclusive Mainstream,DFE-2647,Grade 7 - London,62336,72057,Manager - Inclusive Mainstream Grade 7-London,7.0,Other,London
488,Department for Education,Department for Education,"Early Years Quality, Recovery and Welfare",DFE-2240,Senior Executive Officer - National,42806,47047,"Senior Executive Officer - Early Years Quality, Recovery and Welfare SEO-Yorkshire and The Humber",3.81,Other,Yorkshire and The Humber
489,Department for Education,Department for Education,Technology Operations,DFE-2461,Grade 7 - London,62336,72057,Manager - Technology Operations Grade 7-London,4.0,Other,London
490,Department for Education,Department for Education,School Strategy and System,DFE-2639,Grade 7 - National,58185,67219,Manager - School Strategy and System Grade 7-East Midlands,1.0,Other,East Midlands
491,Department for Education,Department for Education,Operational Excellence,DFE-2292,HEO - National,36000,38229,Higher Executive Officer - Operational Excellence HEO-North East,8.69,Other,North East
492,Department for Education,Department for Education,The Apprenticeships Service (DDAT)​,DFE-2486,Grade 7 - National,58185,67219,Manager - The Apprenticeships Service (DDAT)​ Grade 7-West Midlands,23.32,Other,West Midlands
493,Department for Education,Department for Education,Education Estates Portfolio Oversight and Directorate Support,DFE-2648,EO - National,31479,31479,Executive Officer - Education Estates Portfolio Oversight and Directorate Support EO-North East,3.0,Other,North East
494,Department for Education,Department for Education,Schools Regulation and Quality,DFE-2212,Grade 7 - London,62336,72057,Manager - Schools Regulation and Quality Grade 7-London,3.0,Other,London
495,Department for Education,Department for Education,Strategic Communications and Campaigns,DFE-2163,Grade 7 - London,62336,72057,Manager - Strategic Communications and Campaigns Grade 7-London,7.2,Other,London
496,Department for Education,Department for Education,Childcare Reform Delivery & Directorate Support,DFE-2576,Grade 6 - London,74528,82869,Manager - Childcare Reform Delivery & Directorate Support Grade 6-London,1.0,Other,London
497,Department for Education,Department for Education,Further Education Funding,DFE-2100,Senior Executive Officer - National,42806,47047,Senior Executive Officer - FE System and Oversight SEO-Yorkshire and The Humber,1.0,Other,Yorkshire and The Humber
498,Department for Education,Department for Education,Sector Reporting,DFE-2185,Senior Executive Officer - National,42806,47047,Senior Executive Officer - Sector Reporting Grade 7-North East,1.0,Other,North East
499,Department for Education,Department for Education,CSC Regional Cooperatives and Fostering,DFE-2443,Senior Executive Officer - National,42806,47047,Senior Executive Officer - CSC Regional Cooperatives and Fostering SEO-Unknown,1.0,Other,Unknown
500,Department for Education,Department for Education,"Admissions, School Organisation, Transport",DFE-2346,Grade 7 - National,58185,67219,"Manager - Admissions, School Organisation, Transport Grade 7-Yorkshire and The Humber",1.8,Other,Yorkshire and The Humber
501,Department for Education,Department for Education,Work Based Skills Operational Delivery,DFE-2619,Grade 7 - National,58185,67219,Manager - Work Based Skills Operational Delivery Grade 7-Yorkshire and The Humber,3.86,Other,Yorkshire and The Humber
502,Department for Education,Department for Education,"Breakfast Clubs, Wraparound Childcare and HAF",DFE-2544,Grade 6 - London,74528,82869,"Manager - Breakfast Clubs, Wraparound Childcare and HAF Grade 6-London",2.81,Other,London
503,Department for Education,Department for Education,CSC Child Protection and Safeguarding,DFE-2337,Grade 6 - London,74528,82869,Manager - CSC Child Protection and Safeguarding Grade 6-London,2.19,Other,London
504,Department for Education,Department for Education,Regions Group: West Midlands,DFE-2406,Senior Executive Officer - National,42806,47047,Senior Executive Officer - Regions Group: West Midlands SEO-Yorkshire and The Humber,2.0,Other,Yorkshire and The Humber
505,Department for Education,Department for Education,FE Workforce,DFE-2668,Senior Executive Officer - National,42806,47047,Senior Executive Officer - FE Workforce SEO-North East,4.0,Other,North East
506,Department for Education,Department for Education,Operations and Infrastructure Group,DFE-2536,HEO - London,40132,42699,Higher Executive Officer - Commercial School Resource Management (Protected) HEO-London,0.88,Other,London
507,Department for Education,Department for Education,Operational Excellence,DFE-2292,HEO - National,36000,38229,Higher Executive Officer - Operational Excellence HEO-Yorkshire and The Humber,6.35,Other,Yorkshire and The Humber
508,Department for Education,Department for Education,SFSO Operational Delivery - South,DFE-2085,Senior Executive Officer - National,42806,47047,Senior Executive Officer - SFSO Operational Delivery - South SEO-North East,1.0,Other,North East
509,Department for Education,Department for Education,Regions Group: National,DFE-2279,HEO - National,36000,38229,Higher Executive Officer - Regions Group: National HEO-East Midlands,3.49,Other,East Midlands
510,Department for Education,Skills England,Regions,DFE-2197,Grade 7 - London,62336,72057,Manager - Regions Grade 7-London,2.6,Other,London
511,Department for Education,Department for Education,Higher Education Oversight,DFE-2660,Grade 7 - National,58185,67219,Manager - Lifelong Loan Entitlement Grade 7-North East,1.8,Other,North East
512,Department for Education,Department for Education,Specialist Restructuring,DFE-2173,Senior Executive Officer - National,42806,47047,Senior Executive Officer - Specialist Restructuring SEO-Yorkshire and The Humber,4.0,Other,Yorkshire and The Humber
513,Department for Education,Department for Education,Essential Skills and Multiply,DFE-2104,Senior Executive Officer - National,42806,47047,Senior Executive Officer - Essential Skills and Multiply SEO-North West,1.8,Other,North West
514,Department for Education,Department for Education,Regions Group: East Midlands,DFE-2022,HEO - National,36000,38229,Higher Executive Officer - Regions Group: East Midlands HEO-Yorkshire and The Humber,13.22,Other,Yorkshire and The Humber
515,Department for Education,Department for Education,International Strategy & Partnerships,DFE-2432,Senior Executive Officer - National,42806,47047,Senior Executive Officer - International Strategy & Partnerships SEO-Yorkshire and The Humber,2.0,Other,Yorkshire and The Humber
516,Department for Education,Department for Education,Construction Delivery South East and London,DFE-2222,Senior Executive Officer - National,42806,47047,"Senior Executive Officer - Construction Programme Management, Planning and Assurance SEO-North East",1.0,Other,North East
517,Department for Education,Department for Education,"Construction Grants, Assurance and Response",DFE-2344,Grade 7 - National,58185,67219,"Manager - Construction Grants, Assurance and Response Grade 7-North East",1.0,Other,North East
518,Department for Education,Department for Education,Counter Fraud  and Prevention,DFE-2290,Senior Executive Officer - National,42806,47047,Senior Executive Officer - Counter Fraud and Prevention SEO-East Midlands,3.0,Other,East Midlands
519,Department for Education,Department for Education,"Construction Grants, Assurance and Response",DFE-2344,Grade 7 - National,58185,67219,Manager - Condition Funding & Response Grade 7-North East,1.0,Other,North East
520,Department for Education,Department for Education,Families Analysis,DFE-2152,HEO (Higher Statistical Officer) - National,40044,42778,Higher Executive Officer - Families Analysis HEO-North East,0.43,Other,North East
521,Department for Education,Department for Education,"Capability, Investments, Analysis and Reporting",DFE-2162,G7 (Accountant) - London,62617,72057,"Manager - Capability, Investments, Analysis and Reporting Grade 7-London",0.67,Other,London
522,Department for Education,Department for Education,"Products, Quality and Market",DFE-2127,Grade 7 - London,62336,72057,"Manager - Products, Quality and Market Grade 7-London",2.0,Other,London
523,Department for Education,Department for Education,International Placements,DFE-2491,Grade 6 - London,74528,82869,Manager - International Placements Grade 6-London,2.0,Other,London
524,Department for Education,Department for Education,International Evidence and Trade,DFE-2470,Senior Executive Officer - National,42806,47047,Senior Executive Officer - International Evidence and Trade SEO-Yorkshire and The Humber,3.0,Other,Yorkshire and The Humber
525,Department for Education,Department for Education,"Financial Business Partnering: Skills, OIG and Strategy",DFE-2652,Grade 6 - London,74528,82869,"Manager - Financial Business Partnering: Skills, OIG and Strategy Grade 6-London",0.91,Other,London
526,Department for Education,Department for Education,Skills Strategy and Delivery,DFE-2570,EO - National,31479,31479,Executive Officer - Skills Strategy and Delivery EO-Yorkshire and The Humber,0.8,Other,Yorkshire and The Humber
527,Department for Education,Department for Education,Regions Group: East Midlands,DFE-2144,Grade 7 - National,58185,67219,Manager - Regions Group: East Midlands Grade 7-East Midlands,2.81,Other,East Midlands
528,Department for Education,Department for Education,International Placements,DFE-2491,Grade 7 - London,62336,72057,Manager - International Placements Grade 7-London,3.0,Other,London
529,Department for Education,Department for Education,Schools and Funding Analysis,DFE-2567,Grade 7 - London,62336,72057,Manager - Schools and Funding Analysis Grade 7-London,6.36,Other,London
530,Department for Education,Department for Education,Improvement and Insight,DFE-2223,Grade 6 - London,74528,82869,Manager - Improvement and Insight Grade 6-London,2.0,Other,London
531,Department for Education,Department for Education,Further Education Oversight,DFE-2019,EO - London,35438,35438,Executive Officer - Further Education Provider Oversight EO-London,1.0,Other,London
532,Department for Education,Department for Education,Student Funding Policy​,DFE-2516,HEO - London,40132,42699,Higher Executive Officer - Student Funding Policy​ HEO-London,1.0,Other,London
533,Department for Education,Department for Education,Higher Education Analysis,DFE-2632,SEO (Senior Research Officer) - London,52799,58810,Senior Executive Officer - HE Analysis SEO-London,15.06,Other,London
534,Department for Education,Department for Education,Skills Policy Analysis​,DFE-2520,Grade 7 - National,58185,67219,Manager - Skills Policy Analysis​ Grade 7-Yorkshire and The Humber,1.6,Other,Yorkshire and The Humber
535,Department for Education,Department for Education,Higher Education Quality and Regulation,DFE-2649,Senior Executive Officer - London,46971,51973,Senior Executive Officer - Higher Education Quality and Regulation SEO-London,2.0,Other,London
536,Department for Education,Department for Education,Technical Education & Qualification Reforms,DFE-2093,Grade 6 - London,74528,82869,Manager - Technical Education & Qualification Reforms​ Grade 6-London,3.22,Other,London
537,Department for Education,Department for Education,International Evidence and Trade,DFE-2470,SEO (Statistical Officer) - National,48999,53884,Senior Executive Officer - International Evidence and Trade SEO-West Midlands,1.0,Other,West Midlands
538,Department for Education,Department for Education,"Growth and Skills Levy, Strategy and Engagement",DFE-2642,HEO - London,40132,42699,"Higher Executive Officer - Growth and Skills Levy, Strategy and Engagement HEO-London",1.16,Other,London
539,Department for Education,Department for Education,Attendance,DFE-2533,Grade 7 - London,62336,72057,Manager - Attendance Grade 7-London,3.6,Other,London
540,Department for Education,Department for Education,Family Hubs and Early Years Interventions,DFE-2393,Grade 7 - London,62336,72057,Manager - Family Hubs and Early Years Interventions Grade 7-London,6.9,Other,London
541,Department for Education,Department for Education,Higher Education Strategy and Portfolio,DFE-2239,EA - London,30551,30551,Executive Assistant - HE Reform EA-London,0.4,Other,London
542,Department for Education,Department for Education,Careers,DFE-2653,EO - London,35438,35438,Executive Officer - Careers EO-London,1.0,Other,London
543,Department for Education,Department for Education,Student Funding Policy​,DFE-2516,Grade 7 - National,58185,67219,Manager - Students Loans Company Sponsorship and LLE Engagement Grade 7-Unknown,1.0,Other,Unknown
544,Department for Education,Department for Education,Education Estates Data Collection and Analysis,DFE-2627,Grade 6 - London,74528,82869,Manager - Education Estates Data Collection and Analysis Grade 6-London,1.0,Other,London
545,Department for Education,Department for Education,Financial Reporting,DFE-2454,Grade 6 - London,74528,82869,Manager - Financial Reporting Grade 6-London,1.0,Other,London
546,Department for Education,Department for Education,Further Education Workforce,DFE-2218,Grade 7 - London,62336,72057,Manager - FE Workforce Grade 7-London,5.3,Other,London
547,Department for Education,Department for Education,HR Services & Specialist Advice,DFE-2001,Grade 7 - National,58185,67219,Manager - HR Services & Specialist Advice Grade 7-Yorkshire and The Humber,2.09,Other,Yorkshire and The Humber
548,Department for Education,Department for Education,Regions Group: South West,DFE-2365,Grade 6 - National,70854,78241,Manager - Regions Group: South West Grade 6-East Of England,1.0,Other,East Of England
549,Department for Education,Department for Education,Early Years Markets and Strategy,DFE-2644,HEO - National,36000,38229,Higher Executive Officer - Early Years Markets and Strategy HEO-Yorkshire and The Humber,2.6,Other,Yorkshire and The Humber
550,Department for Education,Department for Education,"Strategic Analysis, Research, Data, Intelligence & Science (SARDIS)",DFE-2534,Grade 7 - National,58185,67219,Manager - Strategy and Delivery Directorate Grade 7-Yorkshire and The Humber,1.0,Other,Yorkshire and The Humber
551,Department for Education,Department for Education,Skills Policy Analysis​,DFE-2520,Grade 7 - London,62336,72057,Manager - Skills Policy Analysis​ Grade 7-London,7.31,Other,London
552,Department for Education,Department for Education,Further Education Funding,DFE-2100,Grade 7 - London,62336,72057,Manager - FE Funding Grade 7-London,2.0,Other,London
553,Department for Education,Department for Education,Regions Group: National,DFE-2021,Grade 6 - London,74528,82869,Manager - Regions Group: National Grade 6-London,2.75,Other,London
554,Department for Education,Department for Education,Higher Education Analysis,DFE-2632,Grade 7 - London,62336,72057,Manager - HE Analysis Grade 7-London,7.6,Other,London
555,Department for Education,Department for Education,Skills Strategy and Delivery,DFE-2570,Senior Executive Officer - National,42806,47047,Senior Executive Officer - Skills Strategy and Delivery SEO-North West,1.64,Other,North West
556,Department for Education,Department for Education,Skills Policy Analysis​,DFE-2520,Grade 6 - London,74528,82869,Manager - Skills Policy Analysis​ Grade 6-London,2.0,Other,London
557,Department for Education,Department for Education,Higher Education Oversight,DFE-2660,Grade 6 - London,74528,82869,Manager - Lifelong Loan Entitlement Grade 6-London,3.0,Other,London
558,Department for Education,Department for Education,Further Education Oversight,DFE-2019,EO - London,35438,35438,Executive Officer - Further Education Oversight Directorate Support EO-London,1.0,Other,London
559,Department for Education,Skills England,Analysis and Insights,DFE-2434,Grade 6 - London,74528,82869,Manager - Analysis and Insight Grade 6-London,2.0,Other,London
560,Department for Education,Department for Education,Developing Teachers and Leaders,DFE-2670,Grade 7 - London,62336,72057,Manager - Developing Teachers and Leaders Grade 7-London,6.47,Other,London
561,Department for Education,Department for Education,Higher Education Quality and Regulation,DFE-2649,Grade 7 - National,58185,67219,Manager - Higher Technical Education Grade 7-Yorkshire and The Humber,2.0,Other,Yorkshire and The Humber
562,Department for Education,Department for Education,Higher Education Funding Integrity,DFE-2605,Grade 7 - National,58185,67219,Manager - Higher Education Funding Integrity Grade 7-Yorkshire and The Humber,1.0,Other,Yorkshire and The Humber
563,Department for Education,Department for Education,Work Based Skills Operations and Performance,DFE-2423,Senior Executive Officer - National,42806,47047,Senior Executive Officer - Work Based Skills Operations and Performance SEO-Yorkshire and The Humber,5.0,Other,Yorkshire and The Humber
564,Department for Education,Department for Education,"FE Support, Improvement and Provider Engagement",DFE-2394,Senior Executive Officer - National,42806,47047,"Senior Executive Officer - FE Support, Improvement and Provider Engagement SEO-Yorkshire and The Humber",1.0,Other,Yorkshire and The Humber
565,Department for Education,Department for Education,Work Based Skills Operational Delivery,DFE-2619,Grade 6 - National,70854,78241,Manager - Work Based Skills Operational Delivery Grade 6-East Midlands,1.0,Other,East Midlands
566,Department for Education,Department for Education,Ministerial and Public Communications Division,DFE-2249,HEO - National,36000,38229,Higher Executive Officer - Ministerial and Public Communications Division HEO-Yorkshire and The Humber,3.64,Other,Yorkshire and The Humber
567,Department for Education,Skills England,Regions,DFE-2197,Grade 7 - National,58185,67219,Manager - Regions Grade 7-East Midlands,1.0,Other,East Midlands
568,Department for Education,Department for Education,Skills Strategy and Delivery,DFE-2570,HEO - National,36000,38229,Higher Executive Officer - Skills Strategy and Delivery HEO-North West,1.61,Other,North West
569,Department for Education,Department for Education,Student Funding Policy​,DFE-2516,HEO - National,36000,38229,Higher Executive Officer - Students Loans Company Sponsorship and LLE Engagement HEO-Yorkshire and The Humber,1.0,Other,Yorkshire and The Humber
570,Department for Education,Department for Education,Careers,DFE-2653,HEO - National,36000,38229,Higher Executive Officer - Careers HEO-Yorkshire and The Humber,3.95,Other,Yorkshire and The Humber
571,Department for Education,Department for Education,International Placements,DFE-2491,Senior Executive Officer - London,46971,51973,Senior Executive Officer - International Placements SEO-London,5.0,Other,London
572,Department for Education,Department for Education,Counter Extremism and Non-School Education,DFE-2398,HEO - London,40132,42699,Higher Executive Officer - Counter Extremism and Non-School Education HEO-London,3.0,Other,London
573,Department for Education,Department for Education,FE Provider Infrastructure,DFE-2387,Senior Executive Officer - London,46971,51973,Senior Executive Officer - FE Provider Infrastructure​ SEO-London,1.0,Other,London
574,Department for Education,Standard and Testing Agency,"Standards, Testing and Regulation Directorate",DFE-2135,EO - National,31479,31479,Executive Officer - Assessment Research and Development EO-Yorkshire and The Humber,1.0,Other,Yorkshire and The Humber
575,Department for Education,Department for Education,Central Analysis Unit,DFE-2238,Grade 6 - London,74528,82869,Manager - Central Analysis Unit Grade 6-London,4.0,Other,London
576,Department for Education,Department for Education,Teaching Workforce Teaching Analysis,DFE-2183,Grade 7 - National,58185,67219,Manager - Teaching Workforce Teaching Analysis Grade 7-Yorkshire and The Humber,2.7,Other,Yorkshire and The Humber
577,Department for Education,Department for Education,Families Analysis,DFE-2152,Grade 6 - National,70854,78241,Manager - Families Analysis Grade 6-Yorkshire and The Humber,1.0,Other,Yorkshire and The Humber
578,Department for Education,Department for Education,Work Based Skills,DFE-2129,EO - National,31479,31479,Executive Officer - Work Based Skills Operations and Performance EO-North West,2.0,Other,North West
579,Department for Education,Department for Education,Future Student Finance and Funding​,DFE-2665,Senior Executive Officer - London,46971,51973,Senior Executive Officer - Future Student Finance and Funding​ SEO-London,3.0,Other,London
580,Department for Education,Department for Education,Work Based Skills Operational Delivery,DFE-2619,HEO - National,36000,38229,Higher Executive Officer - Work Based Skills Operational Delivery HEO-Yorkshire and The Humber,4.0,Other,Yorkshire and The Humber
581,Department for Education,Department for Education,Student Funding Policy​,DFE-2516,Senior Executive Officer - London,46971,51973,Senior Executive Officer - Student Funding Policy​ SEO-London,1.0,Other,London
582,Department for Education,Department for Education,Insight and Statistics,DFE-2400,Grade 6 - London,74528,82869,Manager - Insight and Statistics Grade 6-London,0.6,Other,London
583,Department for Education,Department for Education,Cyber and Information Security (CISO),DFE-2485,Grade 7 - London,62336,72057,Manager - Cyber and Information Security (CISO) Grade 7-London,2.0,Other,London
584,Department for Education,Department for Education,"HR Organisation Design, Development & Engagement",DFE-2407,Senior Executive Officer - London,46971,51973,"Senior Executive Officer - HR Organisation Design, Development & Engagement SEO-London",1.0,Other,London
585,Department for Education,Department for Education,T - Level Policy,DFE-2542,Grade 6 - London,74528,82869,Manager - T - Level Policy​ Grade 6-London,1.81,Other,London
586,Department for Education,Department for Education,Higher Education Strategy and Portfolio,DFE-2239,HEO - London,40132,42699,Higher Executive Officer - Higher Education Strategy and Portfolio HEO-London,2.0,Other,London
587,Department for Education,Department for Education,Ministerial and Public Communications Division,DFE-2249,Senior Executive Officer - National,42806,47047,Senior Executive Officer - Ministerial and Public Communications Division SEO-Yorkshire and The Humber,3.89,Other,Yorkshire and The Humber
588,Department for Education,Department for Education,Family Hubs and Early Years Interventions,DFE-2393,Grade 6 - National,70854,78241,Manager - Family Hubs and Early Years Interventions Grade 6-Yorkshire and The Humber,3.0,Other,Yorkshire and The Humber
589,Department for Education,Department for Education,"FE Support, Improvement and Provider Engagement",DFE-2394,Grade 6 - London,74528,82869,"Manager - FE Support, Improvement and Provider Engagement Grade 6-London",1.81,Other,London
590,Department for Education,Department for Education,Ministerial and Public Communications Division,DFE-2249,EA - London,30551,30551,Executive Assistant - Ministerial and Public Communications Division EA-London,3.0,Other,London
591,Department for Education,Department for Education,Social Justice and Disadvantage,DFE-2519,Senior Executive Officer - London,46971,51973,Senior Executive Officer - Social Justice and Disadvantage SEO-London,1.8,Other,London
592,Department for Education,Department for Education,Higher Education Oversight,DFE-2660,HEO - London,40132,42699,Higher Executive Officer - Lifelong Loan Entitlement HEO-London,1.0,Other,London
593,Department for Education,Department for Education,Technology Directorate,DFE-2553,Grade 7 - National,58185,67219,Manager - DDT Central Operations Grade 7-Yorkshire and The Humber,0.81,Other,Yorkshire and The Humber
594,Department for Education,Department for Education,Work Based Skills Operations and Performance,DFE-2423,Senior Executive Officer - London,46971,51973,Senior Executive Officer - Work Based Skills Operations and Performance SEO-London,2.0,Other,London
595,Department for Education,Department for Education,Skills Strategy and Delivery,DFE-2570,HEO - National,36000,38229,Higher Executive Officer - Sector Skills HEO-Yorkshire and The Humber,1.0,Other,Yorkshire and The Humber
596,Department for Education,Department for Education,Further Education Funding,DFE-2100,Senior Executive Officer - National,42806,47047,Senior Executive Officer - FE Funding SEO-Yorkshire and The Humber,1.0,Other,Yorkshire and The Humber
597,Department for Education,Department for Education,Higher Education Analysis,DFE-2632,Grade 6 - London,74528,82869,Manager - HE Analysis Grade 6-London,2.0,Other,London
598,Department for Education,Department for Education,"HR Organisation Design, Development & Engagement",DFE-2407,Grade 6 - National,70854,78241,"Manager - HR Organisation Design, Development & Engagement Grade 6-Yorkshire and The Humber",0.8,Other,Yorkshire and The Humber
599,Department for Education,Department for Education,Higher Education Analysis,DFE-2632,HEO (Higher Statistical Officer) - National,40044,42778,Higher Executive Officer - HE Analysis HEO-Yorkshire and The Humber,2.0,Other,Yorkshire and The Humber
600,Department for Education,Department for Education,Student Funding Policy​,DFE-2516,Grade 6 - National,70854,78241,Manager - Student Funding Policy​ Grade 6-Yorkshire and The Humber,0.86,Other,Yorkshire and The Humber
601,Department for Education,Department for Education,DfE Covid-19 Inquiry Response,DFE-2369,Senior Executive Officer - London,46971,51973,Senior Executive Officer - DfE Covid-19 Inquiry Response SEO-London,0.8,Other,London
602,Department for Education,Department for Education,"Breakfast Clubs, Wraparound Childcare and HAF",DFE-2544,Grade 7 - National,58185,67219,"Manager - Breakfast Clubs, Wraparound Childcare and HAF Grade 7-Yorkshire and The Humber",2.59,Other,Yorkshire and The Humber
603,Department for Education,Department for Education,Developing Teachers and Leaders,DFE-2670,Grade 6 - London,74528,82869,Manager - Developing Teachers and Leaders Grade 6-London,2.7,Other,London
604,Department for Education,Department for Education,Early Years Sufficiency and Entitlements,DFE-2225,Senior Executive Officer - London,46971,51973,Senior Executive Officer - Early Years Sufficiency and Entitlements SEO-London,2.8,Other,London
605,Department for Education,Department for Education,Regions Group: South West,DFE-2403,Senior Executive Officer - London,46971,51973,Senior Executive Officer - Regions Group: South West SEO-London,1.0,Other,London
606,Department for Education,Department for Education,SFSO Central Division,DFE-2202,HEO - National,36000,38229,Higher Executive Officer - SFSO Central Division HEO-North West,2.8,Other,North West
607,Department for Education,Department for Education,Teachers' Pension Scheme,DFE-2675,Grade 7 - National,58185,67219,Manager - Teachers' Pension Scheme Grade 7-North West,1.0,Other,North West
608,Department for Education,Skills England,Analysis and Insights,DFE-2434,SEO (Senior Research Officer) - London,52799,58810,Senior Executive Officer - Analysis and Insight SEO-London,5.0,Other,London
609,Department for Education,Department for Education,High Quality Curriculum,DFE-2324,EO - London,35438,35438,Executive Officer - High Quality Curriculum EO-London,2.0,Other,London
610,Department for Education,Department for Education,"Estates, Security and People",DFE-2025,Grade 7 - National,58185,67219,"Manager - Estates, Security and People Grade 6-Yorkshire and The Humber",1.0,Other,Yorkshire and The Humber
611,Department for Education,Department for Education,"Access, Participation and Applications",DFE-2231,HEO - London,40132,42699,"Higher Executive Officer - Access, Participation and Applications​ HEO-London",2.0,Other,London
612,Department for Education,Department for Education,CSC Child Protection and Safeguarding,DFE-2337,Senior Executive Officer - National,42806,47047,Senior Executive Officer - CSC Child Protection and Safeguarding SEO-Yorkshire and The Humber,3.45,Other,Yorkshire and The Humber
613,Department for Education,Department for Education,"Education Estates Design, Engineering, Cost and Building Technology",DFE-2208,Senior Executive Officer - London,46971,51973,"Senior Executive Officer - Education Estates Design, Engineering, Cost and Building Technology SEO-London",1.0,Other,London
614,Department for Education,Department for Education,Customer Experience and Digital Directorate,DFE-2124,Grade 7 - National,58185,67219,Manager - Digital Delivery - Schools Grade 7-North West,4.91,Other,North West
615,Department for Education,Department for Education,Insight and Statistics,DFE-2400,HEO (Higher Statistical Officer) - London,44424,47250,Higher Executive Officer - Insight and Statistics HEO-London,5.0,Other,London
616,Department for Education,Department for Education,SFSO Operational Delivery - North,DFE-2084,Senior Executive Officer - National,42806,47047,Senior Executive Officer - SFSO Operational Delivery - North SEO-Yorkshire and The Humber,7.0,Other,Yorkshire and The Humber
617,Department for Education,Department for Education,Higher Education Funding Integrity,DFE-2605,Grade 6 - London,74528,82869,Manager - Higher Education Funding Integrity Grade 6-London,1.7,Other,London
618,Department for Education,Department for Education,School Based Nursery Expansion,DFE-2640,Grade 6 - National,70854,78241,Manager - School Based Nursery Expansion Grade 6-Yorkshire and The Humber,0.9,Other,Yorkshire and The Humber
619,Department for Education,Department for Education,"Education Estates Design, Engineering, Cost and Building Technology",DFE-2208,Senior Executive Officer - National,42806,47047,"Senior Executive Officer - Education Estates Design, Engineering, Cost and Building Technology SEO-West Midlands",1.0,Other,West Midlands
620,Department for Education,Department for Education,"Growth and Skills Levy, Strategy and Engagement",DFE-2642,Grade 7 - National,58185,67219,"Manager - Growth and Skills Levy, Strategy and Engagement Grade 7-Yorkshire and The Humber",1.0,Other,Yorkshire and The Humber
621,Department for Education,Department for Education,High Quality Curriculum,DFE-2324,Senior Executive Officer - National,42806,47047,Senior Executive Officer - High Quality Curriculum SEO-Yorkshire and The Humber,1.0,Other,Yorkshire and The Humber
622,Department for Education,Department for Education,CS Policy Profession Unit,DFE-2498,Senior Executive Officer - National,42806,47047,Senior Executive Officer - CS Policy Profession Unit SEO-West Midlands,2.0,Other,West Midlands
623,Department for Education,Department for Education,"CSC Social Worker Training, Development and Leadership",DFE-2558,EO - London,35438,35438,"Executive Officer - CSC Social Worker Training, Development and Leadership EO-London",2.0,Other,London
624,Department for Education,Department for Education,Strategic Communications and Campaigns,DFE-2163,SEO (Information Officer) - National,48999,53884,Senior Executive Officer - Strategic Communications and Campaigns SEO-Yorkshire and The Humber,3.43,Other,Yorkshire and The Humber
625,Department for Education,Department for Education,Developing Teachers and Leaders,DFE-2670,Grade 7 - National,58185,67219,Manager - Schools Digital Grade 7-North East,6.0,Other,North East
626,Department for Education,Department for Education,SFSO Operational Delivery - South,DFE-2085,Grade 6 - London,74528,82869,Manager - SFSO Operational Delivery - South Grade 6-London,3.0,Other,London
627,Department for Education,Department for Education,CSC Looked After Children Placements,DFE-2582,Grade 7 - National,58185,67219,Manager - CSC Looked After Children Placements Grade 7-North East,0.78,Other,North East
628,Department for Education,Department for Education,"Capability, Investments, Analysis and Reporting",DFE-2162,Grade 6 - London,74528,82869,"Manager - Capability, Investments, Analysis and Reporting Grade 6-London",1.86,Other,London
629,Department for Education,Department for Education,SFSO Operational Delivery - South,DFE-2085,Grade 6 - National,70854,78241,Manager - SFSO Operational Delivery - South Grade 6-Yorkshire and The Humber,1.0,Other,Yorkshire and The Humber
630,Department for Education,Department for Education,"Construction Grants, Assurance and Response",DFE-2344,Grade 7 - National,58185,67219,"Manager - Construction Grants, Assurance and Response Grade 7-Yorkshire and The Humber",1.72,Other,Yorkshire and The Humber
631,Department for Education,Department for Education,Schools Productivity Unit,DFE-2651,Senior Executive Officer - London,46971,51973,Senior Executive Officer - Schools Productivity Unit SEO-London,1.0,Other,London
632,Department for Education,Department for Education,Funding Policy Implementation,DFE-2609,Senior Executive Officer - National,42806,47047,Senior Executive Officer - Funding Policy Implementation SEO-West Midlands,4.0,Other,West Midlands
633,Department for Education,Department for Education,Assurance,DFE-2192,HEO - National,36000,38229,Higher Executive Officer - Assurance HEO-Yorkshire and The Humber,7.0,Other,Yorkshire and The Humber
634,Department for Education,Department for Education,Family Support,DFE-2305,Senior Executive Officer - National,42806,47047,Senior Executive Officer - Family Support SEO-West Midlands,2.86,Other,West Midlands
635,Department for Education,Skills England,Delivery and Reform,DFE-2693,Grade 7 - London,62336,72057,Manager - Development and Innovation Grade 7-Unknown,1.0,Other,Unknown
636,Department for Education,Department for Education,Independent Market Oversight,DFE-2507,Grade 6 - National,70854,78241,Manager - Independent Market Oversight Grade 6-Unknown,3.0,Other,Unknown
637,Department for Education,Department for Education,"Financial Business Partnering: Skills, OIG and Strategy",DFE-2652,Grade 7 - National,58185,67219,"Manager - Financial Business Partnering: Skills, OIG and Strategy Grade 7-West Midlands",5.0,Other,West Midlands
638,Department for Education,Department for Education,Enterprise Data for Access and Sharing,DFE-2658,Grade 7 - National,58185,67219,Manager - Enterprise Data for Access and Sharing 7-West Midlands,4.0,Other,West Midlands
639,Department for Education,Department for Education,Work Based Skills Operational Delivery,DFE-2619,Grade 7 - National,58185,67219,Manager - Work Based Skills Operational Delivery Grade 7-West Midlands,2.81,Other,West Midlands
640,Department for Education,Department for Education,Work Based Skills Operations and Performance,DFE-2423,Grade 7 - National,58185,67219,Manager - Work Based Skills Operations and Performance Grade 7-West Midlands,3.95,Other,West Midlands
641,Department for Education,Department for Education,Operational Excellence,DFE-2292,Grade 6 - National,70854,78241,Manager - Operational Excellence Grade 6-Unknown,1.0,Other,Unknown
642,Department for Education,Department for Education,"Payroll, Reward, Policies and ER",DFE-2527,HEO - National,36000,38229,"Higher Executive Officer - Payroll, Reward, Policies and ER HEO-West Midlands",5.0,Other,West Midlands
643,Department for Education,Department for Education,Assurance,DFE-2192,HEO - National,36000,38229,Higher Executive Officer - Assurance HEO-West Midlands,2.0,Other,West Midlands
644,Department for Education,Department for Education,Technology Operations,DFE-2461,Senior Executive Officer - National,42806,47047,Senior Executive Officer - Data Protection Office SEO-West Midlands,3.0,Other,West Midlands
645,Department for Education,Department for Education,Enterprise Data for Access and Sharing,DFE-2658,Senior Executive Officer - National,42806,47047,Senior Executive Officer - Enterprise Data for Access and Sharing SEO-West Midlands,8.0,Other,West Midlands
646,Department for Education,Department for Education,The Apprenticeships Service (DDAT)​,DFE-2486,Senior Executive Officer - National,42806,47047,Senior Executive Officer - Digital Outcome Portfolio NCS Grade 7-West Midlands,1.0,Other,West Midlands
647,Department for Education,Department for Education,"Financial Business Partnering: Skills, OIG and Strategy",DFE-2652,Senior Executive Officer - London,46971,51973,Senior Executive Officer - ESFA Finance SEO-London,1.81,Other,London
648,Department for Education,Department for Education,Work Based Skills Operational Delivery,DFE-2619,SEO (Information Officer) - London,52799,58810,Senior Executive Officer - Work Based Skills Operational Delivery SEO-London,6.64,Other,London
649,Department for Education,Department for Education,Digital Delivery - Vulnerable Families & Children,DFE-2503,Grade 7 - National,58185,67219,Manager - Digital Delivery - Vulnerable Families & Children Grade 7-West Midlands,2.0,Other,West Midlands
650,Department for Education,Department for Education,"Financial Business Partnering: Skills, OIG and Strategy",DFE-2652,HEO (Accountant) - National,44467,47346,"Higher Executive Officer - Financial Business Partnering: Skills, OIG and Strategy HEO-North East",1.0,Other,North East
651,Department for Education,Department for Education,Work Based Skills Operational Delivery,DFE-2619,Senior Executive Officer - National,42806,47047,Senior Executive Officer - Work Based Skills Operational Delivery SEO-Yorkshire and The Humber,6.0,Other,Yorkshire and The Humber
652,Department for Education,Department for Education,Work Based Skills Operational Delivery,DFE-2619,Senior Executive Officer - National,42806,47047,Senior Executive Officer - Work Based Skills Operational Delivery SEO-North West,4.0,Other,North West
653,Department for Education,Department for Education,Independent Market Oversight,DFE-2507,Senior Executive Officer - London,46971,51973,Senior Executive Officer - Independent Market Oversight SEO-London,4.0,Other,London
654,Department for Education,Department for Education,SEND Strategy,DFE-2571,Grade 7 - National,58185,67219,Manager - SEND Strategy Grade 7-West Midlands,2.0,Other,West Midlands
655,Department for Education,Department for Education,Careers,DFE-2653,Grade 7 - National,58185,67219,Manager - Careers Grade 7 (Position Vacate:30/11/2025)-Yorkshire and The Humber,1.0,Other,Yorkshire and The Humber
656,Department for Education,Department for Education,Assurance,DFE-2192,Senior Executive Officer - National,42806,47047,Senior Executive Officer - Assurance SEO-North West,1.0,Other,North West
657,Department for Education,Department for Education,"HR Organisation Design, Development & Engagement",DFE-2407,Senior Executive Officer - National,42806,47047,"Senior Executive Officer - HR Business Partners, Workforce Skills and Strategy SEO-West Midlands",1.0,Other,West Midlands
658,Department for Education,Department for Education,Assurance,DFE-2192,Senior Executive Officer - National,42806,47047,Senior Executive Officer - Assurance SEO-Yorkshire and The Humber,3.0,Other,Yorkshire and The Humber
659,Department for Education,Department for Education,Work Based Skills Operational Delivery,DFE-2619,Grade 6 - National,70854,78241,Manager - Work Based Skills Operational Delivery Grade 6-West Midlands,2.36,Other,West Midlands
660,Department for Education,Department for Education,Specialist Restructuring,DFE-2173,G7 (Accountant) - National,58437,67219,Manager - Specialist Restructuring Grade 7-Unknown,1.0,Other,Unknown
661,Department for Education,Department for Education,"FE Support, Improvement and Provider Engagement",DFE-2394,Grade 7 - National,58185,67219,"Manager - FE Support, Improvement and Provider Engagement Grade 7-Unknown",2.0,Other,Unknown
662,Department for Education,Department for Education,"Financial Business Partnering: Skills, OIG and Strategy",DFE-2652,HEO - London,40132,42699,"Higher Executive Officer - Financial Business Partnering: Skills, OIG and Strategy HEO-London",1.0,Other,London
663,Department for Education,Department for Education,"Growth and Skills Levy, Strategy and Engagement",DFE-2642,Grade 6 - National,70854,78241,"Manager - Growth and Skills Levy, Strategy and Engagement Grade 6-West Midlands",1.0,Other,West Midlands
664,Department for Education,Department for Education,Data Science (ESFA),DFE-2601,Grade 7 - National,58185,67219,Manager - Data Science (ESFA) Grade 7-West Midlands,10.0,Other,West Midlands
665,Department for Education,Department for Education,Financial Operations,DFE-2200,EO - National,31479,31479,Executive Officer - Financial Operations EO-West Midlands,19.6,Other,West Midlands
666,Department for Education,Department for Education,"Breakfast Clubs, Wraparound Childcare and HAF",DFE-2544,Senior Executive Officer - National,42806,47047,"Senior Executive Officer - Breakfast Clubs, Wraparound Childcare and HAF SEO-West Midlands",3.0,Other,West Midlands
667,Department for Education,Department for Education,"Growth and Skills Levy, Strategy and Engagement",DFE-2642,Grade 7 - National,58185,67219,"Manager - Growth and Skills Levy, Strategy and Engagement Grade 7-West Midlands",4.0,Other,West Midlands
668,Department for Education,Department for Education,"Products, Quality and Market",DFE-2127,Grade 7 - National,58185,67219,"Manager - Products, Quality and Market Grade 7-West Midlands",3.0,Other,West Midlands
669,Department for Education,Department for Education,Higher Education Oversight,DFE-2660,HEO - National,36000,38229,Higher Executive Officer - Lifelong Loan Entitlement HEO-North East,1.0,Other,North East
670,Department for Education,Department for Education,Work Based Skills Operations and Performance,DFE-2423,Grade 7 - London,62336,72057,Manager - Work Based Skills Operations and Performance Grade 7-London,2.86,Other,London
671,Department for Education,Department for Education,Funding Policy Implementation,DFE-2609,Grade 7 - National,58185,67219,Manager - Funding Policy Implementation Grade 7-West Midlands,7.09,Other,West Midlands
672,Department for Education,Department for Education,Operational Excellence,DFE-2292,HEO - National,36000,38229,Higher Executive Officer - Operational Excellence HEO-West Midlands,13.58,Other,West Midlands
673,Department for Education,Department for Education,Independent Market Oversight,DFE-2507,HEO - National,36000,38229,Higher Executive Officer - Independent Market Oversight HEO-Yorkshire and The Humber,3.0,Other,Yorkshire and The Humber
674,Department for Education,Department for Education,Regions Group: West Midlands,DFE-2406,Grade 7 - National,58185,67219,Manager - Regions Group: West Midlands Grade 7-Unknown,1.0,Other,Unknown
675,Department for Education,Department for Education,Data Science (ESFA),DFE-2601,Senior Executive Officer - National,42806,47047,Senior Executive Officer - Data Science (ESFA) SEO-West Midlands,15.81,Other,West Midlands
676,Department for Education,Department for Education,T - Level Delivery ​,DFE-2626,Senior Executive Officer - National,42806,47047,Senior Executive Officer - T - Level Delivery ​ SEO-North East,1.81,Other,North East
677,Department for Education,Skills England,Analysis and Insights,DFE-2434,Grade 7 - National,58185,67219,Manager - Analysis and Insight Grade 7-Unknown,1.0,Other,Unknown
678,Department for Education,Department for Education,Technology Operations,DFE-2461,HEO - National,36000,38229,Higher Executive Officer - Technology Operations HEO-West Midlands,9.0,Other,West Midlands
679,Department for Education,Department for Education,Sector Reporting,DFE-2185,SEO (Accountant) - National,49615,54551,Senior Executive Officer - Sector Reporting SEO-West Midlands,3.0,Other,West Midlands
680,Department for Education,Department for Education,Assurance,DFE-2192,Senior Executive Officer - National,42806,47047,Senior Executive Officer - Assurance SEO-North East,3.51,Other,North East
681,Department for Education,Department for Education,Funding Policy Unit,DFE-2009,Grade 7 - National,58185,67219,Manager - Funding Policy Unit Grade 7 (Position Vacate:31/10/2025)-West Midlands,1.0,Other,West Midlands
682,Department for Education,Department for Education,Work Based Skills Operational Delivery,DFE-2619,Grade 7 - National,58185,67219,Manager - Work Based Skills Operational Delivery Grade 7-North East,2.0,Other,North East
683,Department for Education,Department for Education,London & South East Place Based Team,DFE-2489,Grade 7 - National,58185,67219,Manager - London & South East Place Based Team Grade 7-Unknown,10.0,Other,Unknown
684,Department for Education,Department for Education,T - Level Policy,DFE-2542,Senior Executive Officer - National,42806,47047,Senior Executive Officer - T - Level Policy​ SEO-West Midlands,0.8,Other,West Midlands
685,Department for Education,Department for Education,Central & South West Place Based Team,DFE-2508,Senior Executive Officer - National,42806,47047,Senior Executive Officer - Central & South West Place Based Team SEO-Unknown,1.91,Other,Unknown
686,Department for Education,Department for Education,Assurance,DFE-2192,HEO - National,36000,38229,Higher Executive Officer - Assurance HEO-Unknown,1.0,Other,Unknown
687,Department for Education,Department for Education,Advanced Analytics Division,DFE-2557,Grade 7 - National,58185,67219,Manager - Advanced Analytics Grade 7-Yorkshire and The Humber,2.0,Other,Yorkshire and The Humber
688,Department for Education,Department for Education,Insight and Statistics,DFE-2400,Grade 7 - National,58185,67219,Manager - Insight and Statistics Grade 7-West Midlands,2.0,Other,West Midlands
689,Department for Education,Skills England,Regions,DFE-2197,Grade 7 - National,58185,67219,Manager - Regions Grade 7-West Midlands,1.86,Other,West Midlands
690,Department for Education,Department for Education,Digital Delivery - Funding Services,DFE-2610,Grade 7 - National,58185,67219,Manager - Digital Delivery - Funding Services Grade 7-West Midlands,4.0,Other,West Midlands
691,Department for Education,Department for Education,Work Based Skills Operational Delivery,DFE-2619,Grade 6 - National,70854,78241,Manager - Work Based Skills Operational Delivery Grade 6-Unknown,0.64,Other,Unknown
692,Department for Education,Department for Education,Financial Operations,DFE-2200,Grade 7 - National,58185,67219,Manager - Financial Operations Grade 7-West Midlands,5.82,Other,West Midlands
693,Department for Education,Department for Education,"FE Support, Improvement and Provider Engagement",DFE-2394,Grade 7 - National,58185,67219,"Manager - FE Support, Improvement and Provider Engagement Grade 7-West Midlands",4.0,Other,West Midlands
694,Department for Education,Skills England,Reform and Development,DFE-2689,Senior Executive Officer - National,42806,47047,Senior Executive Officer - Development and Innovation SEO-North East,6.0,Other,North East
695,Department for Education,Department for Education,Independent Market Oversight,DFE-2507,Grade 7 - London,62336,72057,Manager - Independent Market Oversight Grade 7-London,2.0,Other,London
696,Department for Education,Department for Education,The Apprenticeships Service (DDAT)​,DFE-2486,Grade 6 - National,70854,78241,Manager - The Apprenticeships Service (DDAT)​ Grade 6-West Midlands,5.0,Other,West Midlands
697,Department for Education,Department for Education,Operational Excellence,DFE-2292,HEO - London,40132,42699,Higher Executive Officer - Operational Excellence HEO-London,4.0,Other,London
698,Department for Education,Department for Education,Assurance,DFE-2192,Senior Executive Officer - National,42806,47047,Senior Executive Officer - Assurance SEO-South West,4.47,Other,South West
699,Department for Education,Department for Education,The Apprenticeships Service (DDAT)​,DFE-2486,HEO - National,36000,38229,Higher Executive Officer - The Apprenticeships Service (DDAT)​ HEO-West Midlands,8.6,Other,West Midlands
700,Department for Education,Department for Education,Specialist Restructuring,DFE-2173,Senior Executive Officer - London,46971,51973,Senior Executive Officer - Specialist Restructuring SEO-London,2.0,Other,London
701,Department for Education,Department for Education,T - Level Delivery ​,DFE-2626,Grade 7 - National,58185,67219,Manager - Technical Education Reform Operations Grade 7-West Midlands,1.0,Other,West Midlands
702,Department for Education,Department for Education,FE Provider Infrastructure,DFE-2387,Grade 7 - National,58185,67219,Manager - FE Provider Infrastructure Grade 7-Yorkshire and The Humber,5.0,Other,Yorkshire and The Humber
703,Department for Education,Department for Education,North Place Based Team & ESF,DFE-2332,Grade 6 - National,70854,78241,Manager - North Place Based Team & ESF Grade 6-Unknown,5.0,Other,Unknown
704,Department for Education,Department for Education,Operational Excellence,DFE-2292,Grade 7 - National,58185,67219,Manager - Operational Excellence Grade 7 (Close:04/10/2025)-West Midlands,0.9,Other,West Midlands
705,Department for Education,Department for Education,Sustainability and Strategic Projects,DFE-2311,Senior Executive Officer - National,42806,47047,Senior Executive Officer - Sustainability and Strategic Projects SEO-West Midlands,3.0,Other,West Midlands
706,Department for Education,Department for Education,The Apprenticeships Service (DDAT)​,DFE-2486,Grade 7 - National,58185,67219,Manager - Digital Outcome Portfolio NCS Grade 7-West Midlands,4.0,Other,West Midlands
707,Department for Education,Department for Education,Assurance,DFE-2192,Grade 6 - National,70854,78241,Manager - Assurance Grade 6-Yorkshire and The Humber,3.0,Other,Yorkshire and The Humber
708,Department for Education,Department for Education,Skills Strategy and Engagement,DFE-2596,Senior Executive Officer - National,42806,47047,Senior Executive Officer - Sector Skills SEO-Unknown,2.91,Other,Unknown
709,Department for Education,Department for Education,Technology Directorate,DFE-2553,HEO - National,36000,38229,Higher Executive Officer - Digital Delivery - Vulnerable Families & Children HEO-West Midlands,3.9,Other,West Midlands
710,Department for Education,Department for Education,"FE Support, Improvement and Provider Engagement",DFE-2394,Senior Executive Officer - National,42806,47047,"Senior Executive Officer - FE Support, Improvement and Provider Engagement SEO-East Midlands",2.0,Other,East Midlands
711,Department for Education,Department for Education,Operations and Infrastructure Group,DFE-2536,Senior Executive Officer - National,42806,47047,Senior Executive Officer - Commercial Specialist - Skills SEO-North East,3.64,Other,North East
712,Department for Education,Skills England,Delivery and Reform,DFE-2693,HEO - London,40132,42699,Higher Executive Officer - Development and Innovation HEO-London,2.0,Other,London
713,Department for Education,Department for Education,Work Based Skills Operational Delivery,DFE-2619,Grade 7 - National,58185,67219,Manager - Work Based Skills Operational Delivery Grade 7-North West,5.0,Other,North West
714,Department for Education,Department for Education,School Strategy and System,DFE-2639,EO - National,31479,31479,"Executive Officer - Admissions, School Organisation, Transport EO-North East",4.95,Other,North East
715,Department for Education,Department for Education,"Financial Business Partnering: Skills, OIG and Strategy",DFE-2652,Grade 6 - National,70854,78241,Manager - ESFA Finance Grade 6-West Midlands,1.0,Other,West Midlands
716,Department for Education,Department for Education,Further Education Workforce,DFE-2218,Senior Executive Officer - National,42806,47047,Senior Executive Officer - FE Workforce SEO-Unknown,1.0,Other,Unknown
717,Department for Education,Department for Education,"Growth and Skills Levy, Strategy and Engagement",DFE-2642,Grade 7 - London,62336,72057,"Manager - Growth and Skills Levy, Strategy and Engagement Grade 7-London",3.0,Other,London
718,Department for Education,Department for Education,Operational Excellence,DFE-2292,Grade 7 - National,58185,67219,Manager - Operational Excellence Grade 7-South West,1.0,Other,South West
719,Department for Education,Department for Education,Central & South West Place Based Team,DFE-2508,HEO - National,36000,38229,Higher Executive Officer - Central & South West Place Based Team HEO-West Midlands,0.97,Other,West Midlands
720,Department for Education,Skills England,"Clean Energy, Life Sciences",DFE-2686,Grade 7 - National,58185,67219,"Manager - Clean Energy, Life Sciences Grade 7-West Midlands",6.8,Other,West Midlands
721,Department for Education,Department for Education,Technology Operations,DFE-2461,Grade 6 - National,70854,78241,Manager - Technology Operations Grade 6-West Midlands,1.0,Other,West Midlands
722,Department for Education,Department for Education,"CSC Social Worker Training, Development and Leadership",DFE-2558,HEO - National,36000,38229,"Higher Executive Officer - CSC Social Worker Training, Development and Leadership HEO-West Midlands",1.0,Other,West Midlands
723,Department for Education,Department for Education,Work Based Skills Operations and Performance,DFE-2423,Senior Executive Officer - National,42806,47047,Senior Executive Officer - Work Based Skills Operations and Performance SEO-West Midlands,2.64,Other,West Midlands
724,Department for Education,Department for Education,"Growth and Skills Levy, Strategy and Engagement",DFE-2642,HEO - National,36000,38229,"Higher Executive Officer - Growth and Skills Levy, Strategy and Engagement HEO-West Midlands",2.0,Other,West Midlands
725,Department for Education,Department for Education,The Apprenticeships Service (DDAT)​,DFE-2486,Grade 6 - National,70854,78241,Manager - The Apprenticeships Service (DDAT)​ Grade 6-Yorkshire and The Humber,0.67,Other,Yorkshire and The Humber
726,Department for Education,Department for Education,Advanced Analytics Division,DFE-2557,Grade 7 - National,58185,67219,Manager - Advanced Analytics Grade 7-West Midlands,2.0,Other,West Midlands
727,Department for Education,Department for Education,Stakeholder Engagement,DFE-2349,Grade 6 - National,70854,78241,Manager - Stakeholder Engagement Grade 6-Unknown,1.0,Other,Unknown
728,Department for Education,Department for Education,"Growth and Skills Levy, Strategy and Engagement",DFE-2642,Senior Executive Officer - National,42806,47047,"Senior Executive Officer - Growth and Skills Levy, Strategy and Engagement SEO-Unknown",1.39,Other,Unknown
729,Department for Education,Department for Education,Central Capital Unit,DFE-2228,HEO - National,36000,38229,Higher Executive Officer - Central Capital Unit HEO-Yorkshire and The Humber,3.61,Other,Yorkshire and The Humber
730,Department for Education,Department for Education,The Apprenticeships Service (DDAT)​,DFE-2486,HEO - National,36000,38229,Higher Executive Officer - The Apprenticeships Service (DDAT)​ HEO-North West,1.0,Other,North West
731,Department for Education,Department for Education,Counter Extremism and Non-School Education,DFE-2398,EO - National,31479,31479,Executive Officer - Counter Extremism and Non-School Education EO-West Midlands,2.0,Other,West Midlands
732,Department for Education,Department for Education,Enterprise Data for Insight,DFE-2392,Grade 7 - National,58185,67219,Manager - Enterprise Data for Insight Grade 7-West Midlands,8.0,Other,West Midlands
733,Department for Education,Department for Education,Customer Success & Shared Service Operations,DFE-2334,HEO - National,36000,38229,Higher Executive Officer - Customer Success & Shared Service Operations HEO-South West,0.62,Other,South West
734,Department for Education,Department for Education,Careers,DFE-2653,Senior Executive Officer - National,42806,47047,Senior Executive Officer - Careers SEO-North West,4.0,Other,North West
735,Department for Education,Skills England,Regions,DFE-2197,Grade 7 - London,62336,72057,Manager - Regions Grade 7-Unknown,2.0,Other,Unknown
736,Department for Education,Department for Education,Operations and Infrastructure Group,DFE-2536,HEO - National,36000,38229,Higher Executive Officer - Commercial Specialist - Skills HEO-North East,2.0,Other,North East
737,Department for Education,Skills England,Regions,DFE-2197,Senior Executive Officer - National,42806,47047,Senior Executive Officer - Regions SEO-West Midlands,1.0,Other,West Midlands
738,Department for Education,Department for Education,Independent Market Oversight,DFE-2507,Senior Executive Officer - National,42806,47047,Senior Executive Officer - Independent Market Oversight SEO-North West,2.0,Other,North West
739,Department for Education,Department for Education,London & South East Place Based Team,DFE-2489,Senior Executive Officer - London,46971,51973,Senior Executive Officer - London & South East Place Based Team SEO-London,2.0,Other,London
740,Department for Education,Department for Education,"Growth and Skills Levy, Strategy and Engagement",DFE-2642,Grade 7 - National,58185,67219,"Manager - Growth and Skills Levy, Strategy and Engagement Grade 7-Unknown",1.0,Other,Unknown
741,Department for Education,Department for Education,Digital Delivery - Funding Services,DFE-2610,Senior Executive Officer - National,42806,47047,Senior Executive Officer - Digital Delivery - Funding Services SEO-West Midlands,2.0,Other,West Midlands
742,Department for Education,Department for Education,Customer Success & Shared Service Operations,DFE-2334,Grade 7 - National,58185,67219,Manager - Customer Success & Shared Service Operations Grade 7-East Midlands,1.0,Other,East Midlands
743,Department for Education,Standard and Testing Agency,STA Assessment DDaT,DFE-2607,SEO (Senior Prof & Technical Officer) - National,48999,53884,Senior Executive Officer - STA Assessment DDaT SEO-North West,2.0,Other,North West
744,Department for Education,Department for Education,Customer Experience & Design,DFE-2478,Grade 7 - National,58185,67219,Manager - Customer Experience & Design Grade 7-West Midlands,4.0,Other,West Midlands
745,Department for Education,Department for Education,Work Based Skills Operational Delivery,DFE-2619,SEO (Information Officer) - National,48999,53884,Senior Executive Officer - Work Based Skills Operational Delivery SEO-North East,8.53,Other,North East
746,Department for Education,Department for Education,Counter Fraud  and Prevention,DFE-2290,Senior Executive Officer - National,42806,47047,Senior Executive Officer - Counter Fraud and Prevention SEO-West Midlands,4.0,Other,West Midlands
747,Department for Education,Department for Education,"Education Estates Design, Engineering, Cost and Building Technology",DFE-2208,Grade 7 - National,58185,67219,"Manager - Education Estates Design, Engineering, Cost and Building Technology Grade 7-West Midlands",1.0,Other,West Midlands
748,Department for Education,Department for Education,"Financial Business Partnering: Skills, OIG and Strategy",DFE-2652,Grade 6 - National,70854,78241,"Manager - Financial Business Partnering: Skills, OIG and Strategy Grade 6-West Midlands",1.0,Other,West Midlands
749,Department for Education,Department for Education,Operational Excellence,DFE-2292,Senior Executive Officer - National,42806,47047,Senior Executive Officer - Operational Excellence SEO-West Midlands,4.5,Other,West Midlands
750,Department for Education,Department for Education,DDT Incubator,DFE-2475,Grade 7 - National,58185,67219,Manager - DDT Incubator Grade 7-East Midlands,1.0,Other,East Midlands
751,Department for Education,Skills England,Regions,DFE-2197,HEO - National,36000,38229,Higher Executive Officer - Regions HEO-Unknown,1.0,Other,Unknown
752,Department for Education,Department for Education,The Apprenticeships Service (DDAT)​,DFE-2486,EO - National,31479,31479,Executive Officer - The Apprenticeships Service (DDAT)​ EO-West Midlands,3.0,Other,West Midlands
753,Department for Education,Department for Education,Assurance,DFE-2192,Grade 7 - National,58185,67219,Manager - Assurance Grade 7-West Midlands,1.0,Other,West Midlands
754,Department for Education,Department for Education,Assurance,DFE-2192,HEO - National,36000,38229,Higher Executive Officer - Assurance HEO-South West,2.81,Other,South West
755,Department for Education,Department for Education,DDT Incubator,DFE-2475,Grade 7 - National,58185,67219,Manager - DDT Incubator Grade 7-West Midlands,5.0,Other,West Midlands
756,Department for Education,Department for Education,Operational Excellence,DFE-2292,Grade 7 - National,58185,67219,Manager - Operational Excellence Grade 7-West Midlands,6.61,Other,West Midlands
757,Department for Education,Department for Education,Further Education Funding,DFE-2100,Senior Executive Officer - National,42806,47047,Senior Executive Officer - FE System and Oversight SEO-North West,1.0,Other,North West
758,Department for Education,Department for Education,Enterprise Data for Access and Sharing,DFE-2658,Senior Executive Officer - London,46971,51973,Senior Executive Officer - Enterprise Data for Access and Sharing SEO-London,1.6,Other,London
759,Department for Education,Department for Education,"Capability, Investments, Analysis and Reporting",DFE-2162,Senior Executive Officer - National,42806,47047,"Senior Executive Officer - Capability, Investments, Analysis and Reporting SEO-West Midlands",1.87,Other,West Midlands
760,Department for Education,Department for Education,Specialist Restructuring,DFE-2173,SEO (Accountant) - National,49615,54551,Senior Executive Officer - Specialist Restructuring SEO-North West,4.8,Other,North West
761,Department for Education,Department for Education,T - Level Policy,DFE-2542,Grade 7 - National,58185,67219,Manager - T - Level Policy​ Grade 7-West Midlands,1.0,Other,West Midlands
762,Department for Education,Department for Education,"Capability, Investments, Analysis and Reporting",DFE-2162,HEO - National,36000,38229,Higher Executive Officer - ESFA Finance HEO-West Midlands,1.0,Other,West Midlands
763,Department for Education,Department for Education,Customer Success & Shared Service Operations,DFE-2334,HEO - National,36000,38229,Higher Executive Officer - Customer Success & Shared Service Operations HEO-Yorkshire and The Humber,1.0,Other,Yorkshire and The Humber
764,Department for Education,Department for Education,Customer Experience & Design,DFE-2478,Grade 6 - National,70854,78241,Manager - Customer Experience & Design Grade 6-West Midlands,4.0,Other,West Midlands
765,Department for Education,Skills England,Regions,DFE-2197,HEO - National,36000,38229,Higher Executive Officer - Regions HEO-West Midlands,2.81,Other,West Midlands
766,Department for Education,Skills England,Delivery and Reform,DFE-2693,Grade 7 - National,58185,67219,Manager - Delivery and Reform Grade 7-West Midlands,4.43,Other,West Midlands
767,Department for Education,Department for Education,Careers,DFE-2653,Senior Executive Officer - National,42806,47047,Senior Executive Officer - Careers SEO-Yorkshire and The Humber,4.69,Other,Yorkshire and The Humber
768,Department for Education,Department for Education,CS Policy Profession Unit,DFE-2498,EO - National,31479,31479,Executive Officer - Learning Officer – Accredited Learning-Yorkshire and The Humber,0.6,Other,Yorkshire and The Humber
769,Department for Education,Department for Education,"English, Maths, Music & Arts",DFE-2418,Senior Executive Officer - London,46971,51973,"Senior Executive Officer - English, Maths, Music & Arts SEO-Unknown",1.0,Other,Unknown
770,Department for Education,Department for Education,"Estates, Security and People",DFE-2025,EO - National,31479,31479,Executive Officer - Estates & Security Finance Support Officer-West Midlands,0.81,Other,West Midlands
771,Department for Education,Department for Education,T - Level Delivery ​,DFE-2626,EO - National,31479,31479,Executive Officer - T - Level Delivery ​ EO-West Midlands,0.81,Other,West Midlands
772,Department for Education,Department for Education,The Apprenticeships Service (DDAT)​,DFE-2486,Grade 7 - National,58185,67219,Manager - Digital Outcome Portfolio NCS Grade 7-East Of England,1.0,Other,East Of England
773,Department for Education,Department for Education,Customer Success & Shared Service Operations,DFE-2334,Senior Executive Officer - National,42806,47047,Senior Executive Officer - Customer Success & Shared Service Operations SEO-West Midlands,5.0,Other,West Midlands
774,Department for Education,Department for Education,International Placements,DFE-2491,HEO - National,36000,38229,Higher Executive Officer - International Placements HEO-Yorkshire and The Humber,1.81,Other,Yorkshire and The Humber
775,Department for Education,Department for Education,"Construction Grants, Assurance and Response",DFE-2344,Grade 7 - National,58185,67219,"Manager - Construction Grants, Assurance and Response Grade 7-West Midlands",2.56,Other,West Midlands
776,Department for Education,Department for Education,Technical Education & Qualification Reforms,DFE-2093,Grade 7 - National,58185,67219,Manager - Technical Education & Qualification Reform​s Grade 7-West Midlands,4.0,Other,West Midlands
777,Department for Education,Department for Education,Assurance,DFE-2192,Senior Executive Officer - London,46971,51973,Senior Executive Officer - Assurance SEO-London,3.0,Other,London
778,Department for Education,Department for Education,Enterprise Data for Access and Sharing,DFE-2658,Grade 7 - National,58185,67219,Manager - Enterprise Data for Access and Sharing 7-South West,3.0,Other,South West
779,Department for Education,Department for Education,High Quality Curriculum,DFE-2324,HEO - London,40132,42699,Higher Executive Officer - High Quality Curriculum HEO-London,2.88,Other,London
780,Department for Education,Department for Education,Rapid Response Co-ordination,DFE-2382,Grade 6 - National,70854,78241,Manager - Rapid Response Co-ordination Grade 6-West Midlands,2.0,Other,West Midlands
781,Department for Education,Department for Education,Work Based Skills Operational Delivery,DFE-2619,EA - National,27244,27244,Executive Assistant - Work Based Skills Operational Delivery EA-North East,0.67,Other,North East
782,Department for Education,Department for Education,Careers,DFE-2653,Grade 7 - London,62336,72057,Manager - Careers Grade 7-London,1.8,Other,London
783,Department for Education,Department for Education,Independent Market Oversight,DFE-2507,EO - National,31479,31479,Executive Officer - Independent Market Oversight EO-East Midlands,0.81,Other,East Midlands
784,Department for Education,Department for Education,Infrastructure & Platforms,DFE-2281,Senior Executive Officer - National,42806,47047,Senior Executive Officer - Infrastructure & Platforms SEO-West Midlands,5.0,Other,West Midlands
785,Department for Education,Department for Education,"Growth and Skills Levy, Strategy and Engagement",DFE-2642,Senior Executive Officer - National,42806,47047,"Senior Executive Officer - Growth and Skills Levy, Strategy and Engagement SEO-North West",1.0,Other,North West
786,Department for Education,Department for Education,Insight and Statistics,DFE-2400,Senior Executive Officer - National,42806,47047,Senior Executive Officer - Insight and Statistics SEO-West Midlands,3.8,Other,West Midlands
787,Department for Education,Skills England,Reform and Development,DFE-2689,Grade 6 - National,70854,78241,Manager - Development and Innovation Grade 6-West Midlands,2.0,Other,West Midlands
788,Department for Education,Skills England,Regions,DFE-2197,Grade 7 - National,58185,67219,Manager - Regions Grade 7-North West,1.0,Other,North West
789,Department for Education,Department for Education,Technology Directorate,DFE-2553,Grade 7 - National,58185,67219,Manager - Technology Directorate Private Office - Grade 7-Yorkshire and The Humber,1.0,Other,Yorkshire and The Humber
790,Department for Education,Department for Education,Independent Market Oversight,DFE-2507,Senior Executive Officer - National,42806,47047,Senior Executive Officer - Independent Market Oversight SEO-Yorkshire and The Humber,1.0,Other,Yorkshire and The Humber
791,Department for Education,Skills England,Regions,DFE-2197,Grade 6 - National,70854,78241,Manager - Regions Grade 6-West Midlands,1.0,Other,West Midlands
792,Department for Education,Department for Education,Independent Market Oversight,DFE-2507,HEO - National,36000,38229,Higher Executive Officer - North Place Based Team & ESF HEO-South West,1.0,Other,South West
793,Department for Education,Department for Education,Work Based Skills Operational Delivery,DFE-2619,Grade 6 - National,70854,78241,Manager - Work Based Skills Operational Delivery Grade 6-North West,0.52,Other,North West
794,Department for Education,Department for Education,Technical Education & Qualification Reforms,DFE-2093,HEO - National,36000,38229,Higher Executive Officer - Technical Education & Qualification Reform​s HEO-West Midlands,0.52,Other,West Midlands
795,Department for Education,Department for Education,Families Group Central,DFE-2551,Grade 7 - National,58185,67219,Manager - Families Group Central Grade 6-North West,2.0,Other,North West
796,Department for Education,Department for Education,Financial Operations,DFE-2200,Senior Executive Officer - National,42806,47047,Senior Executive Officer - Financial Operations SEO-West Midlands,13.29,Other,West Midlands
797,Department for Education,Department for Education,Digital Delivery - Vulnerable Families & Children,DFE-2503,Grade 6 - National,70854,78241,Manager - Digital Delivery - Vulnerable Families & Children Grade 6-North East,1.0,Other,North East
798,Department for Education,Department for Education,Central Strategic Finance,DFE-2604,HEO - National,36000,38229,Higher Executive Officer - Central Strategic Finance HEO-North West,2.0,Other,North West
799,Department for Education,Department for Education,Central & South West Place Based Team,DFE-2508,Grade 6 - National,70854,78241,Manager - Central & South West Place Based Team Grade 6-Unknown,4.0,Other,Unknown
800,Department for Education,Department for Education,"Payroll, Reward, Policies and ER",DFE-2527,Senior Executive Officer - London,46971,51973,"Senior Executive Officer - Payroll, Reward, Policies and ER SEO-London",2.0,Other,London
801,Department for Education,Skills England,Regions,DFE-2197,Senior Executive Officer - London,46971,51973,Senior Executive Officer - Regions SEO-East Midlands,1.0,Other,East Midlands
802,Department for Education,Department for Education,Specialist Restructuring,DFE-2173,SEO (Accountant) - National,49615,54551,Senior Executive Officer - Specialist Restructuring SEO-West Midlands,2.86,Other,West Midlands
803,Department for Education,Department for Education,Assurance,DFE-2192,Senior Executive Officer - National,42806,47047,Senior Executive Officer - Assurance SEO-Unknown,1.0,Other,Unknown
804,Department for Education,Skills England,Regions,DFE-2197,Senior Executive Officer - National,42806,47047,Senior Executive Officer - Regions SEO-Unknown,2.81,Other,Unknown
805,Department for Education,Department for Education,London & South East Place Based Team,DFE-2489,Grade 6 - National,70854,78241,Manager - London & South East Place Based Team Grade 6-Unknown,3.0,Other,Unknown
806,Department for Education,Department for Education,Work Based Skills Operational Delivery,DFE-2619,Grade 7 - London,62336,72057,Manager - Work Based Skills Operational Delivery Grade 7-London,2.0,Other,London
807,Department for Education,Department for Education,Technology Operations,DFE-2461,Grade 7 - National,58185,67219,Manager - Data Protection Office Grade 7-Yorkshire and The Humber,4.0,Other,Yorkshire and The Humber
808,Department for Education,Department for Education,Technology Directorate,DFE-2553,Grade 7 - National,58185,67219,Manager - DDT Central Operations Grade 7-West Midlands,0.56,Other,West Midlands
809,Department for Education,Skills England,Regions,DFE-2197,Grade 7 - National,58185,67219,Manager - Regions Grade 7-Yorkshire and The Humber,1.0,Other,Yorkshire and The Humber
810,Department for Education,Department for Education,Assurance,DFE-2192,Senior Executive Officer - National,42806,47047,Senior Executive Officer - Assurance SEO-West Midlands,3.5,Other,West Midlands
811,Department for Education,Department for Education,Assurance,DFE-2192,HEO - London,40132,42699,Higher Executive Officer - Assurance HEO-London,1.0,Other,London
812,Department for Education,Department for Education,Operations and Infrastructure Group,DFE-2536,Senior Executive Officer - National,42806,47047,Senior Executive Officer - Commercial Specialist - Operations & Infrastructure SEO-North East,4.0,Other,North East
813,Department for Education,Department for Education,Digital Delivery - Schools,DFE-2664,Senior Executive Officer - National,42806,47047,Senior Executive Officer - Digital Delivery - Schools SEO-West Midlands,2.0,Other,West Midlands
814,Department for Education,Department for Education,Digital Delivery - Funding Services,DFE-2610,EO - National,31479,31479,Executive Officer - Digital Delivery - Funding Services EO-West Midlands,1.0,Other,West Midlands
815,Department for Education,Department for Education,Independent Market Oversight,DFE-2507,Grade 6 - London,74528,82869,Manager - Independent Market Oversight Grade 6-London,1.0,Other,London
816,Department for Education,Department for Education,"Estates, Security and People",DFE-2025,HEO - National,36000,38229,"Higher Executive Officer - Estates, Security and People HEO-West Midlands",0.6,Other,West Midlands
817,Department for Education,Department for Education,Operational Excellence,DFE-2292,Grade 6 - National,70854,78241,Manager - Operational Excellence Grade 6-West Midlands,1.0,Other,West Midlands
818,Department for Education,Department for Education,T - Level Delivery ​,DFE-2626,Grade 7 - National,58185,67219,Manager - T - Level Delivery ​ Grade 7-Unknown,2.0,Other,Unknown
819,Department for Education,Department for Education,Careers,DFE-2653,Grade 6 - National,70854,78241,Manager - Careers Grade 6-West Midlands,1.6,Other,West Midlands
820,Department for Education,Department for Education,Independent Market Oversight,DFE-2507,HEO - National,36000,38229,Higher Executive Officer - Independent Market Oversight HEO-West Midlands,1.0,Other,West Midlands
821,Department for Education,Department for Education,Cyber and Information Security (CISO),DFE-2485,Grade 6 - National,70854,78241,Manager - Cyber and Information Security (CISO) Grade 6-West Midlands,1.0,Other,West Midlands
822,Department for Education,Department for Education,"HR Organisation Design, Development & Engagement",DFE-2407,EO - National,31479,31479,"Executive Officer - HR Business Partners, Workforce Skills and Strategy EO-North East",0.64,Other,North East
823,Department for Education,Department for Education,Customer Experience & Design,DFE-2478,Grade 7 - London,62336,72057,Manager - Customer Experience & Design Grade 7-London,2.0,Other,London
824,Department for Education,Department for Education,Independent Market Oversight,DFE-2507,Senior Executive Officer - London,46971,51973,Senior Executive Officer - North Place Based Team & ESF SEO-London,1.0,Other,London
825,Department for Education,Department for Education,Technical Education & Qualification Reforms,DFE-2093,HEO - National,36000,38229,Higher Executive Officer - Technical Education & Qualification Reform​s HEO-Yorkshire and The Humber,1.0,Other,Yorkshire and The Humber
826,Department for Education,Department for Education,Data Science (ESFA),DFE-2601,Grade 7 - National,58185,67219,Manager - Data Science (ESFA) Grade 7-Yorkshire and The Humber,1.0,Other,Yorkshire and The Humber
827,Department for Education,Department for Education,Work Based Skills Operational Delivery,DFE-2619,Grade 7 - National,58185,67219,Manager - Work Based Skills Operational Delivery Grade 7-Unknown,1.0,Other,Unknown
828,Department for Education,Department for Education,Independent Market Oversight,DFE-2507,EA - London,30551,30551,Executive Assistant - North Place Based Team & ESF EA-London,1.0,Other,London
829,Department for Education,Department for Education,T - Level Delivery ​,DFE-2626,Grade 6 - London,74528,82869,Manager - T - Level Delivery ​ Grade 6-London,2.9,Other,London
830,Department for Education,Department for Education,Counter Fraud  and Prevention,DFE-2290,Grade 7 - National,58185,67219,Manager - Counter Fraud and Prevention Grade 7-North West,2.0,Other,North West
831,Department for Education,Department for Education,Counter Fraud  and Prevention,DFE-2290,Grade 7 - National,58185,67219,Manager - Counter Fraud and Prevention Grade 7-West Midlands,3.0,Other,West Midlands
832,Department for Education,Department for Education,"FE Support, Improvement and Provider Engagement",DFE-2394,Grade 7 - National,58185,67219,"Manager - FE Support, Improvement and Provider Engagement Grade 7-Yorkshire and The Humber",4.0,Other,Yorkshire and The Humber
833,Department for Education,Department for Education,Advanced Analytics Division,DFE-2557,Senior Executive Officer - National,42806,47047,Senior Executive Officer - Advanced Analytics SEO-West Midlands,3.0,Other,West Midlands
834,Department for Education,Department for Education,North Place Based Team & ESF,DFE-2332,HEO - National,36000,38229,Higher Executive Officer - Northern Territorial Team & ESF HEO-North East,1.0,Other,North East
835,Department for Education,Department for Education,London & South East Place Based Team,DFE-2489,EA - London,30551,30551,Executive Assistant - London & South East Place Based Team EO-London,1.0,Other,London
836,Department for Education,Department for Education,"Estates, Security and People",DFE-2025,Grade 7 - National,58185,67219,"Manager - Estates, Security and People Grade 7-West Midlands",1.0,Other,West Midlands
837,Department for Education,Department for Education,Specialist Restructuring,DFE-2173,Grade 6 - London,74528,82869,Manager - Specialist Restructuring Grade 6-London,2.0,Other,London
838,Department for Education,Department for Education,Technology Operations,DFE-2461,HEO - National,36000,38229,Higher Executive Officer - Data Protection Office HEO-East Midlands,1.0,Other,East Midlands
839,Department for Education,Department for Education,North Place Based Team & ESF,DFE-2332,Grade 6 - National,70854,78241,Manager - North Place Based Team & ESF Grade 6 (Position Vacate:26/01/2026)-Unknown,1.0,Other,Unknown
840,Department for Education,Department for Education,Work Based Skills Operational Delivery,DFE-2619,SEO (Information Officer) - National,48999,53884,Senior Executive Officer - Work Based Skills Operational Delivery SEO-Unknown,0.97,Other,Unknown
841,Department for Education,Department for Education,"Products, Quality and Market",DFE-2127,Grade 6 - National,70854,78241,"Manager - Products, Quality and Market Grade 6-West Midlands",2.0,Other,West Midlands
842,Department for Education,Department for Education,Operational Excellence,DFE-2292,Grade 7 - National,58185,67219,Manager - Operational Excellence Grade 7-North West,3.0,Other,North West
843,Department for Education,Department for Education,Technology Operations,DFE-2461,HEO - National,36000,38229,Higher Executive Officer - Knowledge and Information Management HEO-West Midlands,1.0,Other,West Midlands
844,Department for Education,Skills England,Delivery and Reform,DFE-2693,Senior Executive Officer - National,42806,47047,Senior Executive Officer - Delivery and Reform SEO-West Midlands,7.41,Other,West Midlands
845,Department for Education,Department for Education,Customer Success & Shared Service Operations,DFE-2334,EO - National,31479,31479,Executive Officer - Customer Success & Shared Service Operations EO-West Midlands,6.16,Other,West Midlands
846,Department for Education,Department for Education,"CSC Social Worker Training, Development and Leadership",DFE-2558,Grade 7 - National,58185,67219,"Manager - CSC Social Worker Training, Development and Leadership Grade 7-West Midlands",1.0,Other,West Midlands
847,Department for Education,Department for Education,Assurance,DFE-2192,HEO - National,36000,38229,Higher Executive Officer - Assurance HEO-North West,2.0,Other,North West
848,Department for Education,Department for Education,Enterprise Data for Access and Sharing,DFE-2658,Grade 6 - National,70854,78241,Manager - Enterprise Data for Access and Sharing 6-West Midlands,1.0,Other,West Midlands
849,Department for Education,Department for Education,Customer Success & Shared Service Operations,DFE-2334,Senior Executive Officer - National,42806,47047,Senior Executive Officer - Customer Success & Shared Service Operations SEO-Unknown,1.0,Other,Unknown
850,Department for Education,Department for Education,"Estates, Security and People",DFE-2025,HEO - London,40132,42699,Higher Executive Officer - Central Business Services HEO-London,1.86,Other,London
851,Department for Education,Department for Education,Specialist Restructuring,DFE-2173,Grade 6 - National,70854,78241,Manager - Specialist Restructuring Grade 6-West Midlands,1.0,Other,West Midlands
852,Department for Education,Department for Education,Specialist Restructuring,DFE-2173,Grade 6 - National,70854,78241,Manager - Specialist Restructuring Grade 6-East Midlands,1.0,Other,East Midlands
853,Department for Education,Department for Education,Attendance,DFE-2533,Senior Executive Officer - London,46971,51973,Senior Executive Officer - Attendance SEO-London,2.9,Other,London
854,Department for Education,Department for Education,Technology Operations,DFE-2461,Grade 6 - National,70854,78241,Manager - Technology Operations Grade 6-South West,2.0,Other,South West
855,Department for Education,Department for Education,Operations and Infrastructure Group,DFE-2536,HEO - National,36000,38229,Higher Executive Officer - Commercial Specialist - Schools HEO-West Midlands,0.64,Other,West Midlands
856,Department for Education,Department for Education,HR Services & Specialist Advice,DFE-2001,Senior Executive Officer - National,42806,47047,Senior Executive Officer - HR Services & Specialist Advice SEO-North East,1.91,Other,North East
857,Department for Education,Department for Education,"Construction Delivery East England, South West and London",DFE-2003,Grade 6 - London,74528,82869,"Manager - Construction Delivery East England, South West and London Grade 6-Unknown",22.4,Other,Unknown
858,Department for Education,Department for Education,Enterprise Data for Insight,DFE-2392,HEO - National,36000,38229,Higher Executive Officer - Enterprise Data for Insight HEO-East Of England,0.6,Other,East Of England
859,Department for Education,Department for Education,DDT Incubator,DFE-2475,Grade 6 - London,74528,82869,Manager - DDT Incubator Grade 6-London,2.0,Other,London
860,Department for Education,Department for Education,Operations and Infrastructure Group,DFE-2536,Senior Executive Officer - London,46971,51973,Senior Executive Officer - Commercial Specialist - Skills SEO-London,1.0,Other,London
861,Department for Education,Department for Education,Schools System Accountability,DFE-2224,Grade 7 - London,62336,72057,Manager - Schools System Accountability Grade 7-London,5.92,Other,London
862,Department for Education,Department for Education,Essential Skills and Multiply,DFE-2104,Grade 7 - London,62336,72057,Manager - Essential Skills and Multiply Grade 7-London,4.6,Other,London
863,Department for Education,Department for Education,CSC Child Protection and Safeguarding,DFE-2337,Grade 7 - London,62336,72057,"Manager - CSC Social Work Strategy, Practice and Evidence Grade 7-London",1.0,Other,London
864,Department for Education,Department for Education,Social Justice and Disadvantage,DFE-2519,Grade 7 - National,58185,67219,Manager - Social Justice and Disadvantage Grade 7-North West,2.0,Other,North West
865,Department for Education,Department for Education,SFSO Central Division,DFE-2202,Senior Executive Officer - London,46971,51973,Senior Executive Officer - SFSO Central Division SEO-London,2.0,Other,London
866,Department for Education,Department for Education,Financial Reporting,DFE-2454,SEO (Accountant) - National,49615,54551,Senior Executive Officer - Financial Reporting SEO-West Midlands,2.0,Other,West Midlands
867,Department for Education,Department for Education,Families Analysis,DFE-2152,Grade 7 - National,58185,67219,Manager - Families Analysis Grade 7-Yorkshire and The Humber,3.4,Other,Yorkshire and The Humber
868,Department for Education,Department for Education,"Products, Quality and Market",DFE-2127,HEO - National,36000,38229,"Higher Executive Officer - Products, Quality and Market HEO-Yorkshire and The Humber",2.0,Other,Yorkshire and The Humber
869,Department for Education,Department for Education,Commercial Operations,DFE-2355,HEO - National,36000,38229,Higher Executive Officer - Commercial Operations HEO (Position Vacate:31/12/2025)-North East,1.0,Other,North East
870,Department for Education,Department for Education,Schools Digital,DFE-2504,EO - National,31479,31479,Executive Officer - Schools Digital EO-East Midlands,0.72,Other,East Midlands
871,Department for Education,Department for Education,Customer Experience & Design,DFE-2478,Grade 6 - London,74528,82869,Manager - Customer Experience & Design Grade 6-London,2.91,Other,London
872,Department for Education,Department for Education,Schools Regulation and Quality,DFE-2212,Grade 7 - National,58185,67219,Manager - Schools Regulation and Quality Grade 7-Yorkshire and The Humber,2.7,Other,Yorkshire and The Humber
873,Department for Education,Department for Education,Technical Education & Qualification Reforms,DFE-2093,Senior Executive Officer - National,42806,47047,Senior Executive Officer - Technical Education & Qualification Reform​s SEO-Yorkshire and The Humber,4.0,Other,Yorkshire and The Humber
874,Department for Education,Department for Education,Strategic Communications and Campaigns,DFE-2163,SEO (Information Officer) - National,48999,53884,Senior Executive Officer - Strategic Communications and Campaigns SEO (Position Vacate:21/10/2025)-Yorkshire and The Humber,1.0,Other,Yorkshire and The Humber
875,Department for Education,Department for Education,Further Education Workforce,DFE-2218,HEO - National,36000,38229,Higher Executive Officer - FE Workforce HEO-Yorkshire and The Humber,1.87,Other,Yorkshire and The Humber
876,Department for Education,Department for Education,Regions Group: National,DFE-2021,Grade 7 - National,58185,67219,Manager - Regions Group: National Grade 7-North West,5.0,Other,North West
877,Department for Education,Department for Education,Education Estates Portfolio Oversight and Directorate Support,DFE-2648,HEO - National,36000,38229,Higher Executive Officer - Education Estates Portfolio Oversight and Directorate Support HEO-North East,1.0,Other,North East
878,Department for Education,Department for Education,Families Group Central,DFE-2551,Senior Executive Officer - National,42806,47047,Senior Executive Officer - Counter Extremism and Non-School Education SEO-North West,1.0,Other,North West
879,Department for Education,Department for Education,Regions Group: North East and National SEND Improvement and Transformation,DFE-2701,Grade 6 - National,70854,78241,Manager - Regions Group: North East and National SEND Improvement and Transformation Grade 6-West Midlands,0.89,Other,West Midlands
880,Department for Education,Teaching Regulation Agency,Teaching Regulation Agency,DFE-2215,HEO - National,36000,38229,Higher Executive Officer - Teaching Regulation Agency SEO-West Midlands,1.68,Other,West Midlands
881,Department for Education,Department for Education,Life Skills,DFE-2456,Grade 6 - National,70854,78241,Manager - Life Skills Grade 6-Yorkshire and The Humber,1.0,Other,Yorkshire and The Humber
882,Department for Education,Department for Education,Central Strategic Finance,DFE-2604,Grade 7 - London,62336,72057,Manager - Central Strategic Finance Grade 7-London,4.0,Other,London
883,Department for Education,Department for Education,Higher Education Analysis,DFE-2632,SEO (Scientific Officer) - National,48999,53884,Senior Executive Officer - HE Analysis SEO-North West,0.81,Other,North West
884,Department for Education,Department for Education,Commercial Operations,DFE-2355,Senior Executive Officer - National,42806,47047,Senior Executive Officer - Commercial Operations SEO-North East,5.0,Other,North East
885,Department for Education,Department for Education,Childcare Reform Delivery & Directorate Support,DFE-2576,Senior Executive Officer - National,42806,47047,Senior Executive Officer - Childcare Reform Delivery & Directorate Support SEO-North East,5.0,Other,North East
886,Department for Education,Department for Education,Sector Reporting,DFE-2185,Grade 6 - London,74528,82869,Manager - Sector Reporting Grade 6-London,1.0,Other,London
887,Department for Education,Department for Education,Childcare Reform Delivery & Directorate Support,DFE-2576,EO - London,35438,35438,Executive Officer - Childcare Reform Delivery & Directorate Support EO-London,2.8,Other,London
888,Department for Education,Department for Education,Regions Group: Yorkshire and the Humber,DFE-2375,Grade 7 - National,58185,67219,Manager - Regions Group: Yorkshire and the Humber Grade 7-Yorkshire and The Humber,7.64,Other,Yorkshire and The Humber
889,Department for Education,Department for Education,Operations and Infrastructure Group,DFE-2536,Senior Executive Officer - National,42806,47047,Senior Executive Officer - Schools Commercial Strategy SEO-East Midlands,2.81,Other,East Midlands
890,Department for Education,Department for Education,Higher Education Analysis,DFE-2632,Grade 7 - London,62336,72057,Manager - HE Analysis Grade 7 (Position Vacate:09/10/2025)-London,1.0,Other,London
891,Department for Education,Department for Education,Higher Education Strategy and Portfolio,DFE-2239,HEO - National,36000,38229,Higher Executive Officer - Higher Education Strategy and Portfolio HEO-Yorkshire and The Humber,1.0,Other,Yorkshire and The Humber
892,Department for Education,Department for Education,Life Skills,DFE-2456,Grade 7 - London,62336,72057,Manager - Life Skills Grade 7-London,3.8,Other,London
893,Department for Education,Department for Education,International Placements,DFE-2491,Senior Executive Officer - National,42806,47047,Senior Executive Officer - International Placements SEO-Yorkshire and The Humber,3.0,Other,Yorkshire and The Humber
894,Department for Education,Department for Education,Schools Productivity Unit,DFE-2651,Grade 6 - National,70854,78241,Manager - Schools Productivity Unit Grade 6-Yorkshire and The Humber,1.0,Other,Yorkshire and The Humber
895,Department for Education,Department for Education,"Construction Delivery North East, Yorkshire Humber and East Midlands",DFE-2603,Senior Executive Officer - National,42806,47047,"Senior Executive Officer - Construction Delivery North East, Yorkshire Humber and East Midlands SEO-Unknown",6.0,Other,Unknown
896,Department for Education,Department for Education,Future Student Finance and Funding​,DFE-2665,Grade 7 - National,58185,67219,Manager - Future Student Finance and Funding​ Grade 7-Yorkshire and The Humber,1.8,Other,Yorkshire and The Humber
897,Department for Education,Department for Education,Schools Productivity Unit,DFE-2651,Senior Executive Officer - National,42806,47047,Senior Executive Officer - Schools Productivity Unit SEO-North East,0.54,Other,North East
898,Department for Education,Department for Education,Counter Extremism and Non-School Education,DFE-2398,Senior Executive Officer - National,42806,47047,Senior Executive Officer - Counter Extremism and Non-School Education SEO-East Midlands,1.0,Other,East Midlands
899,Department for Education,Department for Education,"Access, Participation and Applications",DFE-2231,Grade 6 - National,70854,78241,"Manager - Access, Participation and Applications Grade 6-Yorkshire and The Humber",1.0,Other,Yorkshire and The Humber
900,Department for Education,Department for Education,Education Estates Data Collection and Analysis,DFE-2627,SEO (Statistical Officer) - National,48999,53884,Senior Executive Officer - Education Estates Data Collection and Analysis SEO-South West,1.86,Other,South West
901,Department for Education,Department for Education,Improvement and Insight,DFE-2223,G7 (Accountant) - National,58437,67219,Manager - Improvement and Insight Grade 7-North West,2.66,Other,North West
902,Department for Education,Department for Education,Customer Success & Shared Service Operations,DFE-2334,Senior Executive Officer - National,42806,47047,Senior Executive Officer - Customer Success & Shared Service Operations SEO-North East,4.8,Other,North East
903,Department for Education,Department for Education,Data Science (ESFA),DFE-2601,HEO - National,36000,38229,Higher Executive Officer - Data Science (ESFA) HEO-North East,3.0,Other,North East
904,Department for Education,Department for Education,Digital Strategy,DFE-2694,Grade 7 - National,58185,67219,Manager - Digital Strategy Grade 7-Yorkshire and The Humber,3.86,Other,Yorkshire and The Humber
905,Department for Education,Department for Education,HR Services & Specialist Advice,DFE-2001,Grade 7 - National,58185,67219,Manager - HR Services & Specialist Advice Grade 7-North East,2.0,Other,North East
906,Department for Education,Department for Education,"CSC Social Worker Training, Development and Leadership",DFE-2558,Senior Executive Officer - National,42806,47047,"Senior Executive Officer - CSC Social Worker Training, Development and Leadership SEO-West Midlands",1.0,Other,West Midlands
907,Department for Education,Skills England,"Clean Energy, Life Sciences",DFE-2686,Senior Executive Officer - National,42806,47047,"Senior Executive Officer - Clean Energy, Life Sciences SEO-West Midlands",2.8,Other,West Midlands
908,Department for Education,Department for Education,Family Hubs and Early Years Interventions,DFE-2654,HEO - National,36000,38229,Higher Executive Officer - Family Hubs and Early Years Interventions HEO-Yorkshire and The Humber,3.0,Other,Yorkshire and The Humber
909,Department for Education,Department for Education,"Early Years Quality, Recovery and Welfare",DFE-2240,Grade 6 - London,74528,82869,"Manager - Early Years Quality, Recovery and Welfare Grade 6-London",3.0,Other,London
910,Department for Education,Department for Education,"Construction Grants, Assurance and Response",DFE-2344,Senior Executive Officer - National,42806,47047,"Senior Executive Officer - Construction Grants, Assurance and Response SEO-Yorkshire and The Humber",4.6,Other,Yorkshire and The Humber
911,Department for Education,Department for Education,International Placements,DFE-2491,EO - National,31479,31479,Executive Officer - International Placements EO-North West,2.0,Other,North West
912,Department for Education,Department for Education,Skills Strategy and Delivery,DFE-2570,Senior Executive Officer - National,42806,47047,Senior Executive Officer - Skills Strategy and Delivery SEO-Yorkshire and The Humber,3.46,Other,Yorkshire and The Humber
913,Department for Education,Department for Education,Schools and Funding Analysis,DFE-2567,Grade 7 - National,58185,67219,Manager - Schools and Funding Analysis Grade 7-East Midlands,1.0,Other,East Midlands
914,Department for Education,Department for Education,Education Estates Data Collection and Analysis,DFE-2627,Grade 7 - National,58185,67219,Manager - Education Estates Data Collection and Analysis Grade 7-West Midlands,1.0,Other,West Midlands
915,Department for Education,Department for Education,Families Analysis,DFE-2152,Grade 7 - London,62336,72057,Manager - Families Analysis Grade 7-London,5.0,Other,London
916,Department for Education,Department for Education,Family Support,DFE-2305,Senior Executive Officer - London,46971,51973,Senior Executive Officer - Family Support SEO-London,4.64,Other,London
917,Department for Education,Department for Education,Higher Education Strategy and Portfolio,DFE-2239,EO - National,31479,31479,Executive Officer - Higher Education Strategy and Portfolio EO-Yorkshire and The Humber,0.81,Other,Yorkshire and The Humber
918,Department for Education,Department for Education,Infrastructure & Platforms,DFE-2281,Grade 7 - National,58185,67219,Manager - Infrastructure & Platforms Grade 7-North East,3.86,Other,North East
919,Department for Education,Department for Education,Schools System Accountability,DFE-2224,Senior Executive Officer - National,42806,47047,Senior Executive Officer - Schools System Accountability SEO-Yorkshire and The Humber,4.0,Other,Yorkshire and The Humber
920,Department for Education,Department for Education,Enterprise Data for Access and Sharing,DFE-2658,HEO - National,36000,38229,Higher Executive Officer - Enterprise Data for Access and Sharing HEO-Yorkshire and The Humber,3.13,Other,Yorkshire and The Humber
921,Department for Education,Department for Education,Policy Lab,DFE-2630,Grade 6 - London,74528,82869,Manager - Policy Lab Grade 6-London,3.71,Other,London
922,Department for Education,Standard and Testing Agency,STA Assessment DDaT,DFE-2607,Senior Executive Officer - National,42806,47047,Senior Executive Officer - STA Assessment DDaT SEO-Yorkshire and The Humber,2.0,Other,Yorkshire and The Humber
923,Department for Education,Department for Education,SFSO Operational Delivery - North,DFE-2084,Senior Executive Officer - National,42806,47047,Senior Executive Officer - SFSO Operational Delivery - North Grade 7-Yorkshire and The Humber,1.0,Other,Yorkshire and The Humber
924,Department for Education,Department for Education,Supporting and Rewarding Teachers and Leaders,DFE-2637,Senior Executive Officer - National,42806,47047,Senior Executive Officer - Supporting and Rewarding Teachers and Leaders SEO-Yorkshire and The Humber,1.41,Other,Yorkshire and The Humber
925,Department for Education,Department for Education,Regions Group: Yorkshire and the Humber,DFE-2375,Senior Executive Officer - National,42806,47047,Senior Executive Officer - Regions Group: Yorkshire and the Humber SEO-Yorkshire and The Humber,10.86,Other,Yorkshire and The Humber
926,Department for Education,Department for Education,"CSC Social Worker Training, Development and Leadership",DFE-2558,Grade 7 - National,58185,67219,"Manager - CSC Social Worker Training, Development and Leadership Grade 7-Yorkshire and The Humber",2.0,Other,Yorkshire and The Humber
927,Department for Education,Department for Education,HR Services & Specialist Advice,DFE-2001,HEO - National,36000,38229,Higher Executive Officer - HR Services & Specialist Advice HEO-North West,5.0,Other,North West
928,Department for Education,Department for Education,"Early Years Quality, Recovery and Welfare",DFE-2240,Senior Executive Officer - National,42806,47047,"Senior Executive Officer - Early Years Quality, Recovery and Welfare SEO-East Midlands",2.86,Other,East Midlands
929,Department for Education,Department for Education,Ministerial and Public Communications Division,DFE-2249,EO - National,31479,31479,Executive Officer - Ministerial and Public Communications Division EO-North East,10.58,Other,North East
930,Department for Education,Department for Education,Inclusive Mainstream,DFE-2647,Senior Executive Officer - National,42806,47047,Senior Executive Officer - Inclusive Mainstream SEO-Yorkshire and The Humber,1.91,Other,Yorkshire and The Humber
931,Department for Education,Department for Education,Life Skills,DFE-2456,Senior Executive Officer - National,42806,47047,Senior Executive Officer - Life Skills SEO-Yorkshire and The Humber,2.75,Other,Yorkshire and The Humber
932,Department for Education,Department for Education,CSC Strategy and System,DFE-2401,Grade 7 - National,58185,67219,Manager - CSC Strategy and System Grade 7-Yorkshire and The Humber,1.6,Other,Yorkshire and The Humber
933,Department for Education,Department for Education,Cyber and Information Security (CISO),DFE-2485,Grade 6 - National,70854,78241,Manager - Cyber and Information Security (CISO) Grade 6-Yorkshire and The Humber,1.0,Other,Yorkshire and The Humber
934,Department for Education,Department for Education,Construction Delivery South East and London,DFE-2222,HEO - National,36000,38229,Higher Executive Officer - School Rebuilding HEO-Yorkshire and The Humber,1.0,Other,Yorkshire and The Humber
935,Department for Education,Department for Education,Family Hubs and Early Years Interventions,DFE-2654,Grade 7 - National,58185,67219,Manager - Family Hubs and Early Years Interventions Grade 7-West Midlands,1.0,Other,West Midlands
936,Department for Education,Department for Education,Capital Delivery,DFE-2568,Grade 7 - National,58185,67219,Manager - Construction and External Technical Services Grade 7-South West,1.0,Other,South West
937,Department for Education,Department for Education,Family Support,DFE-2305,HEO - National,36000,38229,Higher Executive Officer - Family Support HEO-Yorkshire and The Humber,2.0,Other,Yorkshire and The Humber
938,Department for Education,Department for Education,Further Education Workforce,DFE-2218,Senior Executive Officer - National,42806,47047,Senior Executive Officer - FE Workforce SEO-North West,2.91,Other,North West
939,Department for Education,Department for Education,Regions Group: Yorkshire & Humber and National CSC and BSiL,DFE-2613,Senior Executive Officer - National,42806,47047,Senior Executive Officer - Regions Group: Yorkshire & Humber and National CSC and BSiL SEO-Yorkshire and The Humber,4.0,Other,Yorkshire and The Humber
940,Department for Education,Department for Education,Regions Group: Yorkshire and the Humber,DFE-2375,HEO - National,36000,38229,Higher Executive Officer - Regions Group: Yorkshire and the Humber HEO-Yorkshire and The Humber,6.35,Other,Yorkshire and The Humber
941,Department for Education,Department for Education,"Access, Participation and Applications",DFE-2231,Senior Executive Officer - London,46971,51973,Senior Executive Officer - Careers SEO-London,1.81,Other,London
942,Department for Education,Department for Education,SFSO Central Division,DFE-2202,Grade 7 - London,62336,72057,Manager - SFSO Central Division Gade 7-London,2.0,Other,London
943,Department for Education,Department for Education,Schools Productivity Unit,DFE-2651,Senior Executive Officer - National,42806,47047,Senior Executive Officer - Schools Productivity Unit SEO-Yorkshire and The Humber,2.0,Other,Yorkshire and The Humber
944,Department for Education,Department for Education,Sector Reporting,DFE-2185,Grade 6 - National,70854,78241,Manager - Sector Reporting Grade 6-East Of England,1.0,Other,East Of England
945,Department for Education,Department for Education,Family Hubs and Early Years Interventions,DFE-2654,Senior Executive Officer - London,46971,51973,Senior Executive Officer - Family Hubs and Early Years Interventions SEO-East Midlands,6.0,Other,East Midlands
946,Department for Education,Department for Education,DDT Incubator,DFE-2475,Grade 7 - National,58185,67219,Manager - DDT Incubator Grade 7-North East,1.0,Other,North East
947,Department for Education,Department for Education,International Strategy & Partnerships,DFE-2432,Grade 6 - National,70854,78241,Manager - International Strategy & Partnerships Grade 6-Yorkshire and The Humber,1.0,Other,Yorkshire and The Humber
948,Department for Education,Department for Education,Education Estates Data Collection and Analysis,DFE-2627,Grade 7 - London,62336,72057,Manager - Education Estates Data Collection and Analysis Grade 7-London,2.89,Other,London
949,Department for Education,Department for Education,Stakeholder Engagement,DFE-2349,Senior Executive Officer - London,46971,51973,Senior Executive Officer - Stakeholder Engagement SEO-East Midlands,1.0,Other,East Midlands
950,Department for Education,Department for Education,Capital Delivery,DFE-2568,Grade 6 - National,70854,78241,Manager - Commercial Specialist - Schools Grade 6-Unknown,1.0,Other,Unknown
951,Department for Education,Department for Education,CSC Regional Cooperatives and Fostering,DFE-2443,Senior Executive Officer - London,46971,51973,Senior Executive Officer - CSC Looked After Children Placements SEO-London,3.0,Other,London
952,Department for Education,Department for Education,Family Hubs and Early Years Interventions,DFE-2393,Senior Executive Officer - National,42806,47047,Senior Executive Officer - Family Hubs and Early Years Interventions SEO-Yorkshire and The Humber,4.1,Other,Yorkshire and The Humber
953,Department for Education,Department for Education,Sector Skills,DFE-2620,Grade 7 - National,58185,67219,Manager - Sector Skills Grade 7-Unknown,1.0,Other,Unknown
954,Department for Education,Department for Education,"Governance, Assurance and Partnerships",DFE-2611,Grade 7 - National,58185,67219,"Manager - Governance, Assurance and Partnerships Grade 7-Yorkshire and The Humber",2.86,Other,Yorkshire and The Humber
955,Department for Education,Department for Education,Families Group Central,DFE-2551,Grade 7 - National,58185,67219,Manager - Families Group Central Grade 7-Yorkshire and The Humber,7.81,Other,Yorkshire and The Humber
956,Department for Education,Department for Education,Developing Teachers and Leaders,DFE-2670,Senior Executive Officer - National,42806,47047,Senior Executive Officer - Developing Teachers and Leaders SEO-East Midlands,6.0,Other,East Midlands
957,Department for Education,Department for Education,"Estates, Security and People",DFE-2025,Grade 7 - National,58185,67219,"Manager - Estates, Security and People Grade 7-East Midlands",1.0,Other,East Midlands
958,Department for Education,Department for Education,FE Provider Infrastructure,DFE-2387,Senior Executive Officer - National,42806,47047,Senior Executive Officer - FE Provider Infrastructure​ SEO-Yorkshire and The Humber,3.68,Other,Yorkshire and The Humber
959,Department for Education,Department for Education,Sustainability and Strategic Projects,DFE-2311,Grade 7 - National,58185,67219,Manager - Sustainability and Strategic Projects Grade 7-North West,1.0,Other,North West
960,Department for Education,Department for Education,"Education Estates Design, Engineering, Cost and Building Technology",DFE-2208,Grade 6 - National,70854,78241,"Manager - Education Estates Design, Engineering, Cost and Building Technology Grade 6-Yorkshire and The Humber",2.0,Other,Yorkshire and The Humber
961,Department for Education,Department for Education,CSC Child Protection and Safeguarding,DFE-2337,Grade 7 - National,58185,67219,Manager - CSC Child Protection and Safeguarding Grade 7-Unknown,1.0,Other,Unknown
962,Department for Education,Department for Education,SFSO Central Division,DFE-2202,Senior Executive Officer - National,42806,47047,Senior Executive Officer - SFSO Central Division SEO-South West,2.95,Other,South West
963,Department for Education,Department for Education,Internal Comms and GCS Change,DFE-2368,Grade 6 - London,74528,82869,Manager - Internal Comms and GCS Change Grade 6-London,1.0,Other,London
964,Department for Education,Department for Education,"Access, Participation and Applications",DFE-2231,Grade 7 - National,58185,67219,"Manager - Access, Participation and Applications​ Grade 7-North East",1.0,Other,North East
965,Department for Education,Department for Education,Commercial Operations,DFE-2355,G7 (Accountant) - National,58437,67219,Manager - Commercial Operations Grade 7-North East,3.37,Other,North East
966,Department for Education,Department for Education,Commercial Operations,DFE-2355,Senior Executive Officer - National,42806,47047,Senior Executive Officer - Commercial Operations SEO-Yorkshire and The Humber,5.0,Other,Yorkshire and The Humber
967,Department for Education,Department for Education,SFSO Operational Delivery - North,DFE-2084,Senior Executive Officer - National,42806,47047,Senior Executive Officer - SFSO Operational Delivery - North SEO-North East,2.9,Other,North East
968,Department for Education,Department for Education,CSC Strategy and System,DFE-2401,Grade 7 - National,58185,67219,Manager - CSC Strategy and System Grade 7-North West,3.0,Other,North West
969,Department for Education,Department for Education,Enterprise Data for Access and Sharing,DFE-2658,EO - National,31479,31479,Executive Officer - Enterprise Data for Access and Sharing EO-Yorkshire and The Humber,1.0,Other,Yorkshire and The Humber
970,Department for Education,Department for Education,Major Projects and Risk,DFE-2608,Grade 7 - National,58185,67219,Manager - Major Projects and Risks Grade 7-Yorkshire and The Humber,2.0,Other,Yorkshire and The Humber
971,Department for Education,Department for Education,Childcare Reform Delivery & Directorate Support,DFE-2576,Grade 7 - National,58185,67219,Manager - Childcare Reform Delivery & Directorate Support Grade 7-Yorkshire and The Humber,5.0,Other,Yorkshire and The Humber
972,Department for Education,Department for Education,Counter Extremism and Non-School Education,DFE-2398,Grade 7 - National,58185,67219,Manager - Counter Extremism and Non-School Education Grade 7-Unknown,7.8,Other,Unknown
973,Department for Education,Department for Education,Regions Group: National,DFE-2021,Senior Executive Officer - National,42806,47047,Senior Executive Officer - Regions Group: National SEO-West Midlands,5.26,Other,West Midlands
974,Department for Education,Skills England,Corporate Governance and Performance,DFE-2691,EO - London,35438,35438,Executive Officer - Corporate Governance and Performance EO-London,2.0,Other,London
975,Department for Education,Department for Education,Careers,DFE-2653,Grade 6 - London,74528,82869,Manager - Careers Grade 6-London,2.0,Other,London
976,Department for Education,Department for Education,HR Services & Specialist Advice,DFE-2001,HEO - National,36000,38229,Higher Executive Officer - Knowledge and Information Management HEO-East Midlands,0.64,Other,East Midlands
977,Department for Education,Department for Education,Regions Group: Yorkshire & Humber and National CSC and BSiL,DFE-2613,Senior Executive Officer - National,42806,47047,Senior Executive Officer - Regions Group: Yorkshire & Humber and National CSC and BSiL SEO-North West,1.0,Other,North West
978,Department for Education,Department for Education,Funding Policy Implementation,DFE-2609,Senior Executive Officer - National,42806,47047,Senior Executive Officer - Funding Policy Implementation SEO-Yorkshire and The Humber,4.45,Other,Yorkshire and The Humber
979,Department for Education,Department for Education,Local Accountability and Improvement,DFE-2383,Senior Executive Officer - National,42806,47047,Senior Executive Officer - Local Accountability and Improvement SEO-Yorkshire and The Humber,3.64,Other,Yorkshire and The Humber
980,Department for Education,Department for Education,Schools Digital,DFE-2504,HEO - National,36000,38229,Higher Executive Officer - Schools Digital HEO-North West,8.0,Other,North West
981,Department for Education,Department for Education,Childcare Reform Delivery & Directorate Support,DFE-2576,Senior Executive Officer - London,46971,51973,Senior Executive Officer - Childcare Reform Delivery & Directorate Support SEO-London,5.0,Other,London
982,Department for Education,Department for Education,Funding Policy Implementation,DFE-2609,Senior Executive Officer - London,46971,51973,Senior Executive Officer - Funding Policy Implementation SEO-London,1.0,Other,London
983,Department for Education,Department for Education,Education Estates Data Collection and Analysis,DFE-2627,HEO - National,36000,38229,Higher Executive Officer - Education Estates Data Collection and Analysis HEO-North East,1.0,Other,North East
984,Department for Education,Department for Education,Regions Group: North West,DFE-2514,Grade 7 - National,58185,67219,Manager - Regions Group: North West Grade 7-Yorkshire and The Humber,2.86,Other,Yorkshire and The Humber
985,Department for Education,Department for Education,Early Years Sufficiency and Entitlements,DFE-2225,Grade 6 - London,74528,82869,Manager - Early Years Sufficiency and Entitlements Grade 6-London,3.29,Other,London
986,Department for Education,Department for Education,Childcare Reform Delivery & Directorate Support,DFE-2576,HEO - National,36000,38229,Higher Executive Officer - Childcare Reform Delivery & Directorate Support HEO (Position Vacate:13/10/2025)-West Midlands,1.0,Other,West Midlands
987,Department for Education,Department for Education,Central Strategic Finance,DFE-2604,Senior Executive Officer - National,42806,47047,Senior Executive Officer - Central Strategic Finance SEO-North West,0.86,Other,North West
988,Department for Education,Department for Education,FE Workforce,DFE-2668,Senior Executive Officer - National,42806,47047,Senior Executive Officer - FE Workforce SEO-Yorkshire and The Humber,4.75,Other,Yorkshire and The Humber
989,Department for Education,Department for Education,Technical Education & Qualification Reforms,DFE-2093,Grade 7 - London,62336,72057,Manager - Technical Education & Qualification Reform​s Grade 7-East Midlands,0.58,Other,East Midlands
990,Department for Education,Department for Education,Childcare Reform Delivery & Directorate Support,DFE-2576,Senior Executive Officer - National,42806,47047,Senior Executive Officer - Childcare Reform Delivery & Directorate Support SEO-East Midlands,2.0,Other,East Midlands
991,Department for Education,Department for Education,Specialist Restructuring,DFE-2173,Grade 7 - National,58185,67219,Manager - Specialist Restructuring Grade 7-Yorkshire and The Humber,3.8,Other,Yorkshire and The Humber
992,Department for Education,Department for Education,Regions Group: South West,DFE-2661,EO - National,31479,31479,Executive Officer - Regions Group: South West EO-South West,5.0,Other,South West
993,Department for Education,Department for Education,Childcare Reform Delivery & Directorate Support,DFE-2576,HEO - National,36000,38229,Higher Executive Officer - Childcare Reform Delivery & Directorate Support HEO-West Midlands,0.86,Other,West Midlands
994,Department for Education,Department for Education,Sector Skills,DFE-2620,Senior Executive Officer - National,42806,47047,Senior Executive Officer - Sector Skills SEO-North East,2.0,Other,North East
995,Department for Education,Department for Education,Early Years Markets and Strategy,DFE-2644,Senior Executive Officer - National,42806,47047,Senior Executive Officer - Early Years Markets and Strategy SEO-East Midlands,0.6,Other,East Midlands
996,Department for Education,Department for Education,"Behaviour, Exclusions and School Food",DFE-2662,Grade 7 - London,62336,72057,"Manager - Behaviour, Exclusions and School Food Grade 7-London",4.86,Other,London
997,Department for Education,Department for Education,"Education Estates Design, Engineering, Cost and Building Technology",DFE-2208,Senior Executive Officer - National,42806,47047,"Senior Executive Officer - Education Estates Design, Engineering, Cost and Building Technology SEO-Yorkshire and The Humber",2.0,Other,Yorkshire and The Humber
998,Department for Education,Department for Education,"Financial Business Partnering: Skills, OIG and Strategy",DFE-2652,SEO (Accountant) - National,49615,54551,"Senior Executive Officer - Financial Business Partnering: Skills, OIG and Strategy SEO-North West",0.7,Other,North West
999,Department for Education,Department for Education,CSC Looked After Children Placements,DFE-2582,Grade 7 - National,58185,67219,Manager - Children in Care Grade 7-Unknown,1.0,Other,Unknown
1000,Department for Education,Department for Education,Family Hubs and Early Years Interventions,DFE-2654,Senior Executive Officer - London,46971,51973,Senior Executive Officer - Family Hubs and Early Years Interventions SEO-London,10.9,Other,London
1001,Department for Education,Department for Education,Strategic Policy Directorate (SPD),DFE-2517,Grade 7 - National,58185,67219,Manager - Strategic Policy Directorate (SPD) - Directorate Support Team Grade 7-Yorkshire and The Humber,1.0,Other,Yorkshire and The Humber
1002,Department for Education,Department for Education,Insight and Statistics,DFE-2400,SEO (Scientific Officer) - National,48999,53884,Senior Executive Officer - Insight and Statistics SEO-South West,2.68,Other,South West
1003,Department for Education,Department for Education,Rapid Response Co-ordination,DFE-2382,Senior Executive Officer - National,42806,47047,Senior Executive Officer - Rapid Response Co-ordination SEO-North West,5.8,Other,North West
1004,Department for Education,Department for Education,Work Based Skills Operational Delivery,DFE-2619,Senior Executive Officer - National,42806,47047,Senior Executive Officer - Work Based Skills Operational Delivery SEO-South West,1.86,Other,South West
1005,Department for Education,Department for Education,Teachers' Pension Scheme,DFE-2675,Grade 7 - National,58185,67219,Manager - Teachers' Pension Scheme Grade 7-Yorkshire and The Humber,4.0,Other,Yorkshire and The Humber
1006,Department for Education,Department for Education,The Apprenticeships Service (DDAT)​,DFE-2486,Grade 7 - National,58185,67219,Manager - The Apprenticeships Service (DDAT)​ Grade 7-North West,3.0,Other,North West
1007,Department for Education,Department for Education,SFSO Central Division,DFE-2202,Senior Executive Officer - National,42806,47047,Senior Executive Officer - SFSO Central Division SEO-North East,2.0,Other,North East
1008,Department for Education,Department for Education,SFSO Operational Delivery - South,DFE-2085,Senior Executive Officer - London,46971,51973,Senior Executive Officer - SFSO Operational Delivery - South SEO-London,15.18,Other,London
1009,Department for Education,Department for Education,Enterprise Data for Insight,DFE-2392,Grade 7 - National,58185,67219,Manager - Enterprise Data for Insight Grade 7-North East,8.7,Other,North East
1010,Department for Education,Department for Education,Data Science (ESFA),DFE-2601,SEO (Statistical Officer) - National,48999,53884,Senior Executive Officer - Data Science (ESFA) SEO-Yorkshire and The Humber,5.5,Other,Yorkshire and The Humber
1011,Department for Education,Teaching Regulation Agency,Teaching Regulation Agency,DFE-2215,Senior Executive Officer - National,42806,47047,Senior Executive Officer - Teaching Regulation Agency SEO-West Midlands,10.91,Other,West Midlands
1012,Department for Education,Department for Education,SFSO Operational Delivery - North,DFE-2084,Senior Executive Officer - National,42806,47047,Senior Executive Officer - SFSO Operational Delivery - North SEO (Position Vacate:30/11/2025)-North East,0.5,Other,North East
1013,Department for Education,Skills England,Regions,DFE-2197,Senior Executive Officer - National,42806,47047,Senior Executive Officer - Regions SEO-North West,1.0,Other,North West
1014,Department for Education,Department for Education,"Construction Grants, Assurance and Response",DFE-2344,HEO - National,36000,38229,"Higher Executive Officer - Construction Grants, Assurance and Response HEO-Yorkshire and The Humber",2.81,Other,Yorkshire and The Humber
1015,Department for Education,Department for Education,CSC Strategy and Care System,DFE-2671,Grade 7 - National,58185,67219,Manager - CSC Portfolio and Funding Grade 7-East Midlands,0.91,Other,East Midlands
1016,Department for Education,Department for Education,Education Estates Data Collection and Analysis,DFE-2627,EO - National,31479,31479,Executive Officer - Education Estates Data Collection and Analysis HEO-North East,1.0,Other,North East
1017,Department for Education,Department for Education,Regions Group: South East,DFE-2439,Senior Executive Officer - London,46971,51973,Senior Executive Officer - Regions Group: South East SEO-London,11.6,Other,London
1018,Department for Education,Department for Education,Sector Reporting,DFE-2185,SEO (Accountant) - National,49615,54551,Senior Executive Officer - Sector Reporting SEO-North West,3.0,Other,North West
1019,Department for Education,Department for Education,CSC Looked After Children Placements,DFE-2582,Grade 6 - London,74528,82869,Manager - CSC Looked After Children Placements Grade 6-London,1.7,Other,London
1020,Department for Education,Department for Education,Childcare Reform Delivery & Directorate Support,DFE-2576,Grade 6 - National,70854,78241,Manager - Childcare Reform Delivery & Directorate Support Grade 6-Yorkshire and The Humber,2.0,Other,Yorkshire and The Humber
1021,Department for Education,Department for Education,Operations and Infrastructure Group,DFE-2536,Grade 7 - National,58185,67219,Manager - Commercial Operations Grade 7-Yorkshire and The Humber,3.0,Other,Yorkshire and The Humber
1022,Department for Education,Department for Education,Families Group Central,DFE-2551,Senior Executive Officer - National,42806,47047,Senior Executive Officer - Families Group Central SEO-North West,2.75,Other,North West
1023,Department for Education,Department for Education,CSC Looked After Children Placements,DFE-2582,Senior Executive Officer - National,42806,47047,Senior Executive Officer - CSC Looked After Children Placements SEO-East Midlands,1.0,Other,East Midlands
1024,Department for Education,Department for Education,Operations and Infrastructure Group,DFE-2536,HEO - National,36000,38229,Higher Executive Officer - Commercial School Resource Management (Protected) HEO-West Midlands,2.0,Other,West Midlands
1025,Department for Education,Department for Education,Commercial Operations,DFE-2355,Grade 6 - National,70854,78241,Manager - Commercial Operations Grade 6-North East,1.81,Other,North East
1026,Department for Education,Department for Education,Ministerial and Public Communications Division,DFE-2249,HEO - National,36000,38229,Higher Executive Officer - Ministerial and Public Communications Division HEO-North West,5.0,Other,North West
1027,Department for Education,Department for Education,Financial Operations,DFE-2200,Senior Executive Officer - National,42806,47047,Senior Executive Officer - Financial Operations SEO-Yorkshire and The Humber,1.0,Other,Yorkshire and The Humber
1028,Department for Education,Department for Education,Regions Group: East Midlands,DFE-2144,Senior Executive Officer - National,42806,47047,Senior Executive Officer - Regions Group: East Midlands SEO-Yorkshire and The Humber,6.95,Other,Yorkshire and The Humber
1029,Department for Education,Department for Education,"Breakfast Clubs, Wraparound Childcare and HAF",DFE-2544,Senior Executive Officer - National,42806,47047,"Senior Executive Officer - Breakfast Clubs, Wraparound Childcare and HAF SEO-Yorkshire and The Humber",7.15,Other,Yorkshire and The Humber
1030,Department for Education,Department for Education,"FE Support, Improvement and Provider Engagement",DFE-2394,EO - National,31479,31479,"Executive Officer - FE Support, Improvement and Provider Engagement EO-Yorkshire and The Humber",2.0,Other,Yorkshire and The Humber
1031,Department for Education,Department for Education,Student Funding Policy​,DFE-2516,Senior Executive Officer - National,42806,47047,Senior Executive Officer - Student Funding Policy​ SEO-Yorkshire and The Humber,2.0,Other,Yorkshire and The Humber
1032,Department for Education,Department for Education,Regions Group: North West,DFE-2514,Grade 6 - National,70854,78241,Manager - Regions Group: North West Grade 6-North West,2.64,Other,North West
1033,Department for Education,Department for Education,Operations and Infrastructure Group,DFE-2536,Senior Executive Officer - National,42806,47047,Senior Executive Officer - Commercial Specialist - Schools SEO-West Midlands,1.0,Other,West Midlands
1034,Department for Education,Department for Education,Regions Group: South East,DFE-2439,Senior Executive Officer - London,46971,51973,Senior Executive Officer - Regions Group: South East SEO-East Midlands,5.46,Other,East Midlands
1035,Department for Education,Department for Education,Teacher Training and Recruitment,DFE-2541,Grade 6 - National,70854,78241,Manager - Teacher Training and Recruitment Grade 6-Yorkshire and The Humber,0.7,Other,Yorkshire and The Humber
1036,Department for Education,Department for Education,Central Strategic Finance,DFE-2604,G7 (Accountant) - National,58437,67219,Manager - Central Strategic Finance Grade 7-Yorkshire and The Humber,1.81,Other,Yorkshire and The Humber
1037,Department for Education,Teaching Regulation Agency,Teaching Regulation Agency,DFE-2215,Grade 6 - National,70854,78241,Manager - Teaching Regulation Agency Grade 6-North West,1.0,Other,North West
1038,Department for Education,Department for Education,"Estates, Security and People",DFE-2025,EO - London,35438,35438,Executive Officer - Central Business Services EO-London,2.0,Other,London
1039,Department for Education,Standard and Testing Agency,Assessment Research and Development,DFE-2535,Senior Executive Officer - National,42806,47047,Senior Executive Officer - Assessment Research and Development SEO-North East,1.0,Other,North East
1040,Department for Education,Department for Education,"Governance, Assurance and Partnerships",DFE-2611,Grade 7 - London,62336,72057,"Manager - Governance, Assurance and Partnerships Grade 7-London",2.0,Other,London
1041,Department for Education,Department for Education,SEND Strategy,DFE-2571,Grade 7 - National,58185,67219,Manager - SEND Strategy Grade 7-Yorkshire and The Humber,2.0,Other,Yorkshire and The Humber
1042,Department for Education,Department for Education,"CSC Adoption, Family Justice and Alternatives to Care",DFE-2638,Grade 6 - London,74528,82869,"Manager - CSC Adoption, Family Justice and Alternatives to Care Grade 6 (Overlap)-London",1.0,Other,London
1043,Department for Education,Department for Education,Regions Group: National,DFE-2021,HEO - National,36000,38229,Higher Executive Officer - Regions Group: National HEO-South West,3.0,Other,South West
1044,Department for Education,Department for Education,"CSC Outcomes, Care Leavers and Capital",DFE-2347,Senior Executive Officer - National,42806,47047,"Senior Executive Officer - CSC Outcomes, Care Leavers and Capital SEO-Yorkshire and The Humber",2.91,Other,Yorkshire and The Humber
1045,Department for Education,Department for Education,Family Hubs and Early Years Interventions,DFE-2654,HEO - National,36000,38229,Higher Executive Officer - Family Hubs and Early Years Interventions HEO-West Midlands,1.0,Other,West Midlands
1046,Department for Education,Department for Education,SEND Strategy,DFE-2571,Grade 6 - National,70854,78241,Manager - SEND Strategy Grade 6-West Midlands,0.7,Other,West Midlands
1047,Department for Education,Department for Education,Financial Reporting,DFE-2454,Senior Executive Officer - National,42806,47047,Senior Executive Officer - Financial Reporting SEO-Yorkshire and The Humber,2.0,Other,Yorkshire and The Humber
1048,Department for Education,Department for Education,Financial Reporting,DFE-2454,HEO (Accountant) - National,44467,47346,Higher Executive Officer - Financial Reporting HEO-North West,3.0,Other,North West
1049,Department for Education,Department for Education,SFSO Operational Delivery - South,DFE-2085,Senior Executive Officer - National,42806,47047,Senior Executive Officer - SFSO Operational Delivery - South SEO-Yorkshire and The Humber,2.0,Other,Yorkshire and The Humber
1050,Department for Education,Department for Education,Cyber and Information Security (CISO),DFE-2485,Grade 7 - National,58185,67219,Manager - Cyber and Information Security (CISO) Grade 7-Yorkshire and The Humber,3.89,Other,Yorkshire and The Humber
1051,Department for Education,Department for Education,Skills Strategy and Delivery,DFE-2570,Senior Executive Officer - London,46971,51973,Senior Executive Officer - Skills Strategy and Delivery SEO-London,3.0,Other,London
1052,Department for Education,Department for Education,Technology Operations,DFE-2461,EO - National,31479,31479,Executive Officer - Knowledge and Information Management EO-Yorkshire and The Humber,0.72,Other,Yorkshire and The Humber
1053,Department for Education,Department for Education,"Governance, Assurance and Partnerships",DFE-2611,Grade 6 - National,70854,78241,"Manager - Governance, Assurance and Partnerships Grade 6-East Midlands",1.0,Other,East Midlands
1054,Department for Education,Department for Education,Customer Success & Shared Service Operations,DFE-2334,Grade 7 - National,58185,67219,Manager - Customer Success & Shared Service Operations Grade 7-Yorkshire and The Humber,1.86,Other,Yorkshire and The Humber
1055,Department for Education,Department for Education,Technology Operations,DFE-2461,Senior Executive Officer - National,42806,47047,Senior Executive Officer - Data Protection Office SEO-East Midlands,1.0,Other,East Midlands
1056,Department for Education,Department for Education,Local Accountability and Improvement,DFE-2383,Grade 6 - National,70854,78241,Manager - Local Accountability and Improvement Grade 6-North West,1.0,Other,North West
1057,Department for Education,Department for Education,SFSO Operational Delivery - North,DFE-2084,Grade 6 - National,70854,78241,Manager - SFSO Operational Delivery - North Grade 6-East Midlands,1.0,Other,East Midlands
1058,Department for Education,Department for Education,Social Justice and Disadvantage,DFE-2519,Grade 6 - National,70854,78241,Manager - Social Justice and Disadvantage Grade 6-Yorkshire and The Humber,1.18,Other,Yorkshire and The Humber
1059,Department for Education,Department for Education,"Education Estates Legal, Land and Planning",DFE-2207,HEO - National,36000,38229,"Higher Executive Officer - Education Estates Legal, Land and Planning HEO-North East",1.0,Other,North East
1060,Department for Education,Department for Education,"Financial Business Partnering: Skills, OIG and Strategy",DFE-2652,Grade 7 - National,58185,67219,"Manager - Financial Business Partnering: Skills, OIG and Strategy Grade 7-North West",1.6,Other,North West
1061,Department for Education,Department for Education,Specialist Sector Reform,DFE-2353,Senior Executive Officer - National,42806,47047,Senior Executive Officer - Specialist Sector Reform SEO-North West,2.0,Other,North West
1062,Department for Education,Department for Education,Counter Extremism and Non-School Education,DFE-2398,HEO - National,36000,38229,Higher Executive Officer - Counter Extremism and Non-School Education HEO-Yorkshire and The Humber,2.97,Other,Yorkshire and The Humber
1063,Department for Education,Department for Education,Digital Delivery - Vulnerable Families & Children,DFE-2503,Grade 7 - National,58185,67219,Manager - Digital Delivery - Vulnerable Families & Children Grade 7-Yorkshire and The Humber,2.0,Other,Yorkshire and The Humber
1064,Department for Education,Department for Education,Commercial Operations,DFE-2355,HEO - National,36000,38229,Higher Executive Officer - Commercial Operations HEO-North East,1.0,Other,North East
1065,Department for Education,Department for Education,Families Group Central,DFE-2551,Grade 7 - National,58185,67219,Manager - Families Group Central Grade 7-North West,2.0,Other,North West
1066,Department for Education,Department for Education,"FE Support, Improvement and Provider Engagement",DFE-2394,HEO - National,36000,38229,"Higher Executive Officer - FE Support, Improvement and Provider Engagement HEO-West Midlands",3.0,Other,West Midlands
1067,Department for Education,Department for Education,Specialist Restructuring,DFE-2173,HEO - National,36000,38229,Higher Executive Officer - Specialist Restructuring HEO-North West,1.0,Other,North West
1068,Department for Education,Skills England,Delivery and Reform,DFE-2693,Senior Executive Officer - National,42806,47047,Senior Executive Officer - Development and Innovation SEO-Unknown,2.0,Other,Unknown
1069,Department for Education,Department for Education,Further Education Workforce,DFE-2218,Grade 6 - National,70854,78241,Manager - FE Workforce Grade 6-North West,2.81,Other,North West
1070,Department for Education,Department for Education,Central Capital Unit,DFE-2228,Grade 6 - National,70854,78241,Manager - Central Capital Unit Grade 6-North East,1.0,Other,North East
1071,Department for Education,Department for Education,Commercial Operations,DFE-2355,Grade 7 - National,58185,67219,Manager - Commercial Operations Grade 7-Unknown,1.0,Other,Unknown
1072,Department for Education,Department for Education,SFSO Central Division,DFE-2202,HEO - National,36000,38229,Higher Executive Officer - SFSO Central Division HEO-East Midlands,0.85,Other,East Midlands
1073,Department for Education,Skills England,Regions,DFE-2197,EO - National,31479,31479,Executive Officer - Regions EO-West Midlands,1.0,Other,West Midlands
1074,Department for Education,Department for Education,Teachers' Pension Scheme,DFE-2675,Senior Executive Officer - National,42806,47047,Senior Executive Officer - Teachers' Pension Scheme SEO-North East,8.71,Other,North East
1075,Department for Education,Department for Education,Financial Reporting,DFE-2454,Grade 6 - National,70854,78241,Manager - Financial Reporting Grade 6-Yorkshire and The Humber,1.98,Other,Yorkshire and The Humber
1076,Department for Education,Department for Education,Schools Regulation and Quality,DFE-2212,Senior Executive Officer - National,42806,47047,Senior Executive Officer - Schools Regulation and Quality SEO-East Midlands,1.0,Other,East Midlands
1077,Department for Education,Department for Education,Insight and Statistics,DFE-2400,HEO (Higher Statistical Officer) - National,40044,42778,Higher Executive Officer - Insight and Statistics HEO-East Midlands,1.0,Other,East Midlands
1078,Department for Education,Department for Education,Customer Success & Shared Service Operations,DFE-2334,HEO - National,36000,38229,Higher Executive Officer - Customer Success & Shared Service Operations HEO (Position Vacate:13/10/2025)-North East,1.0,Other,North East
1079,Department for Education,Department for Education,T - Level Policy,DFE-2542,EO - National,31479,31479,Executive Officer - Technical Education & Qualification Reform​s EO-West Midlands,1.0,Other,West Midlands
1080,Department for Education,Department for Education,Infrastructure & Platforms,DFE-2281,HEO - National,36000,38229,Higher Executive Officer - Infrastructure & Platforms HEO-Yorkshire and The Humber,2.0,Other,Yorkshire and The Humber
1081,Department for Education,Department for Education,Infrastructure & Platforms,DFE-2281,HEO - National,36000,38229,Higher Executive Officer - Infrastructure & Platforms HEO-West Midlands,8.0,Other,West Midlands
1082,Department for Education,Department for Education,SFSO Operational Delivery - South,DFE-2085,HEO - London,40132,42699,Higher Executive Officer - SFSO Operational Delivery - South HEO-London,8.86,Other,London
1083,Department for Education,Department for Education,Technology Operations,DFE-2461,HEO - National,36000,38229,Higher Executive Officer - Knowledge and Information Management HEO-North East,1.0,Other,North East
1084,Department for Education,Department for Education,"Educational Engagement, Access and Wellbeing (EEAW)",DFE-2326,Grade 7 - London,62336,72057,Manager - Families Change and Transformation Grade 7-London,1.0,Other,London
1085,Department for Education,Department for Education,Early Years Markets and Strategy,DFE-2644,HEO - National,36000,38229,Higher Executive Officer - Early Years Markets and Strategy HEO-North West,1.0,Other,North West
1086,Department for Education,Department for Education,"Growth and Skills Levy, Strategy and Engagement",DFE-2642,Grade 7 - National,58185,67219,"Manager - Growth and Skills Levy, Strategy and Engagement Grade 7-North West",1.0,Other,North West
1087,Department for Education,Department for Education,CSC Regional Cooperatives and Fostering,DFE-2443,Senior Executive Officer - National,42806,47047,Senior Executive Officer - CSC Regional Cooperatives and Fostering SEO-Yorkshire and The Humber,1.0,Other,Yorkshire and The Humber
1088,Department for Education,Department for Education,Technology Directorate,DFE-2553,HEO - National,36000,38229,Higher Executive Officer - Technology Directorate Private Office - HEO-West Midlands,1.0,Other,West Midlands
1089,Department for Education,Department for Education,"Payroll, Reward, Policies and ER",DFE-2527,Senior Executive Officer - National,42806,47047,"Senior Executive Officer - Payroll, Reward, Policies and ER SEO-Yorkshire and The Humber",2.0,Other,Yorkshire and The Humber
1090,Department for Education,Department for Education,Commercial Operations,DFE-2355,EO - National,31479,31479,Executive Officer - Commercial Operations EO-Yorkshire and The Humber,2.78,Other,Yorkshire and The Humber
1091,Department for Education,Department for Education,"Admissions, School Organisation, Transport",DFE-2346,HEO - National,36000,38229,"Higher Executive Officer - Admissions, School Organisation, Transport HEO-North East",6.61,Other,North East
1092,Department for Education,Department for Education,CSC Strategy and Care System,DFE-2671,Grade 6 - National,70854,78241,Manager - CSC Portfolio and Funding Grade 6-North East,1.0,Other,North East
1093,Department for Education,Department for Education,Technology Directorate,DFE-2553,Senior Executive Officer - National,42806,47047,Senior Executive Officer - DDT Central Operations SEO-Yorkshire and The Humber,1.0,Other,Yorkshire and The Humber
1094,Department for Education,Department for Education,Higher Education Strategy and Portfolio,DFE-2239,Senior Executive Officer - National,42806,47047,Senior Executive Officer - Higher Education Strategy and Portfolio SEO-North East,0.94,Other,North East
1095,Department for Education,Department for Education,Early Years Sufficiency and Entitlements,DFE-2225,Grade 6 - National,70854,78241,Manager - Early Years Sufficiency and Entitlements Grade 6-North West,1.0,Other,North West
1096,Department for Education,Skills England,Delivery and Reform,DFE-2693,Grade 7 - National,58185,67219,Manager - Delivery and Reform Grade 7-North East,0.48,Other,North East
1097,Department for Education,Department for Education,Skills Strategy and Engagement,DFE-2596,Senior Executive Officer - National,42806,47047,Senior Executive Officer - FE Funding SEO-Unknown,1.0,Other,Unknown
1098,Department for Education,Department for Education,Regions Group: North West,DFE-2514,Senior Executive Officer - National,42806,47047,Senior Executive Officer - Regions Group: North West SEO-Yorkshire and The Humber,8.56,Other,Yorkshire and The Humber
1099,Department for Education,Department for Education,Education Estates Data Collection and Analysis,DFE-2627,SEO (Senior Prof & Technical Officer) - National,48999,53884,Senior Executive Officer - Education Estates Data Collection and Analysis SEO-Yorkshire and The Humber,3.0,Other,Yorkshire and The Humber
1100,Department for Education,Department for Education,Curriculum & Assessment Review,DFE-2641,Grade 6 - London,74528,82869,Manager - Curriculum & Assessment Review Grade 6-London,2.0,Other,London
1101,Department for Education,Department for Education,Regions Group: West Midlands,DFE-2406,Grade 6 - National,70854,78241,Manager - Regions Group: West Midlands Grade 6-East Midlands,1.0,Other,East Midlands
1102,Department for Education,Department for Education,DfE Covid-19 Inquiry Response,DFE-2369,Grade 6 - National,70854,78241,Manager - DfE Covid-19 Inquiry Response Grade 6-West Midlands,0.91,Other,West Midlands
1103,Department for Education,Standard and Testing Agency,"Standards, Testing and Regulation Directorate",DFE-2135,Senior Executive Officer - National,42806,47047,Senior Executive Officer - Assessment Operations and Services SEO-North West,7.0,Other,North West
1104,Department for Education,Department for Education,Life Skills,DFE-2456,Grade 7 - National,58185,67219,Manager - Life Skills Grade 7-West Midlands,0.8,Other,West Midlands
1105,Department for Education,Skills England,"Creative, Digital, Finance and Business",DFE-2685,Grade 7 - National,58185,67219,"Manager - Creative, Digital, Finance and Business Grade 7-North East",4.84,Other,North East
1106,Department for Education,Department for Education,"CSC Adoption, Family Justice and Alternatives to Care",DFE-2638,Grade 7 - National,58185,67219,"Manager - CSC Adoption, Family Justice and Alternatives to Care Grade 7-North East",2.0,Other,North East
1107,Department for Education,Department for Education,"Financial Business Partnering: Skills, OIG and Strategy",DFE-2652,G7 (Accountant) - National,58437,67219,Manager - ESFA Finance Grade 7-North West,1.0,Other,North West
1108,Department for Education,Department for Education,Regions Group: National,DFE-2021,HEO (Higher Statistical Officer) - National,40044,42778,Higher Executive Officer - Regions Group: National HEO-North West,8.0,Other,North West
1109,Department for Education,Department for Education,"Construction Grants, Assurance and Response",DFE-2344,Senior Executive Officer - National,42806,47047,Senior Executive Officer - Education Estates Strategy and Policy Unit SEO-North West,2.0,Other,North West
1110,Department for Education,Department for Education,Digital Delivery - Funding Services,DFE-2610,Grade 7 - National,58185,67219,Manager - Digital Delivery - Funding Services Grade 6-West Midlands,2.0,Other,West Midlands
1111,Department for Education,Department for Education,FE Workforce,DFE-2668,HEO - National,36000,38229,Higher Executive Officer - FE Workforce HEO (Position Vacate:31/12/2025)-Yorkshire and The Humber,1.0,Other,Yorkshire and The Humber
1112,Department for Education,Department for Education,Insight and Statistics,DFE-2400,HEO (Higher Statistical Officer) - National,40044,42778,Higher Executive Officer - Insight and Statistics HEO-Yorkshire and The Humber,4.0,Other,Yorkshire and The Humber
1113,Department for Education,Department for Education,Childcare Reform Delivery & Directorate Support,DFE-2576,SEO (Statistical Officer) - National,48999,53884,Senior Executive Officer - Childcare Reform Delivery & Directorate Support SEO-West Midlands,4.0,Other,West Midlands
1114,Department for Education,Department for Education,"Financial Business Partnering: Skills, OIG and Strategy",DFE-2652,Senior Executive Officer - National,42806,47047,"Senior Executive Officer - Financial Business Partnering: Skills, OIG and Strategy SEO-West Midlands",0.8,Other,West Midlands
1115,Department for Education,Department for Education,Regions Group: North West,DFE-2514,HEO - National,36000,38229,Higher Executive Officer - Regions Group: North West HEO-North West,14.0,Other,North West
1116,Department for Education,Department for Education,DDT Incubator,DFE-2475,Senior Executive Officer - National,42806,47047,Senior Executive Officer - DDT Incubator SEO-West Midlands,2.0,Other,West Midlands
1117,Department for Education,Department for Education,Education Estates Strategy and Policy Unit,DFE-2072,HEO - National,36000,38229,Higher Executive Officer - Education Estates Strategy and Policy Unit HEO-North East,2.0,Other,North East
1118,Department for Education,Department for Education,"Admissions, School Organisation, Transport",DFE-2346,Grade 7 - National,58185,67219,"Manager - Admissions, School Organisation, Transport Grade 7-South West",1.0,Other,South West
1119,Department for Education,Department for Education,"Breakfast Clubs, Wraparound Childcare and HAF",DFE-2544,Grade 7 - London,62336,72057,Manager - Family Support Grade 7-London,4.53,Other,London
1120,Department for Education,Department for Education,Higher Education Strategy and Portfolio,DFE-2239,Grade 6 - London,74528,82869,Manager - Higher Education Strategy and Portfolio Grade 6-London,2.0,Other,London
1121,Department for Education,Department for Education,SFSO Operational Delivery - North,DFE-2084,Senior Executive Officer - National,42806,47047,Senior Executive Officer - SFSO Operational Delivery - North SEO-West Midlands,2.55,Other,West Midlands
1122,Department for Education,Department for Education,Technical Education & Qualification Reforms,DFE-2093,Senior Executive Officer - London,46971,51973,Senior Executive Officer - Technical Education & Qualification Reform​s SEO-London,1.0,Other,London
1123,Department for Education,Department for Education,Schools and Funding Analysis,DFE-2567,Grade 6 - London,74528,82869,Manager - Schools and Funding Analysis Grade 6-London,1.91,Other,London
1124,Department for Education,Department for Education,Skills Strategy and Engagement,DFE-2596,Senior Executive Officer - National,42806,47047,Senior Executive Officer - Skills Strategy and Engagement SEO-Yorkshire and The Humber,1.0,Other,Yorkshire and The Humber
1125,Department for Education,Department for Education,Skills Strategy and Delivery,DFE-2570,HEO - London,40132,42699,Higher Executive Officer - Skills Strategy and Delivery HEO-London,2.0,Other,London
1126,Department for Education,Department for Education,Regions Group: London,DFE-2204,Grade 7 - National,58185,67219,Manager - Regions Group: London Grade 7-North West,1.0,Other,North West
1127,Department for Education,Department for Education,"HR Organisation Design, Development & Engagement",DFE-2407,Grade 6 - London,74528,82869,"Manager - HR Organisation Design, Development & Engagement Grade 6-London",1.0,Other,London
1128,Department for Education,Department for Education,Digital Delivery - Funding Services,DFE-2610,Senior Executive Officer - National,42806,47047,Senior Executive Officer - Digital Delivery - Schools Grade 7-North West,1.0,Other,North West
1129,Department for Education,Department for Education,Skills Strategy and Delivery,DFE-2570,Grade 6 - National,70854,78241,Manager - Skills Strategy and Delivery Grade 6-North West,0.8,Other,North West
1130,Department for Education,Department for Education,SFSO Central Division,DFE-2202,Grade 7 - National,58185,67219,Manager - SFSO Central Division Gade 7-South West,2.0,Other,South West
1131,Department for Education,Department for Education,Strategic Communications and Campaigns,DFE-2163,Grade 6 - National,70854,78241,Manager - Strategic Communications and Campaigns Grade 6-Yorkshire and The Humber,1.0,Other,Yorkshire and The Humber
1132,Department for Education,Department for Education,The Apprenticeships Service (DDAT)​,DFE-2486,HEO - National,36000,38229,Higher Executive Officer - Digital Outcome Portfolio NCS HEO-West Midlands,4.0,Other,West Midlands
1133,Department for Education,Department for Education,Advanced Analytics Division,DFE-2557,Grade 7 - National,58185,67219,Manager - Advanced Analytics Grade 7-South West,1.0,Other,South West
1134,Department for Education,Skills England,Regions,DFE-2197,Grade 6 - National,70854,78241,Manager - Regions Grade 6-North West,1.0,Other,North West
1135,Department for Education,Department for Education,School Strategy and System,DFE-2639,Senior Executive Officer - National,42806,47047,Senior Executive Officer - School Strategy and System SEO-East Midlands,0.8,Other,East Midlands
1136,Department for Education,Department for Education,Education Estates Portfolio Oversight and Directorate Support,DFE-2648,HEO - London,40132,42699,Higher Executive Officer - Education Estates Portfolio Oversight and Directorate Support HEO-London,3.0,Other,London
1137,Department for Education,Department for Education,Skills Policy Analysis​,DFE-2520,Grade 7 - National,58185,67219,Manager - Skills Policy Analysis​ Grade 7-South West,4.0,Other,South West
1138,Department for Education,Department for Education,"Financial Business Partnering: Skills, OIG and Strategy",DFE-2652,Grade 7 - National,58185,67219,"Manager - Financial Business Partnering: Skills, OIG and Strategy Grade 7-Yorkshire and The Humber",2.0,Other,Yorkshire and The Humber
1139,Department for Education,Department for Education,Operations and Infrastructure Group,DFE-2536,Grade 6 - National,70854,78241,Manager - Commercial School Resource Management (Protected) Grade 6-Yorkshire and The Humber,1.0,Other,Yorkshire and The Humber
1140,Department for Education,Department for Education,Regions Group: National,DFE-2279,EO - National,31479,31479,Executive Officer - Regions Group: National EO-North West,12.99,Other,North West
1141,Department for Education,Department for Education,Customer Success & Shared Service Operations,DFE-2334,HEO - National,36000,38229,Higher Executive Officer - Customer Success & Shared Service Operations HEO-North East,5.87,Other,North East
1142,Department for Education,Department for Education,Sector Reporting,DFE-2185,HEO - National,36000,38229,Higher Executive Officer - Sector Reporting HEO-West Midlands,3.0,Other,West Midlands
1143,Department for Education,Department for Education,Counter Fraud  and Prevention,DFE-2290,HEO (Information Officer) - National,40044,42778,Higher Executive Officer - Counter Fraud and Prevention HEO-West Midlands,2.0,Other,West Midlands
1144,Department for Education,Department for Education,"Construction Grants, Assurance and Response",DFE-2344,Grade 6 - National,70854,78241,"Manager - Construction Grants, Assurance and Response Grade 6-Unknown",6.0,Other,Unknown
1145,Department for Education,Department for Education,Life Skills,DFE-2456,HEO - London,40132,42699,Higher Executive Officer - Life Skills HEO-London,2.6,Other,London
1146,Department for Education,Department for Education,Digital Delivery - Regions,DFE-2327,Grade 7 - National,58185,67219,Manager - Digital Delivery - Regions Grade 7-North West,3.8,Other,North West
1147,Department for Education,Department for Education,"Breakfast Clubs, Wraparound Childcare and HAF",DFE-2544,HEO - National,36000,38229,"Higher Executive Officer - Breakfast Clubs, Wraparound Childcare and HAF HEO-Yorkshire and The Humber",5.25,Other,Yorkshire and The Humber
1148,Department for Education,Department for Education,"Educational Engagement, Access and Wellbeing (EEAW)",DFE-2326,SEO (Statistical Officer) - National,48999,53884,Senior Executive Officer - Families Analysis SEO-South West,7.62,Other,South West
1149,Department for Education,Department for Education,Technology Directorate,DFE-2553,HEO - National,36000,38229,Higher Executive Officer - DDT Central Operations HEO-West Midlands,2.91,Other,West Midlands
1150,Department for Education,Department for Education,Revenue Funding and Demographic Analysis,DFE-2645,SEO (Scientific Officer) - National,48999,53884,Senior Executive Officer - Revenue Funding and Demography Analysis SEO-Yorkshire and The Humber,1.41,Other,Yorkshire and The Humber
1151,Department for Education,Department for Education,Higher Education Oversight,DFE-2660,Grade 7 - National,58185,67219,Manager - Lifelong Loan Entitlement Grade 7-West Midlands,2.0,Other,West Midlands
1152,Department for Education,Department for Education,School Strategy and System,DFE-2639,Grade 7 - National,58185,67219,Manager - School Strategy and System Grade 7-West Midlands,3.0,Other,West Midlands
1153,Department for Education,Department for Education,Social Justice and Disadvantage,DFE-2519,Senior Executive Officer - National,42806,47047,Senior Executive Officer - Social Justice and Disadvantage SEO-Yorkshire and The Humber,1.0,Other,Yorkshire and The Humber
1154,Department for Education,Department for Education,"CSC Outcomes, Care Leavers and Capital",DFE-2347,Grade 7 - London,62336,72057,"Manager - CSC Outcomes, Care Leavers and Capital Grade 7-London",3.0,Other,London
1155,Department for Education,Department for Education,"Estates, Security and People",DFE-2025,Grade 7 - London,62336,72057,"Manager - Estates, Security and People Grade 7-London",2.0,Other,London
1156,Department for Education,Department for Education,Strategic Communications and Campaigns,DFE-2163,Senior Executive Officer - National,42806,47047,Senior Executive Officer - Senior Events Manager-North East,0.86,Other,North East
1157,Department for Education,Department for Education,Digital Strategy,DFE-2694,EO - National,31479,31479,Executive Officer - Digital Strategy EO-West Midlands,1.0,Other,West Midlands
1158,Department for Education,Department for Education,"Products, Quality and Market",DFE-2127,Senior Executive Officer - National,42806,47047,"Senior Executive Officer - Products, Quality and Market SEO-North West",3.81,Other,North West
1159,Department for Education,Department for Education,Regions Group: South West,DFE-2403,Grade 7 - National,58185,67219,Manager - Regions Group: South West Grade 7-South West,12.21,Other,South West
1160,Department for Education,Department for Education,Schools Digital,DFE-2504,Senior Executive Officer - London,46971,51973,Senior Executive Officer - Schools Digital SEO-London,7.79,Other,London
1161,Department for Education,Department for Education,Early Years Sufficiency and Entitlements,DFE-2225,Senior Executive Officer - National,42806,47047,Senior Executive Officer - Early Years Sufficiency and Entitlements SEO-Yorkshire and The Humber,6.67,Other,Yorkshire and The Humber
1162,Department for Education,Department for Education,T - Level Policy,DFE-2542,HEO - National,36000,38229,Higher Executive Officer - T - Level Delivery ​ HEO-Yorkshire and The Humber,3.54,Other,Yorkshire and The Humber
1163,Department for Education,Department for Education,CSC Child Protection and Safeguarding,DFE-2337,Grade 7 - London,62336,72057,Manager - CSC Child Protection and Safeguarding Grade 7-London,3.85,Other,London
1164,Department for Education,Department for Education,Technology Operations,DFE-2461,Grade 7 - National,58185,67219,Manager - Data Protection Office Grade 7-West Midlands,1.0,Other,West Midlands
1165,Department for Education,Department for Education,Work Based Skills Operational Delivery,DFE-2619,HEO - National,36000,38229,Higher Executive Officer - Work Based Skills Operational Delivery HEO-North West,3.45,Other,North West
1166,Department for Education,Department for Education,HR Services & Specialist Advice,DFE-2001,HEO - National,36000,38229,Higher Executive Officer - HR Services & Specialist Advice HEO-North East,1.0,Other,North East
1167,Department for Education,Department for Education,"HR Business Partners, Workforce Skills and Strategy",DFE-2681,Grade 7 - National,58185,67219,"Manager - HR Business Partners, Workforce Skills and Strategy Grade 6-South West",1.0,Other,South West
1168,Department for Education,Department for Education,International Strategy & Partnerships,DFE-2432,Grade 7 - National,58185,67219,Manager - International Strategy & Partnerships Grade 7-Yorkshire and The Humber,1.0,Other,Yorkshire and The Humber
1169,Department for Education,Department for Education,Education Estates Portfolio Oversight and Directorate Support,DFE-2648,HEO - National,36000,38229,Higher Executive Officer - Education Estates Portfolio Oversight and Directorate Support HEO-West Midlands,2.0,Other,West Midlands
1170,Department for Education,Department for Education,Teachers' Pension Scheme,DFE-2675,HEO - National,36000,38229,Higher Executive Officer - Teachers' Pension Scheme HEO-North East,4.0,Other,North East
1171,Department for Education,Department for Education,Operations and Infrastructure Group,DFE-2536,Grade 7 - National,58185,67219,Manager - Commercial Specialist - ESFA Grade 7-North East,1.0,Other,North East
1172,Department for Education,Skills England,Reform and Development,DFE-2689,Senior Executive Officer - National,42806,47047,Senior Executive Officer - Development and Innovation SEO-North West,2.0,Other,North West
1173,Department for Education,Department for Education,Sector Reporting,DFE-2185,G7 (Accountant) - National,58437,67219,Manager - Sector Reporting Grade 7-North West,1.8,Other,North West
1174,Department for Education,Department for Education,Financial Operations,DFE-2200,HEO - National,36000,38229,Higher Executive Officer - Financial Operations HEO-Yorkshire and The Humber,3.0,Other,Yorkshire and The Humber
1175,Department for Education,Department for Education,FE Workforce,DFE-2668,HEO - National,36000,38229,Higher Executive Officer - FE Workforce HEO-North East,1.0,Other,North East
1176,Department for Education,Department for Education,Teaching Workforce Teaching Analysis,DFE-2183,SEO (Statistical Officer) - London,52799,58810,Senior Executive Officer - Teaching Workforce Teaching Analysis SEO-London,10.24,Other,London
1177,Department for Education,Department for Education,FE Provider Infrastructure,DFE-2387,Grade 7 - National,58185,67219,Manager - FE Provider Infrastructure Grade 7-West Midlands,0.89,Other,West Midlands
1178,Department for Education,Department for Education,Digital Strategy,DFE-2694,Grade 6 - London,74528,82869,Manager - Digital Strategy Grade 6-London,2.0,Other,London
1179,Department for Education,Department for Education,"Construction Delivery East England, South West and London",DFE-2003,Senior Executive Officer - London,46971,51973,"Senior Executive Officer - Construction Delivery East England, South West and London SEO-Unknown",3.0,Other,Unknown
1180,Department for Education,Department for Education,Skills Strategy and Engagement,DFE-2596,Grade 7 - National,58185,67219,Manager - FE Funding Grade 7-West Midlands,1.0,Other,West Midlands
1181,Department for Education,Department for Education,Local Accountability and Improvement,DFE-2383,Senior Executive Officer - National,42806,47047,Senior Executive Officer - Local Accountability and Improvement SEO-South West,2.0,Other,South West
1182,Department for Education,Department for Education,Delivery Unit,DFE-2501,Grade 7 - National,58185,67219,Manager - Delivery Unit Grade 7-Yorkshire and The Humber,1.0,Other,Yorkshire and The Humber
1183,Department for Education,Department for Education,Higher Education Oversight,DFE-2660,Grade 7 - London,62336,72057,Manager - Lifelong Loan Entitlement Grade 7-London,0.72,Other,London
1184,Department for Education,Department for Education,CSC Strategy and Care System,DFE-2671,Senior Executive Officer - National,42806,47047,Senior Executive Officer - CSC Portfolio and Funding SEO-East Midlands,1.81,Other,East Midlands
1185,Department for Education,Department for Education,Life Skills,DFE-2456,Grade 6 - National,70854,78241,Manager - Life Skills Grade 6-North West,1.0,Other,North West
1186,Department for Education,Department for Education,Counter Extremism and Non-School Education,DFE-2398,Senior Executive Officer - London,46971,51973,Senior Executive Officer - Counter Extremism and Non-School Education SEO-London,6.35,Other,London
1187,Department for Education,Department for Education,CSC Serious Incidents and National Safeguarding Panel,DFE-2299,HEO - National,36000,38229,Higher Executive Officer - CSC Serious Incidents and National Safeguarding Panel HEO-North East,1.81,Other,North East
1188,Department for Education,Standard and Testing Agency,STA Assessment DDaT,DFE-2607,Grade 6 - London,74528,82869,Manager - STA Assessment DDaT Grade 6-London,3.0,Other,London
1189,Department for Education,Department for Education,Teachers' Pension Scheme,DFE-2675,Senior Executive Officer - National,42806,47047,Senior Executive Officer - Teachers' Pension Scheme SEO-Unknown,0.74,Other,Unknown
1190,Department for Education,Department for Education,Work Based Skills Operations and Performance,DFE-2423,HEO - National,36000,38229,Higher Executive Officer - Work Based Skills Operations and Performance HEO-West Midlands,1.0,Other,West Midlands
1191,Department for Education,Department for Education,Higher Education Strategy and Portfolio,DFE-2239,G7 (Accountant) - National,58437,67219,Manager - Higher Education Strategy and Portfolio Grade 7-Yorkshire and The Humber,2.72,Other,Yorkshire and The Humber
1192,Department for Education,Department for Education,"Education Estates Design, Engineering, Cost and Building Technology",DFE-2208,Grade 7 - London,62336,72057,"Manager - Education Estates Design, Engineering, Cost and Building Technology Grade 7-London",5.0,Other,London
1193,Department for Education,Department for Education,International Strategy & Partnerships,DFE-2432,Senior Executive Officer - National,42806,47047,Senior Executive Officer - International Strategy & Partnerships SEO-South West,2.0,Other,South West
1194,Department for Education,Department for Education,Counter Extremism and Non-School Education,DFE-2398,Senior Executive Officer - National,42806,47047,Senior Executive Officer - Counter Extremism and Non-School Education SEO-South West,1.0,Other,South West
1195,Department for Education,Department for Education,"Governance, Assurance and Partnerships",DFE-2611,Senior Executive Officer - National,42806,47047,"Senior Executive Officer - Governance, Assurance and Partnerships SEO-North East",2.0,Other,North East
1196,Department for Education,Department for Education,SFSO Central Division,DFE-2202,Grade 7 - National,58185,67219,Manager - SFSO Central Division Gade 7-East Midlands,1.0,Other,East Midlands
1197,Department for Education,Department for Education,Operations and Infrastructure Group,DFE-2536,Senior Executive Officer - National,42806,47047,Senior Executive Officer - Commercial Specialist - ESFA SEO-Yorkshire and The Humber,2.0,Other,Yorkshire and The Humber
1198,Department for Education,Department for Education,Independent Market Oversight,DFE-2507,HEO - National,36000,38229,Higher Executive Officer - Independent Market Oversight HEO-North West,2.8,Other,North West
1199,Department for Education,Department for Education,Revenue Funding and Demographic Analysis,DFE-2645,SEO (Scientific Officer) - London,52799,58810,Senior Executive Officer - Revenue Funding and Demography Analysis SEO-London,7.0,Other,London
1200,Department for Education,Department for Education,Skills Policy Analysis​,DFE-2520,Grade 7 - National,58185,67219,Manager - Skills Policy Analysis​ Grade 7-North West,1.0,Other,North West
1201,Department for Education,Department for Education,International Placements,DFE-2491,Grade 7 - National,58185,67219,Manager - International Placements Grade 7-North West,2.0,Other,North West
1202,Department for Education,Department for Education,DDT Incubator,DFE-2475,Grade 7 - National,58185,67219,Manager - DDT Incubator Grade 7-Yorkshire and The Humber,4.0,Other,Yorkshire and The Humber
1203,Department for Education,Department for Education,Strategic Communications and Campaigns,DFE-2163,HEO - National,36000,38229,Higher Executive Officer - Strategic Communications and Campaigns HEO-East Midlands,3.0,Other,East Midlands
1204,Department for Education,Department for Education,Higher Education Oversight,DFE-2660,Senior Executive Officer - National,42806,47047,Senior Executive Officer - Lifelong Loan Entitlement SEO-Yorkshire and The Humber,3.0,Other,Yorkshire and The Humber
1205,Department for Education,Department for Education,Ministerial and Public Communications Division,DFE-2249,EA - National,27244,27244,Executive Assistant - Ministerial and Public Communications Division EA-North East,0.81,Other,North East
1206,Department for Education,Department for Education,Technical Education & Qualification Reforms,DFE-2093,Senior Executive Officer - National,42806,47047,Senior Executive Officer - Technical Education & Qualification Reform​s SEO-West Midlands,3.0,Other,West Midlands
1207,Department for Education,Department for Education,Technology Directorate,DFE-2553,HEO - National,36000,38229,Higher Executive Officer - DDT Central Operations HEO-North West,3.0,Other,North West
1208,Department for Education,Department for Education,Higher Education Strategy and Portfolio,DFE-2239,Grade 7 - London,62336,72057,Manager - Higher Education Strategy and Portfolio Grade 7-London,5.0,Other,London
1209,Department for Education,Department for Education,T - Level Delivery ​,DFE-2626,SEO (Accountant) - National,49615,54551,Senior Executive Officer - T - Level Delivery ​ SEO-North West,2.0,Other,North West
1210,Department for Education,Department for Education,Digital Delivery - Schools,DFE-2664,HEO (Higher Statistical Officer) - National,40044,42778,Higher Executive Officer - Digital Delivery - Schools HEO-North West,1.0,Other,North West
1211,Department for Education,Department for Education,"Educational Engagement, Access and Wellbeing (EEAW)",DFE-2326,Grade 7 - National,58185,67219,Manager - Families Analysis Grade 7-North West,4.0,Other,North West
1212,Department for Education,Department for Education,Regions Group: National,DFE-2021,Grade 7 - National,58185,67219,Manager - Regions Group: National Grade 7-South West,2.0,Other,South West
1213,Department for Education,Department for Education,CSC Data and Digital,DFE-2010,Senior Executive Officer - National,42806,47047,Senior Executive Officer - CSC Data and Digital SEO-West Midlands,2.0,Other,West Midlands
1214,Department for Education,Department for Education,Early Years Markets and Strategy,DFE-2644,EO - National,31479,31479,Executive Officer - Early Years Markets and Strategy EO-West Midlands,1.0,Other,West Midlands
1215,Department for Education,Department for Education,SFSO Operational Delivery - North,DFE-2084,Grade 6 - National,70854,78241,Manager - SFSO Operational Delivery - North Grade 6-North East,2.0,Other,North East
1216,Department for Education,Department for Education,CSC Data and Digital,DFE-2010,SEO (Statistical Officer) - National,48999,53884,Senior Executive Officer - CSC Data and Digital SEO-North East,1.5,Other,North East
1217,Department for Education,Department for Education,School Strategy and System,DFE-2639,Senior Executive Officer - National,42806,47047,Senior Executive Officer - School Strategy and System SEO-North West,4.8,Other,North West
1218,Department for Education,Department for Education,Operations and Infrastructure Group,DFE-2536,Senior Executive Officer - National,42806,47047,Senior Executive Officer - Commercial Specialist - Schools SEO-Yorkshire and The Humber,5.91,Other,Yorkshire and The Humber
1219,Department for Education,Department for Education,Skills Strategy and Delivery,DFE-2570,Grade 6 - London,74528,82869,Manager - Skills Strategy and Delivery Grade 6-London,3.6,Other,London
1220,Department for Education,Department for Education,SFSO Central Division,DFE-2202,HEO - National,36000,38229,Higher Executive Officer - SFSO Central Division HEO-Yorkshire and The Humber,6.47,Other,Yorkshire and The Humber
1221,Department for Education,Department for Education,CSC Strategy and System,DFE-2401,Grade 7 - National,58185,67219,Manager - CSC Strategy and System Grade 7-South West,1.0,Other,South West
1222,Department for Education,Department for Education,International Evidence and Trade,DFE-2470,Senior Executive Officer - National,42806,47047,Senior Executive Officer - International Evidence and Trade SEO-North West,1.0,Other,North West
1223,Department for Education,Department for Education,Essential Skills and Multiply,DFE-2104,Senior Executive Officer - National,42806,47047,Senior Executive Officer - Essential Skills and Multiply SEO-Yorkshire and The Humber,1.0,Other,Yorkshire and The Humber
1224,Department for Education,Department for Education,Schools Digital,DFE-2504,Grade 6 - National,70854,78241,Manager - Schools Digital Grade 6-North East,1.81,Other,North East
1225,Department for Education,Department for Education,"CSC Outcomes, Care Leavers and Capital",DFE-2347,Senior Executive Officer - National,42806,47047,"Senior Executive Officer - CSC Outcomes, Care Leavers and Capital SEO-North West",1.0,Other,North West
1226,Department for Education,Department for Education,"Governance, Assurance and Partnerships",DFE-2611,EO - National,31479,31479,"Executive Officer - Governance, Assurance and Partnerships EO-Yorkshire and The Humber",1.0,Other,Yorkshire and The Humber
1227,Department for Education,Department for Education,Developing Teachers and Leaders,DFE-2670,HEO - National,36000,38229,Higher Executive Officer - Developing Teachers and Leaders HEO-North West,3.32,Other,North West
1228,Department for Education,Department for Education,Stakeholder Engagement,DFE-2349,Senior Executive Officer - London,46971,51973,Senior Executive Officer - Stakeholder Engagement SEO-London,4.0,Other,London
1229,Department for Education,Department for Education,Childcare Reform Delivery & Directorate Support,DFE-2576,Grade 7 - London,62336,72057,Manager - Childcare Reform Delivery & Directorate Support Grade 7-London,3.0,Other,London
1230,Department for Education,Department for Education,"Estates, Security and People",DFE-2025,Senior Executive Officer - National,42806,47047,"Senior Executive Officer - Estates, Security and People SEO-North West",2.0,Other,North West
1231,Department for Education,Department for Education,Social Justice and Disadvantage,DFE-2519,Grade 7 - National,58185,67219,Manager - Social Justice and Disadvantage Grade 7-South West,3.55,Other,South West
1232,Department for Education,Department for Education,SFSO Operational Delivery - North,DFE-2084,HEO - National,36000,38229,Higher Executive Officer - SFSO Operational Delivery - North HEO-North West,4.67,Other,North West
1233,Department for Education,Department for Education,CS Policy Profession Unit,DFE-2498,HEO - National,36000,38229,Higher Executive Officer - CS Policy Profession Unit HEO-North West,1.0,Other,North West
1234,Department for Education,Department for Education,CSC Strategy and Care System,DFE-2671,HEO - National,36000,38229,Higher Executive Officer - CSC Portfolio and Funding HEO-North East,1.0,Other,North East
1235,Department for Education,Department for Education,"Breakfast Clubs, Wraparound Childcare and HAF",DFE-2544,HEO - National,36000,38229,"Higher Executive Officer - Breakfast Clubs, Wraparound Childcare and HAF SEO-East Midlands",1.0,Other,East Midlands
1236,Department for Education,Department for Education,Careers,DFE-2653,HEO - National,36000,38229,Higher Executive Officer - Careers HEO-West Midlands,2.0,Other,West Midlands
1237,Department for Education,Department for Education,School Based Nursery Expansion,DFE-2640,Senior Executive Officer - National,42806,47047,Senior Executive Officer - School Based Nursery Expansion SEO-Yorkshire and The Humber,1.0,Other,Yorkshire and The Humber
1238,Department for Education,Department for Education,Major Projects and Risk,DFE-2608,Grade 7 - National,58185,67219,Manager - Major Projects and Risks Grade 7-East Midlands,3.0,Other,East Midlands
1239,Department for Education,Department for Education,Sector Skills,DFE-2620,HEO - National,36000,38229,Higher Executive Officer - Sector Skills HEO-West Midlands,1.0,Other,West Midlands
1240,Department for Education,Department for Education,DfE Covid-19 Inquiry Response,DFE-2369,Grade 6 - London,74528,82869,Manager - DfE Covid-19 Inquiry Response Grade 6-London,3.0,Other,London
1241,Department for Education,Department for Education,Improvement and Insight,DFE-2223,G7 (Accountant) - National,58437,67219,Manager - Improvement and Insight Grade 7-North East,1.0,Other,North East
1242,Department for Education,Department for Education,CSC Strategy and System,DFE-2401,Senior Executive Officer - National,42806,47047,Senior Executive Officer - CSC Strategy and System SEO-North West,4.75,Other,North West
1243,Department for Education,Department for Education,"Products, Quality and Market",DFE-2127,Grade 7 - National,58185,67219,"Manager - Products, Quality and Market Grade 7-North West",4.0,Other,North West
1244,Department for Education,Department for Education,Funding Policy Implementation,DFE-2609,Senior Executive Officer - National,42806,47047,Senior Executive Officer - Funding Policy Implementation SEO-North West,0.81,Other,North West
1245,Department for Education,Department for Education,"English, Maths, Music & Arts",DFE-2418,Grade 6 - London,74528,82869,"Manager - English, Maths, Music & Arts Grade 6-London",3.0,Other,London
1246,Department for Education,Department for Education,Regions Group: South East,DFE-2439,Grade 7 - London,62336,72057,Manager - Regions Group: South East Grade 7-East Midlands,4.0,Other,East Midlands
1247,Department for Education,Department for Education,CSC Data and Digital,DFE-2010,Grade 6 - London,74528,82869,Manager - CSC Data and Digital Grade 6-London,2.0,Other,London
1248,Department for Education,Department for Education,Advanced Analytics Division,DFE-2557,Senior Executive Officer - National,42806,47047,Senior Executive Officer - Advanced Analytics SEO-Unknown,1.0,Other,Unknown
1249,Department for Education,Department for Education,Financial Reporting,DFE-2454,Senior Executive Officer - National,42806,47047,Senior Executive Officer - Financial Reporting SEO-North East,2.0,Other,North East
1250,Department for Education,Department for Education,CSC Serious Incidents and National Safeguarding Panel,DFE-2299,Grade 7 - London,62336,72057,Manager - CSC Serious Incidents and National Safeguarding Panel Grade 7-London,2.0,Other,London
1251,Department for Education,Department for Education,Digital Delivery - Schools,DFE-2664,Senior Executive Officer - National,42806,47047,"Senior Executive Officer - Free Schools, FE and Skills SEO-Yorkshire and The Humber",1.0,Other,Yorkshire and The Humber
1252,Department for Education,Department for Education,Rapid Response Co-ordination,DFE-2382,Grade 7 - National,58185,67219,Manager - Rapid Response Co-ordination Grade 7-Yorkshire and The Humber,2.81,Other,Yorkshire and The Humber
1253,Department for Education,Department for Education,Higher Education Oversight,DFE-2660,Grade 7 - National,58185,67219,Manager - Lifelong Loan Entitlement Grade 7-Yorkshire and The Humber,2.6,Other,Yorkshire and The Humber
1254,Department for Education,Department for Education,Technology Operations,DFE-2461,Grade 7 - National,58185,67219,Manager - Technology Operations Grade 7-North East,1.0,Other,North East
1255,Department for Education,Department for Education,Technical Education & Qualification Reforms,DFE-2093,Grade 6 - National,70854,78241,Manager - Technical Education & Qualification Reforms​ Grade 6-South West,1.0,Other,South West
1256,Department for Education,Department for Education,Operations and Infrastructure Group,DFE-2536,HEO - London,40132,42699,Higher Executive Officer - Schools Commercial Strategy HEO-London,1.0,Other,London
1257,Department for Education,Department for Education,DfE Covid-19 Inquiry Response,DFE-2369,HEO - National,36000,38229,Higher Executive Officer - DfE Covid-19 Inquiry Response HEO-Yorkshire and The Humber,1.5,Other,Yorkshire and The Humber
1258,Department for Education,Department for Education,Regions Group: National,DFE-2021,EO - National,31479,31479,Executive Officer - Regions Group: National EO-West Midlands,7.0,Other,West Midlands
1259,Department for Education,Department for Education,"Capability, Investments, Analysis and Reporting",DFE-2162,G7 (Accountant) - National,58437,67219,Manager - Commercial Finance Lead Grade 7-West Midlands,0.52,Other,West Midlands
1260,Department for Education,Department for Education,Skills Policy Analysis​,DFE-2520,SEO (Statistical Officer) - National,48999,53884,Senior Executive Officer - Skills Policy Analysis​ SEO-Yorkshire and The Humber,1.81,Other,Yorkshire and The Humber
1261,Department for Education,Department for Education,"Access, Participation and Applications",DFE-2231,Senior Executive Officer - London,46971,51973,"Senior Executive Officer - Access, Participation and Applications​ SEO-London",2.0,Other,London
1262,Department for Education,Department for Education,Schools System Accountability,DFE-2224,HEO - National,36000,38229,Higher Executive Officer - Schools System Accountability HEO-South West,1.0,Other,South West
1263,Department for Education,Department for Education,Regions Group: South West,DFE-2365,Grade 7 - London,62336,72057,Manager - Regions Group: South West Grade 7-London,4.0,Other,London
1264,Department for Education,Department for Education,"CSC Social Worker Training, Development and Leadership",DFE-2558,HEO - London,40132,42699,"Higher Executive Officer - CSC Social Worker Training, Development and Leadership HEO-London",1.0,Other,London
1265,Department for Education,Department for Education,Regions Group: East Midlands,DFE-2022,Senior Executive Officer - National,42806,47047,Senior Executive Officer - Regions Group: East Midlands SEO-East Midlands,2.0,Other,East Midlands
1266,Department for Education,Department for Education,School Strategy and System,DFE-2639,Senior Executive Officer - National,42806,47047,Senior Executive Officer - School Strategy and System SEO-Yorkshire and The Humber,2.0,Other,Yorkshire and The Humber
1267,Department for Education,Department for Education,Technology Operations,DFE-2461,HEO - National,36000,38229,Higher Executive Officer - Technology Operations SEO-East Midlands,1.0,Other,East Midlands
1268,Department for Education,Department for Education,Independent Market Oversight,DFE-2507,HEO - National,36000,38229,Higher Executive Officer - Independent Market Oversight HEO-East Midlands,1.0,Other,East Midlands
1269,Department for Education,Department for Education,Strategy and Qualifications,DFE-2341,Senior Executive Officer - London,46971,51973,Senior Executive Officer - Strategy and Qualifications SEO-London,3.51,Other,London
1270,Department for Education,Department for Education,CSC Data and Digital,DFE-2010,Grade 7 - National,58185,67219,Manager - CSC Data and Digital Grade 7-West Midlands,1.8,Other,West Midlands
1271,Department for Education,Department for Education,Skills Strategy and Engagement,DFE-2367,Grade 6 - London,74528,82869,Manager - Skills Group Grade 6-London,1.0,Other,London
1272,Department for Education,Department for Education,CSC Strategy and System,DFE-2401,Senior Executive Officer - National,42806,47047,Senior Executive Officer - CSC Strategy and System SEO-East Midlands,0.6,Other,East Midlands
1273,Department for Education,Department for Education,Families Analysis,DFE-2152,Grade 7 - National,58185,67219,Manager - Families Analysis Grade 7-South West,4.7,Other,South West
1274,Department for Education,Department for Education,Early Years Markets and Strategy,DFE-2644,Senior Executive Officer - London,46971,51973,Senior Executive Officer - Early Years Markets and Strategy SEO-London,4.6,Other,London
1275,Department for Education,Department for Education,"Estates, Security and People",DFE-2025,Grade 6 - National,70854,78241,"Manager - Estates, Security and People Grade 6-North West",1.0,Other,North West
1276,Department for Education,Department for Education,Specialist Sector Reform,DFE-2353,Senior Executive Officer - London,46971,51973,Senior Executive Officer - Specialist Sector Reform SEO-London,1.8,Other,London
1277,Department for Education,Department for Education,Strategy and Qualifications,DFE-2341,Grade 7 - National,58185,67219,Manager - Strategy and Qualifications Grade 7-North West,2.0,Other,North West
1278,Department for Education,Standard and Testing Agency,"Standards, Testing and Regulation Directorate",DFE-2135,HEO - National,36000,38229,Higher Executive Officer - Assessment Operations and Services HEO-North West,2.59,Other,North West
1279,Department for Education,Department for Education,Schools and Funding Analysis,DFE-2567,Grade 7 - National,58185,67219,Manager - Schools and Funding Analysis Grade 7-West Midlands,1.0,Other,West Midlands
1280,Department for Education,Department for Education,Regions Group: Yorkshire and the Humber,DFE-2572,Grade 6 - National,70854,78241,Manager - Regions Group: Yorkshire and the Humber Grade 6-North West,1.0,Other,North West
1281,Department for Education,Department for Education,Get Into Teaching,DFE-2677,Grade 7 - National,58185,67219,Manager - Get Into Teaching Grade 7-North West,3.0,Other,North West
1282,Department for Education,Department for Education,Cyber and Information Security (CISO),DFE-2485,HEO - National,36000,38229,Higher Executive Officer - Cyber and Information Security (CISO) HEO-East Midlands,2.0,Other,East Midlands
1283,Department for Education,Department for Education,Digital Delivery - Regions,DFE-2327,Grade 7 - National,58185,67219,Manager - Digital Delivery - Regions Grade 7-West Midlands,1.0,Other,West Midlands
1284,Department for Education,Department for Education,Regions Group: North West,DFE-2514,EO - National,31479,31479,Executive Officer - Regions Group: North West EO-North West,2.6,Other,North West
1285,Department for Education,Department for Education,Education Estates Data Collection and Analysis,DFE-2627,Grade 7 - National,58185,67219,Manager - Education Estates Data Collection and Analysis Grade 7-Yorkshire and The Humber,4.94,Other,Yorkshire and The Humber
1286,Department for Education,Department for Education,"Products, Quality and Market",DFE-2127,Senior Executive Officer - National,42806,47047,"Senior Executive Officer - Products, Quality and Market SEO-Unknown",1.0,Other,Unknown
1287,Department for Education,Department for Education,Operations and Infrastructure Group,DFE-2536,HEO - National,36000,38229,Higher Executive Officer - Schools Commercial Strategy HEO-North West,2.0,Other,North West
1288,Department for Education,Department for Education,"Early Years Quality, Recovery and Welfare",DFE-2240,HEO - National,36000,38229,"Higher Executive Officer - Early Years Quality, Recovery and Welfare HEO-North West",2.0,Other,North West
1289,Department for Education,Department for Education,Developing Teachers and Leaders,DFE-2670,Grade 7 - National,58185,67219,Manager - Teacher Services Grade 7-North West,1.0,Other,North West
1290,Department for Education,Department for Education,"Access, Participation and Applications",DFE-2231,Grade 7 - National,58185,67219,"Manager - Access, Participation and Applications​ Grade 7-South West",1.0,Other,South West
1291,Department for Education,Department for Education,Customer Success & Shared Service Operations,DFE-2334,Senior Executive Officer - National,42806,47047,Senior Executive Officer - Customer Success & Shared Service Operations SEO-East Midlands,2.74,Other,East Midlands
1292,Department for Education,Department for Education,FE Workforce,DFE-2668,Senior Executive Officer - London,46971,51973,Senior Executive Officer - FE Workforce SEO-London,3.0,Other,London
1293,Department for Education,Department for Education,Early Years Markets and Strategy,DFE-2644,Senior Executive Officer - National,42806,47047,Senior Executive Officer - Early Years Markets and Strategy SEO-West Midlands,2.0,Other,West Midlands
1294,Department for Education,Department for Education,Get Into Teaching,DFE-2677,Senior Executive Officer - National,42806,47047,Senior Executive Officer - Get Into Teaching SEO-North West,5.6,Other,North West
1295,Department for Education,Department for Education,"Capability, Investments, Analysis and Reporting",DFE-2162,HEO - National,36000,38229,"Higher Executive Officer - Capability, Investments, Analysis and Reporting HEO-North West",1.48,Other,North West
1296,Department for Education,Department for Education,Digital Delivery - Vulnerable Families & Children,DFE-2503,Grade 7 - National,58185,67219,Manager - Digital Delivery - Vulnerable Families & Children Grade 7-North West,6.81,Other,North West
1297,Department for Education,Department for Education,Technology Operations,DFE-2461,Senior Executive Officer - National,42806,47047,Senior Executive Officer - Technical Standards SEO-West Midlands,1.0,Other,West Midlands
1298,Department for Education,Department for Education,Counter Fraud  and Prevention,DFE-2290,Senior Executive Officer - National,42806,47047,Senior Executive Officer - Counter Fraud and Prevention SEO-Yorkshire and The Humber,7.46,Other,Yorkshire and The Humber
1299,Department for Education,Department for Education,Education Estates Portfolio Oversight and Directorate Support,DFE-2648,HEO - National,36000,38229,Higher Executive Officer - Education Estates Portfolio Oversight and Directorate Support HEO-North West,1.0,Other,North West
1300,Department for Education,Department for Education,International Placements,DFE-2491,Grade 7 - National,58185,67219,Manager - International Placements Grade 7-South West,0.9,Other,South West
1301,Department for Education,Department for Education,Schools Digital,DFE-2504,EO - National,31479,31479,Executive Officer - Schools Digital EO-North West,9.0,Other,North West
1302,Department for Education,Department for Education,Developing Teachers and Leaders,DFE-2670,Grade 7 - National,58185,67219,Manager - Developing Teachers and Leaders Grade 7-East Midlands,0.9,Other,East Midlands
1303,Department for Education,Department for Education,Student Funding Policy​,DFE-2516,Grade 7 - National,58185,67219,Manager - Student Funding Policy​ Grade 7-North West,1.52,Other,North West
1304,Department for Education,Department for Education,Operations and Infrastructure Group,DFE-2536,HEO - National,36000,38229,Higher Executive Officer - Commercial Specialist - Families HEO-North West,1.0,Other,North West
1305,Department for Education,Department for Education,CSC Serious Incidents and National Safeguarding Panel,DFE-2299,Grade 7 - National,58185,67219,Manager - CSC Serious Incidents and National Safeguarding Panel Grade 7-South West,1.0,Other,South West
1306,Department for Education,Department for Education,Schools Productivity Unit,DFE-2651,Grade 7 - National,58185,67219,Manager - Schools Productivity Unit Grade 7-North West,2.0,Other,North West
1307,Department for Education,Department for Education,"Financial Business Partnering: Skills, OIG and Strategy",DFE-2652,Senior Executive Officer - National,42806,47047,Senior Executive Officer - ESFA Finance SEO-Yorkshire and The Humber,2.0,Other,Yorkshire and The Humber
1308,Department for Education,Department for Education,Counter Fraud  and Prevention,DFE-2290,HEO - National,36000,38229,Higher Executive Officer - Counter Fraud and Prevention HEO-North East,2.63,Other,North East
1309,Department for Education,Department for Education,Higher Education Strategy and Portfolio,DFE-2239,Grade 6 - National,70854,78241,Manager - Higher Education Strategy and Portfolio Grade 6-South West,0.86,Other,South West
1310,Department for Education,Department for Education,Technology Operations,DFE-2461,HEO - National,36000,38229,Higher Executive Officer - Technology Operations SEO-North East,1.0,Other,North East
1311,Department for Education,Department for Education,"Payroll, Reward, Policies and ER",DFE-2527,HEO - National,36000,38229,Higher Executive Officer - HR Services & Specialist Advice HEO-Yorkshire and The Humber,6.37,Other,Yorkshire and The Humber
1312,Department for Education,Department for Education,"English, Maths, Music & Arts",DFE-2418,HEO - National,36000,38229,"Higher Executive Officer - English, Maths, Music & Arts HEO-Yorkshire and The Humber",4.0,Other,Yorkshire and The Humber
1313,Department for Education,Department for Education,CSC Strategy and System,DFE-2401,Grade 7 - National,58185,67219,Manager - CSC Strategy and System Grade 7-East Midlands,2.0,Other,East Midlands
1314,Department for Education,Department for Education,Customer Experience & Design,DFE-2478,Grade 6 - National,70854,78241,Manager - Customer Experience & Design Grade 6-North West,3.97,Other,North West
1315,Department for Education,Department for Education,"Financial Business Partnering: Schools, Families, Regions and Hub",DFE-2151,Senior Executive Officer - London,46971,51973,"Senior Executive Officer - Financial Business Partnering: Schools, Families, Regions and Hub SEO-London",1.0,Other,London
1316,Department for Education,Department for Education,"Admissions, School Organisation, Transport",DFE-2346,Senior Executive Officer - National,42806,47047,"Senior Executive Officer - Admissions, School Organisation, Transport SEO-North East",1.55,Other,North East
1317,Department for Education,Department for Education,"CSC Outcomes, Care Leavers and Capital",DFE-2347,Grade 6 - London,74528,82869,"Manager - CSC Outcomes, Care Leavers and Capital Grade 6-London",1.0,Other,London
1318,Department for Education,Department for Education,Families Analysis,DFE-2152,Grade 6 - London,74528,82869,Manager - Families Analysis Grade 6-London,2.0,Other,London
1319,Department for Education,Department for Education,Regions Group: East of England,DFE-2672,HEO - National,36000,38229,Higher Executive Officer - Regions Group: East of England HEO-North East,1.0,Other,North East
1320,Department for Education,Department for Education,Curriculum & Assessment Review,DFE-2641,Grade 6 - National,70854,78241,Manager - Curriculum & Assessment Review Grade 6-Yorkshire and The Humber,1.7,Other,Yorkshire and The Humber
1321,Department for Education,Department for Education,Teacher Training and Recruitment,DFE-2541,Grade 6 - National,70854,78241,Manager - Teacher Training and Recruitment Grade 6 (Close:06/10/2025)-North East,1.0,Other,North East
1322,Department for Education,Department for Education,Supporting and Rewarding Teachers and Leaders,DFE-2637,Grade 7 - National,58185,67219,Manager - Supporting and Rewarding Teachers and Leaders Grade 7-Yorkshire and The Humber,1.67,Other,Yorkshire and The Humber
1323,Department for Education,Department for Education,"Behaviour, Exclusions and School Food",DFE-2662,Grade 6 - London,74528,82869,"Manager - Behaviour, Exclusions and School Food Grade 6-London",3.0,Other,London
1324,Department for Education,Department for Education,Teaching Workforce Teaching Analysis,DFE-2183,SEO (Statistical Officer) - National,48999,53884,Senior Executive Officer - Teaching Workforce Teaching Analysis SEO-Yorkshire and The Humber,6.2,Other,Yorkshire and The Humber
1325,Department for Education,Department for Education,Enterprise Data for Access and Sharing,DFE-2658,HEO (Higher Statistical Officer) - National,40044,42778,Higher Executive Officer - Enterprise Data for Access and Sharing HEO-North East,5.0,Other,North East
1326,Department for Education,Department for Education,"Estates, Security and People",DFE-2025,Grade 7 - National,58185,67219,"Manager - Estates, Security and People Grade 7-Yorkshire and The Humber",1.83,Other,Yorkshire and The Humber
1327,Department for Education,Department for Education,"CSC Adoption, Family Justice and Alternatives to Care",DFE-2638,EO - National,31479,31479,"Executive Officer - CSC Adoption, Family Justice and Alternatives to Care EO-North East",3.0,Other,North East
1328,Department for Education,Department for Education,Specialist Restructuring,DFE-2173,Grade 6 - National,70854,78241,Manager - Specialist Restructuring Grade 6-North East,1.0,Other,North East
1329,Department for Education,Department for Education,Financial Reporting,DFE-2454,HEO - National,36000,38229,Higher Executive Officer - Financial Reporting HEO-North East,2.0,Other,North East
1330,Department for Education,Department for Education,CSC Serious Incidents and National Safeguarding Panel,DFE-2299,EO - London,35438,35438,Executive Officer - CSC Serious Incidents and National Safeguarding Panel EO-London,0.94,Other,London
1331,Department for Education,Department for Education,Local Accountability and Improvement,DFE-2383,HEO - London,40132,42699,Higher Executive Officer - Local Accountability and Improvement HEO-London,3.0,Other,London
1332,Department for Education,Department for Education,Stakeholder Engagement,DFE-2349,Grade 6 - London,74528,82869,Manager - Stakeholder Engagement Grade 6-London,2.9,Other,London
1333,Department for Education,Department for Education,Life Skills,DFE-2456,Senior Executive Officer - National,42806,47047,Senior Executive Officer - Life Skills SEO-North East,1.0,Other,North East
1334,Department for Education,Department for Education,Higher Education Funding Integrity,DFE-2605,Grade 7 - National,58185,67219,Manager - Student Funding Policy​ Grade 7 (Position Vacate:31/10/2025)-Yorkshire and The Humber,1.0,Other,Yorkshire and The Humber
1335,Department for Education,Department for Education,Strategy and Portfolio,DFE-2277,Grade 6 - London,74528,82869,Manager - Strategy and Portfolio Grade 6 (Position Vacate:20/10/2025)-London,1.0,Other,London
1336,Department for Education,Department for Education,CSC Data and Digital,DFE-2010,Senior Executive Officer - National,42806,47047,Senior Executive Officer - CSC Data and Digital SEO-Yorkshire and The Humber,2.86,Other,Yorkshire and The Humber
1337,Department for Education,Department for Education,Regions Group: National,DFE-2021,EA - London,30551,30551,Executive Assistant - Regions Group: National EA-London,1.0,Other,London
1338,Department for Education,Department for Education,Financial Operations,DFE-2200,HEO - London,40132,42699,Higher Executive Officer - Financial Operations HEO-London,1.0,Other,London
1339,Department for Education,Department for Education,"CSC Adoption, Family Justice and Alternatives to Care",DFE-2638,Grade 6 - London,74528,82869,"Manager - CSC Adoption, Family Justice and Alternatives to Care Grade 6 (Position Vacate:10/10/2025)-London",1.0,Other,London
1340,Department for Education,Department for Education,Families Group Central,DFE-2551,HEO - London,40132,42699,Higher Executive Officer - Families Group Central HEO-London,6.0,Other,London
1341,Department for Education,Department for Education,CSC Strategy and Care System,DFE-2671,EO - London,35438,35438,Executive Officer - CSC Portfolio and Funding EO-London,1.0,Other,London
1342,Department for Education,Department for Education,CSC Strategy and Care System,DFE-2671,Grade 6 - London,74528,82869,Manager - CSC Portfolio and Funding Grade 6-London,1.0,Other,London
1343,Department for Education,Department for Education,"Financial Business Partnering: Skills, OIG and Strategy",DFE-2652,Grade 7 - London,62336,72057,Manager - ESFA Finance Grade 7-London,1.0,Other,London
1344,Department for Education,Department for Education,Independent Education and School Safeguarding,DFE-2004,EA - National,27244,27244,Executive Assistant - Independent Education and School Safeguarding EA-North East,3.92,Other,North East
1345,Department for Education,Department for Education,Education Estates Strategy and Policy Unit,DFE-2072,Grade 6 - National,70854,78241,Manager - Education Estates Strategy and Policy Unit Grade 6-West Midlands,0.81,Other,West Midlands
1346,Department for Education,Department for Education,Life Skills,DFE-2456,Senior Executive Officer - London,46971,51973,Senior Executive Officer - Life Skills SEO-London,5.89,Other,London
1347,Department for Education,Department for Education,Ministerial and Public Communications Division,DFE-2249,Grade 6 - London,74528,82869,Manager - Ministerial and Public Communications Division Grade 6-London,2.0,Other,London
1348,Department for Education,Department for Education,Operational Excellence,DFE-2292,Grade 7 - London,62336,72057,Manager - Operational Excellence Grade 7-London,4.0,Other,London
1349,Department for Education,Department for Education,Central Analysis Unit,DFE-2238,Grade 7 - National,58185,67219,Manager - Central Analysis Unit Grade 7-North East,1.0,Other,North East
1350,Department for Education,Department for Education,Enterprise Data for Insight,DFE-2392,Grade 6 - National,70854,78241,Manager - Enterprise Data for Insight Grade 6-Yorkshire and The Humber,1.0,Other,Yorkshire and The Humber
1351,Department for Education,Department for Education,CS Policy Profession Unit,DFE-2498,Grade 6 - National,70854,78241,Manager - CS Policy Profession Unit Grade 6-Yorkshire and The Humber,2.0,Other,Yorkshire and The Humber
1352,Department for Education,Department for Education,Teaching Workforce Teaching Analysis,DFE-2183,Grade 6 - National,70854,78241,Manager - Teaching Workforce Teaching Analysis Grade 6-Yorkshire and The Humber,3.0,Other,Yorkshire and The Humber
1353,Department for Education,Department for Education,Central Strategic Finance,DFE-2604,Grade 6 - National,70854,78241,Manager - Central Strategic Finance Grade 6-North West,2.0,Other,North West
1354,Department for Education,Department for Education,Sustainability and Strategic Projects,DFE-2311,HEO - London,40132,42699,Higher Executive Officer - Disadvantage and Strategic Policy SEO-London,1.0,Other,London
1355,Department for Education,Department for Education,Operations and Infrastructure Group,DFE-2536,Grade 7 - National,58185,67219,Manager - Schools Commercial Strategy Grade 7-Unknown,1.0,Other,Unknown
1356,Department for Education,Department for Education,CSC Strategy and System,DFE-2401,Senior Executive Officer - National,42806,47047,Senior Executive Officer - CSC Strategy and System SEO-Yorkshire and The Humber,0.81,Other,Yorkshire and The Humber
1357,Department for Education,Department for Education,Central Analysis Unit,DFE-2238,SEO (Senior Research Officer) - London,52799,58810,Senior Executive Officer - Central Research and Evaluation & Chief Social Researcher SEO-London,2.75,Other,London
1358,Department for Education,Department for Education,CSC Strategy and System,DFE-2401,Grade 6 - National,70854,78241,Manager - CSC Strategy and System Grade 6-Yorkshire and The Humber,1.0,Other,Yorkshire and The Humber
1359,Department for Education,Department for Education,SEND Strategy,DFE-2571,Grade 6 - London,74528,82869,Manager - SEND Strategy Grade 6-London,4.0,Other,London
1360,Department for Education,Department for Education,Skills Policy Analysis​,DFE-2520,Grade 7 - National,58185,67219,Manager - Skills Policy Analysis​ Grade 7-North East,0.75,Other,North East
1361,Department for Education,Department for Education,Revenue Funding and Demographic Analysis,DFE-2645,Grade 7 - National,58185,67219,Manager - Revenue Funding and Demography Analysis Grade 7-Yorkshire and The Humber,2.9,Other,Yorkshire and The Humber
1362,Department for Education,Department for Education,Schools Productivity Unit,DFE-2651,Grade 7 - London,62336,72057,Manager - Schools Productivity Unit Grade 7-London,2.0,Other,London
1363,Department for Education,Skills England,Skills England - Deputy CEO,DFE-2682,Grade 7 - London,62336,72057,"Manager - Advanced Manufacturing, Defence and Construction Grade 7-London",6.0,Other,London
1364,Department for Education,Department for Education,SFSO Operational Delivery - South,DFE-2085,HEO - National,36000,38229,Higher Executive Officer - SFSO Operational Delivery - South HEO-North East,0.52,Other,North East
1365,Department for Education,Department for Education,Open Innovation,DFE-2559,Grade 7 - National,58185,67219,Manager - Open Innovation Grade 6-North East,0.89,Other,North East
1366,Department for Education,Department for Education,High Quality Curriculum,DFE-2324,Grade 6 - London,74528,82869,Manager - High Quality Curriculum Grade 6-London,2.0,Other,London
1367,Department for Education,Department for Education,Insight and Statistics,DFE-2400,SEO (Statistical Officer) - London,52799,58810,Senior Executive Officer - Insight and Statistics SEO-London,6.07,Other,London
1368,Department for Education,Department for Education,Inclusive Mainstream,DFE-2647,Senior Executive Officer - National,42806,47047,Senior Executive Officer - Inclusive Mainstream SEO (Position Vacate:20/10/2025)-North West,1.0,Other,North West
1369,Department for Education,Department for Education,Technology Directorate,DFE-2553,HEO - National,36000,38229,Higher Executive Officer - DDT Central Operations HEO-North East,1.83,Other,North East
1370,Department for Education,Department for Education,Developing Teachers and Leaders,DFE-2670,Grade 6 - National,70854,78241,Manager - Developing Teachers and Leaders Grade 6-North West,3.05,Other,North West
1371,Department for Education,Department for Education,Curriculum & Assessment Review,DFE-2641,Grade 7 - National,58185,67219,Manager - Curriculum & Assessment Review Grade 7-North West,1.0,Other,North West
1372,Department for Education,Department for Education,International Placements,DFE-2491,Grade 7 - London,62336,72057,Manager - Strategy Group - DG Office Grade 7-London,1.0,Other,London
1373,Department for Education,Department for Education,Regions Group: West Midlands,DFE-2406,Grade 7 - London,62336,72057,Manager - Regions Group: West Midlands Grade 7-London,1.6,Other,London
1374,Department for Education,Department for Education,Central Analysis Unit,DFE-2238,HEO - National,36000,38229,Higher Executive Officer - Central Analysis Unit SEO-Unknown,1.0,Other,Unknown
1375,Department for Education,Department for Education,Families Analysis,DFE-2152,HEO (Higher Statistical Officer) - London,44424,47250,Higher Executive Officer - Families Analysis HEO-London,6.3,Other,London
1376,Department for Education,Department for Education,Careers,DFE-2653,Grade 6 - National,70854,78241,Manager - Careers Grade 6-Yorkshire and The Humber,0.6,Other,Yorkshire and The Humber
1377,Department for Education,Department for Education,Education Estates Strategy and Policy Unit,DFE-2072,Grade 7 - National,58185,67219,"Manager - Construction Delivery North East, Yorkshire Humber and East Midlands Grade 7-Yorkshire and The Humber",1.0,Other,Yorkshire and The Humber
1378,Department for Education,Department for Education,"Access, Participation and Applications",DFE-2231,Grade 6 - London,74528,82869,"Manager - Access, Participation and Applications Grade 6-London",2.0,Other,London
1379,Department for Education,Department for Education,Sector Skills,DFE-2620,Grade 7 - London,62336,72057,Manager - Sector Skills Grade 7-London,1.0,Other,London
1380,Department for Education,Department for Education,Strategy and Portfolio,DFE-2277,Senior Executive Officer - National,42806,47047,Senior Executive Officer - Strategy and Portfolio SEO-Yorkshire and The Humber,2.8,Other,Yorkshire and The Humber
1381,Department for Education,Department for Education,Life Skills,DFE-2456,HEO - National,36000,38229,Higher Executive Officer - Life Skills HEO-East Midlands,0.72,Other,East Midlands
1382,Department for Education,Department for Education,Sector Reporting,DFE-2185,HEO - National,36000,38229,Higher Executive Officer - Sector Reporting HEO-North East,1.0,Other,North East
1383,Department for Education,Department for Education,Revenue Funding and Demographic Analysis,DFE-2645,EO - National,31479,31479,Executive Officer - Revenue Funding and Demography Analysis EO-North East,1.0,Other,North East
1384,Department for Education,Department for Education,Independent Education and School Safeguarding,DFE-2004,Senior Executive Officer - National,42806,47047,Senior Executive Officer - Independent Education and School Safeguarding SEO-North East,5.0,Other,North East
1385,Department for Education,Department for Education,Education Estates Portfolio Oversight and Directorate Support,DFE-2648,Senior Executive Officer - National,42806,47047,Senior Executive Officer - Education Estates Portfolio Oversight and Directorate Support SEO-North East,3.0,Other,North East
1386,Department for Education,Department for Education,Ministerial and Public Communications Division,DFE-2249,HEO - National,36000,38229,Higher Executive Officer - Ministerial and Public Communications Division HEO-North East,4.0,Other,North East
1387,Department for Education,Department for Education,"HR Organisation Design, Development & Engagement",DFE-2407,EO - National,31479,31479,"Executive Officer - HR Organisation Design, Development & Engagement EO-North East",1.0,Other,North East
1388,Department for Education,Department for Education,"Early Years Quality, Recovery and Welfare",DFE-2240,Senior Executive Officer - National,42806,47047,"Senior Executive Officer - Early Years Quality, Recovery and Welfare SEO-North East",1.81,Other,North East
1389,Department for Education,Department for Education,CSC Data and Digital,DFE-2010,HEO - National,36000,38229,Higher Executive Officer - CSC Data and Digital HEO-North East,2.0,Other,North East
1390,Department for Education,Department for Education,"HR Business Partners, Workforce Skills and Strategy",DFE-2681,EO - National,31479,31479,"Executive Officer - HR Business Partners, Workforce Skills and Strategy EO-Unknown",0.48,Other,Unknown
1391,Department for Education,Department for Education,Enterprise Data for Access and Sharing,DFE-2658,Grade 7 - London,62336,72057,Manager - Enterprise Data for Access and Sharing 7-London,0.83,Other,London
1392,Department for Education,Department for Education,Schools System Accountability,DFE-2224,HEO - National,36000,38229,Higher Executive Officer - Schools System Accountability HEO-North East,2.0,Other,North East
1393,Department for Education,Department for Education,Ministerial and Public Communications Division,DFE-2249,Senior Executive Officer - National,42806,47047,Senior Executive Officer - Ministerial and Public Communications Division SEO-North East,1.77,Other,North East
1394,Department for Education,Department for Education,Funding Policy Unit,DFE-2009,Grade 6 - London,74528,82869,Manager - Funding Policy Unit Grade 6-London,1.8,Other,London
1395,Department for Education,Department for Education,Financial Operations,DFE-2200,EO - London,35438,35438,Executive Officer - Financial Operations EO-Unknown,0.8,Other,Unknown
1396,Department for Education,Department for Education,CSC Looked After Children Placements,DFE-2582,Senior Executive Officer - National,42806,47047,Senior Executive Officer - CSC Looked After Children Placements SEO-West Midlands,2.0,Other,West Midlands
1397,Department for Education,Department for Education,CS Policy Profession Unit,DFE-2498,Senior Executive Officer - London,46971,51973,Senior Executive Officer - CS Policy Profession Unit SEO-London,5.0,Other,London
1398,Department for Education,Department for Education,Enterprise Data for Access and Sharing,DFE-2658,EO - London,35438,35438,Executive Officer - Enterprise Data for Access and Sharing HEO-London,1.0,Other,London
1399,Department for Education,Department for Education,CSC Serious Incidents and National Safeguarding Panel,DFE-2299,Senior Executive Officer - London,46971,51973,Senior Executive Officer - CSC Serious Incidents and National Safeguarding Panel SEO-London,2.0,Other,London
1400,Department for Education,Department for Education,Higher Education Quality and Regulation,DFE-2649,Grade 6 - London,74528,82869,Manager - Higher Technical Education Grade 6-London,0.5,Other,London
1401,Department for Education,Department for Education,Local Accountability and Improvement,DFE-2383,Grade 7 - London,62336,72057,Manager - Local Accountability and Improvement Grade 7-London,7.0,Other,London
1402,Department for Education,Department for Education,Regions Group: South West,DFE-2403,HEO - London,40132,42699,Higher Executive Officer - Regions Group: South West HEO-London,3.0,Other,London
1403,Department for Education,Department for Education,School Strategy and System,DFE-2639,EA - London,30551,30551,"Executive Assistant - Admissions, School Organisation, Transport EA-London",1.0,Other,London
1404,Department for Education,Department for Education,Central Capital Unit,DFE-2228,Grade 7 - London,62336,72057,Manager - Central Capital Unit Grade 7-London,6.9,Other,London
1405,Department for Education,Department for Education,Operations and Infrastructure Group,DFE-2536,Grade 7 - National,58185,67219,Manager - Commercial School Resource Management (Protected) Grade 7-North East,1.0,Other,North East
1406,Department for Education,Department for Education,Education Estates Data Collection and Analysis,DFE-2627,EO - London,35438,35438,Executive Officer - Education Estates Data Collection and Analysis EO-London,4.0,Other,London
1407,Department for Education,Department for Education,Regions Group: London,DFE-2204,EO - London,35438,35438,Executive Officer - Regions Group: London EO-London,2.0,Other,London
1408,Department for Education,Department for Education,"Education Estates Legal, Land and Planning",DFE-2207,EA - London,30551,30551,"Executive Assistant - Education Estates Legal, Land and Planning EA-London",1.0,Other,London
1409,Department for Education,Department for Education,Enterprise Data for Insight,DFE-2392,Senior Executive Officer - London,46971,51973,Senior Executive Officer - Enterprise Data for Insight SEO-London,1.7,Other,London
1410,Department for Education,Department for Education,Technology Operations,DFE-2461,Grade 6 - London,74528,82869,Manager - Technology Operations Grade 6-London,1.0,Other,London
1411,Department for Education,Department for Education,Technology Operations,DFE-2461,HEO - London,40132,42699,Higher Executive Officer - Technology Operations HEO-London,4.0,Other,London
1412,Department for Education,Department for Education,Regions Group: South East,DFE-2439,HEO - London,40132,42699,Higher Executive Officer - Regions Group: South East HEO-London,9.39,Other,London
1413,Department for Education,Department for Education,Insight and Statistics,DFE-2400,EO - London,35438,35438,Executive Officer - Insight and Statistics EO-London,1.0,Other,London
1414,Department for Education,Department for Education,Essential Skills and Multiply,DFE-2104,Grade 6 - London,74528,82869,Manager - Essential Skills and Multiply Grade 6-London,1.9,Other,London
1415,Department for Education,Department for Education,Family Hubs and Early Years Interventions,DFE-2654,HEO - London,40132,42699,Higher Executive Officer - Family Hubs and Early Years Interventions HEO-London,0.57,Other,London
1416,Department for Education,Department for Education,Strategy and Portfolio,DFE-2277,Grade 6 - London,74528,82869,Manager - Strategy and Portfolio Grade 6-London,2.0,Other,London
1417,Department for Education,Department for Education,Regions Group: North West,DFE-2514,Grade 6 - National,70854,78241,Manager - Regions Group: North West Grade 6-North East,1.0,Other,North East
1418,Department for Education,Department for Education,Financial Operations,DFE-2200,EA - London,30551,30551,Executive Assistant - Financial Operations EA-London,1.0,Other,London
1419,Department for Education,Department for Education,Regions Group: London,DFE-2204,Senior Executive Officer - London,46971,51973,Senior Executive Officer - Regions Group: London SEO-East Midlands,1.44,Other,East Midlands
1420,Department for Education,Department for Education,Central Strategic Finance,DFE-2604,Grade 7 - National,58185,67219,Manager - Central Strategic Finance Grade 7-North West,1.0,Other,North West
1421,Department for Education,Department for Education,"Estates, Security and People",DFE-2025,Senior Executive Officer - London,46971,51973,"Senior Executive Officer - Estates, Security and People SEO-London",1.0,Other,London
1422,Department for Education,Department for Education,Teachers' Pension Scheme,DFE-2675,HEO - National,36000,38229,Higher Executive Officer - Teachers' Pension Scheme HEO-Yorkshire and The Humber,2.0,Other,Yorkshire and The Humber
1423,Department for Education,Department for Education,Infrastructure & Platforms,DFE-2281,HEO - London,40132,42699,Higher Executive Officer - Infrastructure & Platforms HEO-London,3.0,Other,London
1424,Department for Education,Department for Education,Financial Operations,DFE-2200,EO - National,31479,31479,Executive Officer - Financial Operations EO-Yorkshire and The Humber,0.55,Other,Yorkshire and The Humber
1425,Department for Education,Department for Education,"HR Organisation Design, Development & Engagement",DFE-2407,EO - London,35438,35438,"Executive Officer - HR Organisation Design, Development & Engagement EO-London",1.0,Other,London
1426,Department for Education,Department for Education,Infrastructure & Platforms,DFE-2281,Grade 6 - London,74528,82869,Manager - Infrastructure & Platforms Grade 6-London,0.6,Other,London
1427,Department for Education,Department for Education,Regions Group: London,DFE-2204,Grade 7 - London,62336,72057,Manager - Regions Group: London Grade 7 (Position Vacate:28/11/2025)-London,1.0,Other,London
1428,Department for Education,Department for Education,Technology Operations,DFE-2461,EO - National,31479,31479,Executive Officer - Technology Operations EO-Yorkshire and The Humber,9.0,Other,Yorkshire and The Humber
1429,Department for Education,Department for Education,Regions Group: East Midlands,DFE-2022,EO - National,31479,31479,Executive Officer - Regions Group: East Midlands EO-Yorkshire and The Humber,0.64,Other,Yorkshire and The Humber
1430,Department for Education,Department for Education,Family Hubs and Early Years Interventions,DFE-2654,Senior Executive Officer - National,42806,47047,Senior Executive Officer - Family Hubs and Early Years Interventions SEO-North East,3.0,Other,North East
1431,Department for Education,Department for Education,Ministerial and Public Communications Division,DFE-2249,EA - National,27244,27244,Executive Assistant - Ministerial and Public Communications Division EA-North West,3.48,Other,North West
1432,Department for Education,Department for Education,Enterprise Data for Access and Sharing,DFE-2658,EO - London,35438,35438,Executive Officer - Enterprise Data for Access and Sharing EO-London,1.0,Other,London
1433,Department for Education,Department for Education,"HR Organisation Design, Development & Engagement",DFE-2407,HEO - London,40132,42699,"Higher Executive Officer - HR Organisation Design, Development & Engagement HEO-London",1.0,Other,London
1434,Department for Education,Department for Education,Customer Success & Shared Service Operations,DFE-2334,EO - London,35438,35438,Executive Officer - Customer Success & Shared Service Operations EO-London,1.0,Other,London
1435,Department for Education,Department for Education,Infrastructure & Platforms,DFE-2281,EO - National,31479,31479,Executive Officer - Infrastructure & Platforms EO-Yorkshire and The Humber,1.0,Other,Yorkshire and The Humber
1436,Department for Education,Department for Education,SEND Strategy,DFE-2571,HEO - National,36000,38229,Higher Executive Officer - SEND Strategy HEO (Position Vacate:31/10/2025)-Yorkshire and The Humber,1.0,Other,Yorkshire and The Humber
1437,Department for Education,Department for Education,Technology Operations,DFE-2461,Grade 7 - National,58185,67219,Manager - Technology Operations Grade 7-Yorkshire and The Humber,2.8,Other,Yorkshire and The Humber
1438,Department for Education,Department for Education,Cyber and Information Security (CISO),DFE-2485,HEO - National,36000,38229,Higher Executive Officer - Cyber and Information Security (CISO) HEO-North West,2.0,Other,North West
1439,Department for Education,Department for Education,HR Services & Specialist Advice,DFE-2001,EA - National,27244,27244,Executive Assistant - HR Services & Specialist Advice EA-Yorkshire and The Humber,1.75,Other,Yorkshire and The Humber
1440,Department for Education,Department for Education,Operations and Infrastructure Group,DFE-2536,Senior Executive Officer - National,42806,47047,Senior Executive Officer - Schools Commercial Strategy SEO-North West,4.0,Other,North West
1441,Department for Education,Department for Education,Strategy and Portfolio,DFE-2277,Senior Executive Officer - London,46971,51973,Senior Executive Officer - Strategy and Portfolio SEO-London,3.0,Other,London
1442,Department for Education,Department for Education,Cyber and Information Security (CISO),DFE-2485,Grade 7 - National,58185,67219,Manager - Cyber and Information Security (CISO) Grade 7-North West,3.0,Other,North West
1443,Department for Education,Department for Education,Technology Operations,DFE-2461,HEO - National,36000,38229,Higher Executive Officer - Technology Operations HEO-North West,3.0,Other,North West
1444,Department for Education,Department for Education,Careers,DFE-2653,EA - London,30551,30551,Executive Assistant - Careers EA-London,1.0,Other,London
1445,Department for Education,Department for Education,"Capability, Investments, Analysis and Reporting",DFE-2162,HEO - National,36000,38229,"Higher Executive Officer - Capability, Investments, Analysis and Reporting HEO-Yorkshire and The Humber",1.0,Other,Yorkshire and The Humber
1446,Department for Education,Department for Education,Specialist Sector Reform,DFE-2353,Grade 7 - National,58185,67219,Manager - Specialist Sector Reform Grade 7-Yorkshire and The Humber,0.6,Other,Yorkshire and The Humber
1447,Department for Education,Department for Education,Developing Teachers and Leaders,DFE-2670,EO - London,35438,35438,Executive Officer - Developing Teachers and Leaders EO-London,2.0,Other,London
1448,Department for Education,Department for Education,"Capability, Investments, Analysis and Reporting",DFE-2162,Grade 6 - National,70854,78241,"Manager - Capability, Investments, Analysis and Reporting Grade 6-North West",2.0,Other,North West
1449,Department for Education,Department for Education,Operations and Infrastructure Group,DFE-2536,HEO - National,36000,38229,Higher Executive Officer - Commercial Specialist - Skills HEO-Yorkshire and The Humber,1.91,Other,Yorkshire and The Humber
1450,Department for Education,Department for Education,Construction Delivery South East and London,DFE-2673,Grade 6 - London,74528,82869,Manager - Construction Delivery South East and London Grade 6-London,1.0,Other,London
1451,Department for Education,Department for Education,Life Skills,DFE-2456,EO - London,35438,35438,Executive Officer - Life Skills EO-London,2.0,Other,London
1452,Department for Education,Department for Education,DfE Covid-19 Inquiry Response,DFE-2369,Grade 7 - London,62336,72057,Manager - DfE Covid-19 Inquiry Response Grade 7-London,2.0,Other,London
1453,Department for Education,Department for Education,Further Education Workforce,DFE-2218,Grade 7 - National,58185,67219,Manager - FE Workforce Grade 7-Yorkshire and The Humber,2.89,Other,Yorkshire and The Humber
1454,Department for Education,Department for Education,News and Social Media,DFE-2145,Grade 7 - National,58185,67219,Manager - News and Social Media Grade 7-Yorkshire and The Humber,2.0,Other,Yorkshire and The Humber
1455,Department for Education,Department for Education,CSC Child Protection and Safeguarding,DFE-2337,Senior Executive Officer - London,46971,51973,Senior Executive Officer - CSC Child Protection and Safeguarding SEO-London,1.24,Other,London
1456,Department for Education,Department for Education,Schools and Funding Analysis,DFE-2567,Grade 7 - National,58185,67219,Manager - Schools and Funding Analysis Grade 7-North East,1.0,Other,North East
1457,Department for Education,Department for Education,Strategy and Portfolio,DFE-2277,Grade 7 - National,58185,67219,Manager - Strategy and Portfolio Grade 7-North East,1.0,Other,North East
1458,Department for Education,Department for Education,Supporting and Rewarding Teachers and Leaders,DFE-2637,Grade 7 - National,58185,67219,Manager - Supporting and Rewarding Teachers and Leaders Grade 7-North East,1.0,Other,North East
1459,Department for Education,Department for Education,Strategy and Qualifications,DFE-2341,Grade 7 - London,62336,72057,Manager - Strategy and Qualifications Grade 7-London,5.0,Other,London
1460,Department for Education,Department for Education,Families Group Central,DFE-2551,Grade 6 - London,74528,82869,Manager - Families Group Central Grade 6-London,1.0,Other,London
1461,Department for Education,Department for Education,Insight and Statistics,DFE-2400,SEO (Statistical Officer) - National,48999,53884,Senior Executive Officer - Insight and Statistics SEO-Yorkshire and The Humber,9.53,Other,Yorkshire and The Humber
1462,Department for Education,Standard and Testing Agency,Assessment Research and Development,DFE-2535,Grade 7 - London,62336,72057,Manager - Assessment Research and Development Grade 7-London,4.0,Other,London
1463,Department for Education,Department for Education,Cyber and Information Security (CISO),DFE-2485,Grade 6 - National,70854,78241,Manager - Cyber and Information Security (CISO) Grade 6-North East,1.0,Other,North East
1464,Department for Education,Department for Education,Skills Strategy and Delivery,DFE-2570,Senior Executive Officer - National,42806,47047,Senior Executive Officer - Skills Strategy and Delivery SEO-North East,2.0,Other,North East
1465,Department for Education,Department for Education,Insight and Statistics,DFE-2400,Grade 6 - National,70854,78241,Manager - Insight and Statistics Grade 6-North East,2.0,Other,North East
1466,Department for Education,Department for Education,Assurance,DFE-2192,Grade 7 - London,62336,72057,Manager - Assurance Grade 7-London,1.0,Other,London
1467,Department for Education,Department for Education,"Estates, Security and People",DFE-2025,G7 (Accountant) - National,58437,67219,"Manager - Estates, Security and People Grade 7-North West",1.7,Other,North West
1468,Department for Education,Department for Education,Financial Reporting,DFE-2454,Grade 6 - National,70854,78241,Manager - Financial Reporting Grade 6-North East,1.0,Other,North East
1469,Department for Education,Department for Education,London & South East Place Based Team,DFE-2489,Senior Executive Officer - National,42806,47047,Senior Executive Officer - London & South East Place Based Team SEO-Unknown,0.6,Other,Unknown
1470,Department for Education,Department for Education,Operational Excellence,DFE-2292,EO - London,35438,35438,Executive Officer - Operational Excellence EO-London,2.0,Other,London
1471,Department for Education,Department for Education,Family Hubs and Early Years Interventions,DFE-2393,Grade 6 - London,74528,82869,Manager - Family Hubs and Early Years Interventions Grade 6-London,2.86,Other,London
1472,Department for Education,Standard and Testing Agency,"Standards, Testing and Regulation Directorate",DFE-2135,HEO - National,36000,38229,Higher Executive Officer - Assessment Operations and Services HEO-West Midlands,4.0,Other,West Midlands
1473,Department for Education,Skills England,Delivery and Reform,DFE-2693,HEO - National,36000,38229,Higher Executive Officer - Development and Innovation HEO-West Midlands,1.66,Other,West Midlands
1474,Department for Education,Department for Education,Inclusive Mainstream,DFE-2647,Senior Executive Officer - National,42806,47047,Senior Executive Officer - Inclusive Mainstream SEO-West Midlands,2.0,Other,West Midlands
1475,Department for Education,Department for Education,Regions Group: National,DFE-2279,EA - National,27244,27244,Executive Assistant - Regions Group: National EA-North West,1.0,Other,North West
1476,Department for Education,Department for Education,Ministerial and Public Communications Division,DFE-2249,Grade 7 - National,58185,67219,Manager - Ministerial and Public Communications Division Grade 7-Yorkshire and The Humber,1.0,Other,Yorkshire and The Humber
1477,Department for Education,Department for Education,Schools Digital,DFE-2504,Grade 7 - National,58185,67219,Manager - Schools Digital Grade 7-West Midlands,6.72,Other,West Midlands
1478,Department for Education,Department for Education,Infrastructure & Platforms,DFE-2281,Senior Executive Officer - National,42806,47047,Senior Executive Officer - Infrastructure & Platforms SEO-North West,5.0,Other,North West
1479,Department for Education,Department for Education,Operational Excellence,DFE-2292,Grade 7 - National,58185,67219,Manager - Operational Excellence Grade 7-East Midlands,1.0,Other,East Midlands
1480,Department for Education,Department for Education,"Financial Business Partnering: Skills, OIG and Strategy",DFE-2652,Grade 6 - National,70854,78241,"Manager - Financial Business Partnering: Skills, OIG and Strategy Grade 6-Yorkshire and The Humber",1.0,Other,Yorkshire and The Humber
1481,Department for Education,Department for Education,Sector Reporting,DFE-2185,Grade 6 - National,70854,78241,Manager - Sector Reporting Grade 6-Yorkshire and The Humber,1.0,Other,Yorkshire and The Humber
1482,Department for Education,Department for Education,Specialist Restructuring,DFE-2173,G7 (Accountant) - National,58437,67219,Manager - Specialist Restructuring Grade 7-North East,3.0,Other,North East
1483,Department for Education,Department for Education,Education Estates Data Collection and Analysis,DFE-2627,Grade 6 - National,70854,78241,Manager - Education Estates Data Collection and Analysis Grade 6-Yorkshire and The Humber,1.0,Other,Yorkshire and The Humber
1484,Department for Education,Department for Education,Developing Teachers and Leaders,DFE-2670,Senior Executive Officer - National,42806,47047,Senior Executive Officer - Developing Teachers and Leaders SEO-North West,4.0,Other,North West
1485,Department for Education,Department for Education,"Construction Programme Management, Planning and Assurance",DFE-2623,Grade 6 - National,70854,78241,"Manager - Construction Programme Management, Planning and Assurance Grade 6-Yorkshire and The Humber",1.0,Other,Yorkshire and The Humber
1486,Department for Education,Department for Education,"Construction Grants, Assurance and Response",DFE-2344,Grade 6 - National,70854,78241,Manager - Education Estates Strategy and Policy Unit Grade 6-Yorkshire and The Humber,0.4,Other,Yorkshire and The Humber
1487,Department for Education,Department for Education,Family Hubs and Early Years Interventions,DFE-2654,Grade 7 - National,58185,67219,Manager - Family Hubs and Early Years Interventions Grade 7-North East,1.0,Other,North East
1488,Department for Education,Department for Education,"Financial Business Partnering: Skills, OIG and Strategy",DFE-2652,HEO - London,40132,42699,Higher Executive Officer - Strategy and Operations Financial Management SEO-London,1.0,Other,London
1489,Department for Education,Department for Education,The Apprenticeships Service (DDAT)​,DFE-2486,Grade 7 - National,58185,67219,Manager - Digital Outcome Portfolio NCS Grade 7-North West,1.0,Other,North West
1490,Department for Education,Department for Education,"Construction Grants, Assurance and Response",DFE-2344,Grade 7 - National,58185,67219,"Manager - Construction Grants, Assurance and Response Grade 7-North West",2.0,Other,North West
1491,Department for Education,Department for Education,Education Estates Portfolio Oversight and Directorate Support,DFE-2648,EO - London,35438,35438,Executive Officer - Education Estates Portfolio Oversight and Directorate Support EO-London,2.0,Other,London
1492,Department for Education,Department for Education,Ministerial and Public Communications Division,DFE-2249,SEO (Information Officer) - National,48999,53884,Senior Executive Officer - Ministerial and Public Communications Division SEO-North West,1.78,Other,North West
1493,Department for Education,Department for Education,"Education Estates Design, Engineering, Cost and Building Technology",DFE-2208,Grade 6 - London,74528,82869,"Manager - Education Estates Design, Engineering, Cost and Building Technology Grade 6-London",2.0,Other,London
1494,Department for Education,Department for Education,"Education Estates Legal, Land and Planning",DFE-2207,Grade 6 - London,74528,82869,"Manager - Education Estates Legal, Land and Planning Grade 6-London",1.6,Other,London
1495,Department for Education,Department for Education,"Admissions, School Organisation, Transport",DFE-2346,Grade 7 - National,58185,67219,"Manager - Admissions, School Organisation, Transport Grade 7-North East",3.8,Other,North East
1496,Department for Education,Department for Education,Construction Delivery South East and London,DFE-2222,Senior Executive Officer - National,42806,47047,Senior Executive Officer - School Rebuilding SEO-North East,1.0,Other,North East
1497,Department for Education,Department for Education,CSC Strategy and Care System,DFE-2671,Senior Executive Officer - National,42806,47047,Senior Executive Officer - CSC Portfolio and Funding SEO-North West,1.0,Other,North West
1498,Department for Education,Standard and Testing Agency,"Standards, Testing and Regulation Directorate",DFE-2135,Grade 7 - National,58185,67219,Manager - Assessment Operations and Services Grade 7-North East,0.86,Other,North East
1499,Department for Education,Department for Education,"Early Years Quality, Recovery and Welfare",DFE-2240,Senior Executive Officer - National,42806,47047,"Senior Executive Officer - Early Years Quality, Recovery and Welfare SEO-North West",2.8,Other,North West
1500,Department for Education,Department for Education,Infrastructure & Platforms,DFE-2281,Grade 7 - National,58185,67219,Manager - Infrastructure & Platforms Grade 7-North West,3.68,Other,North West
1501,Department for Education,Department for Education,Financial Reporting,DFE-2454,Senior Executive Officer - National,42806,47047,Senior Executive Officer - Financial Reporting SEO-North West,4.0,Other,North West
1502,Department for Education,Department for Education,Education Estates Strategy and Policy Unit,DFE-2072,EO - National,31479,31479,Executive Officer - Education Estates Strategy and Policy Unit EO-North East,0.72,Other,North East
1503,Department for Education,Department for Education,Early Years Sufficiency and Entitlements,DFE-2225,Grade 7 - National,58185,67219,Manager - Early Years Sufficiency and Entitlements Grade 7-North West,2.0,Other,North West
1504,Department for Education,Department for Education,Early Years Sufficiency and Entitlements,DFE-2225,HEO - National,36000,38229,Higher Executive Officer - Early Years Sufficiency and Entitlements HEO-North East,1.0,Other,North East
1505,Department for Education,Department for Education,"Payroll, Reward, Policies and ER",DFE-2527,Senior Executive Officer - National,42806,47047,"Senior Executive Officer - Payroll, Reward, Policies and ER SEO-North East",1.0,Other,North East
1506,Department for Education,Department for Education,Capital Delivery,DFE-2568,Grade 6 - National,70854,78241,Manager - Construction and External Technical Services Grade 6-North West,1.0,Other,North West
1507,Department for Education,Department for Education,Regions Group: East of England,DFE-2672,Senior Executive Officer - National,42806,47047,Senior Executive Officer - Regions Group: East of England SEO-East Of England,7.59,Other,East Of England
1508,Department for Education,Department for Education,Schools Digital,DFE-2504,Senior Executive Officer - National,42806,47047,Senior Executive Officer - Schools Digital SEO-North West,10.6,Other,North West
1509,Department for Education,Department for Education,"Construction Grants, Assurance and Response",DFE-2344,Senior Executive Officer - National,42806,47047,"Senior Executive Officer - Construction Grants, Assurance and Response SEO-North West",1.0,Other,North West
1510,Department for Education,Department for Education,Student Funding Policy​,DFE-2516,Senior Executive Officer - National,42806,47047,Senior Executive Officer - Students Loans Company Sponsorship and LLE Engagement SEO-Yorkshire and The Humber,1.0,Other,Yorkshire and The Humber
1511,Department for Education,Department for Education,SFSO Operational Delivery - North,DFE-2084,Senior Executive Officer - National,42806,47047,Senior Executive Officer - SFSO Operational Delivery - North SEO-North West,3.0,Other,North West
1512,Department for Education,Department for Education,Strategic Communications and Campaigns,DFE-2163,SEO (Information Officer) - National,48999,53884,Senior Executive Officer - Strategic Communications and Campaigns SEO-East Midlands,2.0,Other,East Midlands
1513,Department for Education,Department for Education,Private Office,DFE-2698,Grade 7 - London,62336,72057,Manager - Private Office Grade 7-London,11.0,Other,London
1514,Department for Education,Department for Education,"Capability, Investments, Analysis and Reporting",DFE-2162,EO - National,31479,31479,"Executive Officer - Capability, Investments, Analysis and Reporting EO-North West",0.81,Other,North West
1515,Department for Education,Department for Education,Customer Success & Shared Service Operations,DFE-2334,Grade 7 - National,58185,67219,Manager - Customer Success & Shared Service Operations Grade 7-West Midlands,3.0,Other,West Midlands
1516,Department for Education,Department for Education,"Construction Programme Management, Planning and Assurance",DFE-2623,Grade 6 - National,70854,78241,"Manager - Construction Programme Management, Planning and Assurance Grade 6-Unknown",2.76,Other,Unknown
1517,Department for Education,Department for Education,Regions Group: National,DFE-2021,EO - National,31479,31479,Executive Officer - Regions Group: National EO-Yorkshire and The Humber,15.65,Other,Yorkshire and The Humber
1518,Department for Education,Department for Education,DfE Covid-19 Inquiry Response,DFE-2369,Grade 7 - National,58185,67219,Manager - DfE Covid-19 Inquiry Response Grade 7-Yorkshire and The Humber,1.89,Other,Yorkshire and The Humber
1519,Department for Education,Department for Education,"Education Estates Legal, Land and Planning",DFE-2207,Grade 7 - London,62336,72057,"Manager - Education Estates Legal, Land and Planning Grade 7-Unknown",7.98,Other,Unknown
1520,Department for Education,Department for Education,Sustainability and Strategic Projects,DFE-2311,Grade 7 - London,62336,72057,Manager - Sustainability and Strategic Projects Grade 7-London,3.6,Other,London
1521,Department for Education,Department for Education,Commercial Operations,DFE-2355,Grade 6 - National,70854,78241,Manager - Commercial Operations Grade 6-Unknown,1.0,Other,Unknown
1522,Department for Education,Department for Education,Ministerial and Public Communications Division,DFE-2249,HEO - London,40132,42699,Higher Executive Officer - Ministerial and Public Communications Division HEO-London,4.53,Other,London
1523,Department for Education,Department for Education,Sustainability and Strategic Projects,DFE-2311,HEO - London,40132,42699,Higher Executive Officer - Disadvantage and Strategic Policy HEO-London,5.35,Other,London
1524,Department for Education,Department for Education,Insight and Statistics,DFE-2400,SEO (Scientific Officer) - National,48999,53884,Senior Executive Officer - Insight and Statistics SEO (Position Vacate:13/10/2025)-Yorkshire and The Humber,1.0,Other,Yorkshire and The Humber
1525,Department for Education,Department for Education,Local Accountability and Improvement,DFE-2383,Grade 7 - National,58185,67219,Manager - Local Accountability and Improvement Grade 7-North West,2.0,Other,North West
1526,Department for Education,Department for Education,Further Education Funding,DFE-2100,Grade 7 - National,58185,67219,Manager - FE Funding Grade 7-North East,0.9,Other,North East
1527,Department for Education,Department for Education,"Behaviour, Exclusions and School Food",DFE-2662,Grade 7 - National,58185,67219,"Manager - Behaviour, Exclusions and School Food Grade 7-West Midlands",2.0,Other,West Midlands
1528,Department for Education,Department for Education,Regions Group: Yorkshire & Humber and National CSC and BSiL,DFE-2613,Grade 6 - London,74528,82869,Manager - Regions Group: Yorkshire & Humber and National CSC and BSiL Grade 6-London,1.0,Other,London
1529,Department for Education,Department for Education,Regions Group: East of England,DFE-2672,Senior Executive Officer - National,42806,47047,Senior Executive Officer - Regions Group: East of England SEO-Yorkshire and The Humber,0.9,Other,Yorkshire and The Humber
1530,Department for Education,Department for Education,Early Years Markets and Strategy,DFE-2644,Senior Executive Officer - National,42806,47047,Senior Executive Officer - Early Years Markets and Strategy SEO-Yorkshire and The Humber,4.0,Other,Yorkshire and The Humber
1531,Department for Education,Department for Education,"Payroll, Reward, Policies and ER",DFE-2527,Senior Executive Officer - National,42806,47047,Senior Executive Officer - HR Services & Specialist Advice SEO-East Midlands,0.64,Other,East Midlands
1532,Department for Education,Department for Education,Curriculum & Assessment Review,DFE-2641,Senior Executive Officer - London,46971,51973,Senior Executive Officer - Curriculum & Assessment Review SEO-London,2.8,Other,London
1533,Department for Education,Department for Education,Skills Journey,DFE-2306,Grade 7 - London,62336,72057,Manager - Skills Journey Directorate Business Support Grade 7-London,0.91,Other,London
1534,Department for Education,Department for Education,Strategic Communications and Campaigns,DFE-2163,SEO (Information Officer) - National,48999,53884,Senior Executive Officer - Strategic Communications and Campaigns SEO-North West,5.0,Other,North West
1535,Department for Education,Department for Education,Student Funding Policy​,DFE-2516,Senior Executive Officer - National,42806,47047,Senior Executive Officer - Students Loans Company Sponsorship and LLE Engagement SEO-West Midlands,1.0,Other,West Midlands
1536,Department for Education,Teaching Regulation Agency,Teaching Regulation Agency,DFE-2215,EO - National,31479,31479,Executive Officer - Teaching Regulation Agency EO-West Midlands,26.3,Other,West Midlands
1537,Department for Education,Department for Education,Digital Delivery - Vulnerable Families & Children,DFE-2503,Grade 7 - London,62336,72057,Manager - Digital Delivery - Vulnerable Families & Children Grade 7-London,3.9,Other,London
1538,Department for Education,Department for Education,Early Years Sufficiency and Entitlements,DFE-2225,Senior Executive Officer - National,42806,47047,Senior Executive Officer - Early Years Sufficiency and Entitlements SEO-North East,4.0,Other,North East
1539,Department for Education,Department for Education,Commercial Operations,DFE-2355,Grade 7 - National,58185,67219,Manager - Commercial Operations Grade 7-North West,1.0,Other,North West
1540,Department for Education,Department for Education,Supporting and Rewarding Teachers and Leaders,DFE-2637,Grade 7 - National,58185,67219,Manager - Supporting and Rewarding Teachers and Leaders Grade 7-North West,3.61,Other,North West
1541,Department for Education,Department for Education,Commercial Delivery,DFE-2684,Grade 7 - National,58185,67219,Manager - Commercial Delivery Grade 7-West Midlands,3.6,Other,West Midlands
1542,Department for Education,Department for Education,Regions Group: National,DFE-2021,Grade 7 - National,58185,67219,Manager - Regions Group: National Grade 7-East Of England,1.0,Other,East Of England
1543,Department for Education,Department for Education,Higher Education Quality and Regulation,DFE-2649,Grade 7 - National,58185,67219,Manager - Higher Education Quality and Regulation Grade 7-South West,1.0,Other,South West
1544,Department for Education,Department for Education,SEND Strategy,DFE-2571,Senior Executive Officer - London,46971,51973,Senior Executive Officer - SEND Strategy SEO-London,4.0,Other,London
1545,Department for Education,Teaching Regulation Agency,Teaching Regulation Agency,DFE-2215,EA - National,27244,27244,Executive Assistant - Teaching Regulation Agency EA-West Midlands,5.75,Other,West Midlands
1546,Department for Education,Department for Education,Early Years Markets and Strategy,DFE-2644,HEO - National,36000,38229,Higher Executive Officer - Early Years Markets and Strategy HEO-West Midlands,1.0,Other,West Midlands
1547,Department for Education,Department for Education,Capital Delivery,DFE-2568,Grade 7 - London,62336,72057,Manager - Construction and External Technical Services Grade 7-London,1.0,Other,London
1548,Department for Education,Department for Education,SFSO Central Division,DFE-2202,Grade 7 - National,58185,67219,Manager - SFSO Central Division Gade 7-Yorkshire and The Humber,3.0,Other,Yorkshire and The Humber
1549,Department for Education,Department for Education,International Evidence and Trade,DFE-2470,Grade 7 - National,58185,67219,Manager - International Evidence and Trade Grade 7-South West,1.0,Other,South West
1550,Department for Education,Department for Education,Teacher Training and Recruitment,DFE-2541,Grade 7 - London,62336,72057,Manager - Teacher Training and Recruitment Grade 7-London,4.0,Other,London
1551,Department for Education,Department for Education,Technology Operations,DFE-2461,HEO - National,36000,38229,Higher Executive Officer - Data Protection Office HEO-North East,0.72,Other,North East
1552,Department for Education,Department for Education,"Early Years Quality, Recovery and Welfare",DFE-2240,Grade 7 - National,58185,67219,"Manager - Early Years Quality, Recovery and Welfare Grade 7-North East",2.0,Other,North East
1553,Department for Education,Department for Education,Digital Delivery - Vulnerable Families & Children,DFE-2503,Grade 6 - National,70854,78241,Manager - Digital Delivery - Vulnerable Families & Children Grade 6-North West,4.0,Other,North West
1554,Department for Education,Department for Education,Construction Delivery South East and London,DFE-2673,Senior Executive Officer - London,46971,51973,Senior Executive Officer - School Rebuilding SEO-Unknown,6.0,Other,Unknown
1555,Department for Education,Department for Education,Digital Delivery - Funding Services,DFE-2610,EO - London,35438,35438,Executive Officer - Digital Delivery - Schools EO-London,1.0,Other,London
1556,Department for Education,Department for Education,Work Based Skills Operational Delivery,DFE-2619,Senior Executive Officer - National,42806,47047,Senior Executive Officer - Skills Bootcamps & Free Courses for Jobs SEO-North East,1.0,Other,North East
1557,Department for Education,Department for Education,Teacher Training and Recruitment,DFE-2541,EO - National,31479,31479,Executive Officer - Teacher Training and Recruitment EO-North West,1.0,Other,North West
1558,Department for Education,Department for Education,"English, Maths, Music & Arts",DFE-2418,HEO - National,36000,38229,"Higher Executive Officer - English, Maths, Music & Arts HEO-North West",4.64,Other,North West
1559,Department for Education,Department for Education,Education Estates Portfolio Oversight and Directorate Support,DFE-2648,EO - National,31479,31479,Executive Officer - Education Estates Portfolio Oversight and Directorate Support EO-North West,3.0,Other,North West
1560,Department for Education,Department for Education,School Strategy and System,DFE-2639,Grade 7 - National,58185,67219,Manager - School Strategy and System Grade 7-North West,4.81,Other,North West
1561,Department for Education,Department for Education,"Construction Programme Management, Planning and Assurance",DFE-2623,HEO - National,36000,38229,"Higher Executive Officer - Construction Programme Management, Planning and Assurance HEO-East Midlands",1.0,Other,East Midlands
1562,Department for Education,Department for Education,SFSO Operational Delivery - North,DFE-2084,HEO - National,36000,38229,Higher Executive Officer - SFSO Operational Delivery - North HEO-Yorkshire and The Humber,4.45,Other,Yorkshire and The Humber
1563,Department for Education,Department for Education,Legislation Division,DFE-2624,Grade 7 - London,62336,72057,Manager - Legislation Division Grade 7-London,7.0,Other,London
1564,Department for Education,Department for Education,SFSO Central Division,DFE-2202,HEO - National,36000,38229,Higher Executive Officer - SFSO Central Division HEO-North East,1.0,Other,North East
1565,Department for Education,Department for Education,Technology Operations,DFE-2461,Grade 6 - National,70854,78241,Manager - Technology Operations Grade 6-North East,1.0,Other,North East
1566,Department for Education,Department for Education,Sector Reporting,DFE-2185,G7 (Accountant) - National,58437,67219,Manager - Sector Reporting Grade 7-North East,3.0,Other,North East
1567,Department for Education,Department for Education,Enterprise Data for Insight,DFE-2392,SEO (Statistical Officer) - National,48999,53884,Senior Executive Officer - Enterprise Data for Insight SEO-Yorkshire and The Humber,0.8,Other,Yorkshire and The Humber
1568,Department for Education,Department for Education,Future Student Finance and Funding​,DFE-2665,Grade 7 - National,58185,67219,Manager - Future Student Finance and Funding​ Grade 7-East Midlands,2.0,Other,East Midlands
1569,Department for Education,Department for Education,CSC Strategy and System,DFE-2401,Senior Executive Officer - National,42806,47047,Senior Executive Officer - CSC Strategy and System SEO-South West,1.78,Other,South West
1570,Department for Education,Standard and Testing Agency,STA Assessment DDaT,DFE-2607,SEO (Senior Prof & Technical Officer) - London,52799,58810,Senior Executive Officer - STA Assessment DDaT SEO-London,2.8,Other,London
1571,Department for Education,Department for Education,SEND Strategy,DFE-2571,Grade 7 - London,62336,72057,Manager - SEND Strategy Grade 7-London,7.0,Other,London
1572,Department for Education,Department for Education,International Evidence and Trade,DFE-2470,Grade 7 - National,58185,67219,Manager - International Evidence and Trade Grade 7-Unknown,0.8,Other,Unknown
1573,Department for Education,Department for Education,Improvement and Insight,DFE-2223,Senior Executive Officer - National,42806,47047,Senior Executive Officer - Improvement and Insight SEO-Yorkshire and The Humber,1.0,Other,Yorkshire and The Humber
1574,Department for Education,Department for Education,Schools Regulation and Quality,DFE-2212,Grade 7 - National,58185,67219,Manager - Schools Regulation and Quality Grade 7-West Midlands,1.0,Other,West Midlands
1575,Department for Education,Department for Education,International Strategy & Partnerships,DFE-2432,Grade 7 - London,62336,72057,Manager - International Strategy & Partnerships Grade 7-London,3.0,Other,London
1576,Department for Education,Department for Education,"HR Organisation Design, Development & Engagement",DFE-2407,Grade 7 - National,58185,67219,"Manager - HR Organisation Design, Development & Engagement Grade 7-East of England",1.0,Other,East of England
1577,Department for Education,Department for Education,Funding Policy Implementation,DFE-2609,Grade 6 - National,70854,78241,Manager - Funding Policy Implementation Grade 6-North East,1.0,Other,North East
1578,Department for Education,Department for Education,Supporting and Rewarding Teachers and Leaders,DFE-2637,Senior Executive Officer - London,46971,51973,Senior Executive Officer - Supporting and Rewarding Teachers and Leaders SEO-London,1.64,Other,London
1579,Department for Education,Department for Education,SFSO Operational Delivery - South,DFE-2085,Senior Executive Officer - National,42806,47047,Senior Executive Officer - SFSO Operational Delivery - South SEO-West Midlands,1.56,Other,West Midlands
1580,Department for Education,Department for Education,Get Into Teaching,DFE-2677,Grade 6 - National,70854,78241,Manager - Get Into Teaching Grade 6-North West,1.0,Other,North West
1581,Department for Education,Department for Education,"Admissions, School Organisation, Transport",DFE-2346,Senior Executive Officer - London,46971,51973,"Senior Executive Officer - Admissions, School Organisation, Transport SEO (Close:06/10/2025)-London",1.0,Other,London
1582,Department for Education,Department for Education,Infrastructure & Platforms,DFE-2281,Senior Executive Officer - National,42806,47047,Senior Executive Officer - Infrastructure & Platforms SEO-Yorkshire and The Humber,5.0,Other,Yorkshire and The Humber
1583,Department for Education,Department for Education,Regions Group: Yorkshire and the Humber,DFE-2375,Grade 6 - National,70854,78241,Manager - Regions Group: Yorkshire and the Humber Grade 6-North East,2.0,Other,North East
1584,Department for Education,Department for Education,SFSO Operational Delivery - North,DFE-2084,HEO - National,36000,38229,Higher Executive Officer - SFSO Operational Delivery - North HEO-East Midlands,6.0,Other,East Midlands
1585,Department for Education,Department for Education,Developing Teachers and Leaders,DFE-2670,Senior Executive Officer - National,42806,47047,Senior Executive Officer - Developing Teachers and Leaders Grade 7-North West,1.0,Other,North West
1586,Department for Education,Department for Education,"English, Maths, Music & Arts",DFE-2418,HEO - National,36000,38229,"Higher Executive Officer - English, Maths, Music & Arts HEO-East Midlands",1.0,Other,East Midlands
1587,Department for Education,Standard and Testing Agency,Assessment Research and Development,DFE-2535,SEO (Senior Prof & Technical Officer) - London,52799,58810,Senior Executive Officer - Assessment Research and Development SEO-East Midlands,1.0,Other,East Midlands
1588,Department for Education,Department for Education,Teaching Workforce Teaching Analysis,DFE-2183,SEO (Senior Research Officer) - National,48999,53884,Senior Executive Officer - Teaching Workforce Teaching Analysis SEO-North East,1.0,Other,North East
1589,Department for Education,Department for Education,Teacher Training and Recruitment,DFE-2541,HEO - National,36000,38229,Higher Executive Officer - Teacher Training and Recruitment HEO-North West,2.56,Other,North West
1590,Department for Education,Department for Education,CSC Regional Cooperatives and Fostering,DFE-2443,Senior Executive Officer - London,46971,51973,Senior Executive Officer - CSC Regional Cooperatives and Fostering SEO-East Midlands,3.0,Other,East Midlands
1591,Department for Education,Department for Education,Get Into Teaching,DFE-2677,HEO (Information Officer) - National,40044,42778,Higher Executive Officer - Get Into Teaching HEO-East Midlands,3.0,Other,East Midlands
1592,Department for Education,Department for Education,"Construction Grants, Assurance and Response",DFE-2344,Grade 7 - National,58185,67219,Manager - Education Estates Strategy and Policy Unit Grade 7-North West,1.0,Other,North West
1593,Department for Education,Department for Education,International Evidence and Trade,DFE-2470,Grade 7 - National,58185,67219,Manager - International Evidence and Trade Grade 7-East Midlands,1.0,Other,East Midlands
1594,Department for Education,Department for Education,Family Hubs and Early Years Interventions,DFE-2393,Grade 7 - National,58185,67219,Manager - Family Hubs and Early Years Interventions Grade 7-North West,3.0,Other,North West
1595,Department for Education,Department for Education,Specialist Sector Reform,DFE-2353,Grade 7 - National,58185,67219,Manager - Specialist Sector Reform Grade 7-West Midlands,1.0,Other,West Midlands
1596,Department for Education,Department for Education,Rapid Response Co-ordination,DFE-2382,Senior Executive Officer - National,42806,47047,Senior Executive Officer - Emergency Planning SEO-South West,1.0,Other,South West
1597,Department for Education,Department for Education,"Behaviour, Exclusions and School Food",DFE-2662,HEO - London,40132,42699,"Higher Executive Officer - Behaviour, Exclusions and School Food HEO-London",3.0,Other,London
1598,Department for Education,Department for Education,Legislation Division,DFE-2624,Grade 6 - London,74528,82869,Manager - Legislation Division Grade 6-London,2.0,Other,London
1599,Department for Education,Department for Education,Higher Education Quality and Regulation,DFE-2649,Senior Executive Officer - National,42806,47047,Senior Executive Officer - Higher Technical Education SEO-Yorkshire and The Humber,1.7,Other,Yorkshire and The Humber
1600,Department for Education,Standard and Testing Agency,Assessment Research and Development,DFE-2535,HEO - London,40132,42699,Higher Executive Officer - Assessment Research and Development HEO-London,1.0,Other,London
1601,Department for Education,Department for Education,Early Years Sufficiency and Entitlements,DFE-2225,Grade 6 - National,70854,78241,Manager - Early Years Sufficiency and Entitlements Grade 6-West Midlands,0.8,Other,West Midlands
1602,Department for Education,Department for Education,"CSC Social Worker Training, Development and Leadership",DFE-2558,Grade 7 - National,58185,67219,"Manager - CSC Social Worker Training, Development and Leadership Grade 7-North West",1.0,Other,North West
1603,Department for Education,Department for Education,"Capability, Investments, Analysis and Reporting",DFE-2162,Senior Executive Officer - London,46971,51973,"Senior Executive Officer - Capability, Investments, Analysis and Reporting SEO-London",1.0,Other,London
1604,Department for Education,Department for Education,"CSC Social Worker Training, Development and Leadership",DFE-2558,Senior Executive Officer - National,42806,47047,"Senior Executive Officer - CSC Social Worker Training, Development and Leadership SEO (Position Vacate:22/10/2025)-Yorkshire and The Humber",0.69,Other,Yorkshire and The Humber
1605,Department for Education,Department for Education,Strategic Finance,DFE-2159,Grade 7 - National,58185,67219,Manager - Strategic Finance Director's Office Grade 7-West Midlands,1.0,Other,West Midlands
1606,Department for Education,Department for Education,"CSC Social Worker Training, Development and Leadership",DFE-2558,Senior Executive Officer - National,42806,47047,"Senior Executive Officer - CSC Social Worker Training, Development and Leadership SEO-North West",4.8,Other,North West
1607,Department for Education,Department for Education,"Construction Grants, Assurance and Response",DFE-2344,Grade 7 - London,62336,72057,"Manager - Construction Grants, Assurance and Response Grade 7-London",1.0,Other,London
1608,Department for Education,Department for Education,Teacher Training and Recruitment,DFE-2541,HEO - National,36000,38229,Higher Executive Officer - Teacher Training and Recruitment HEO-West Midlands,1.0,Other,West Midlands
1609,Department for Education,Department for Education,Education Estates Data Collection and Analysis,DFE-2627,Grade 7 - National,58185,67219,Manager - Education Estates Data Collection and Analysis Grade 7-Unknown,2.0,Other,Unknown
1610,Department for Education,Department for Education,FE Workforce,DFE-2668,Grade 7 - National,58185,67219,Manager - FE Workforce Grade 7-East Of England,0.6,Other,East Of England
1611,Department for Education,Department for Education,Customer Success & Shared Service Operations,DFE-2334,EO - National,31479,31479,Executive Officer - Customer Success & Shared Service Operations EO-North West,1.91,Other,North West
1612,Department for Education,Department for Education,Rapid Response Co-ordination,DFE-2382,Grade 7 - National,58185,67219,Manager - Rapid Response Co-ordination Grade 7-North West,3.0,Other,North West
1613,Department for Education,Department for Education,Family Hubs and Early Years Interventions,DFE-2654,Senior Executive Officer - National,42806,47047,Senior Executive Officer - Family Hubs and Early Years Interventions SEO-North West,6.0,Other,North West
1614,Department for Education,Department for Education,Family Hubs and Early Years Interventions,DFE-2654,Grade 7 - London,62336,72057,Manager - Family Hubs and Early Years Interventions Grade 7-East Midlands,1.0,Other,East Midlands
1615,Department for Education,Department for Education,T - Level Policy,DFE-2542,Grade 7 - London,62336,72057,Manager - T - Level Policy​ Grade 7-London,1.0,Other,London
1616,Department for Education,Department for Education,Construction Delivery South East and London,DFE-2673,EO - London,35438,35438,Executive Officer - Construction Delivery South East and London EO-Unknown,2.0,Other,Unknown
1617,Department for Education,Department for Education,Customer Success & Shared Service Operations,DFE-2334,EO - National,31479,31479,Executive Officer - Customer Success & Shared Service Operations EO-Yorkshire and The Humber,4.0,Other,Yorkshire and The Humber
1618,Department for Education,Department for Education,Attendance,DFE-2533,Senior Executive Officer - National,42806,47047,Senior Executive Officer - Attendance SEO-North West,2.6,Other,North West
1619,Department for Education,Department for Education,Curriculum & Assessment Review,DFE-2641,HEO - National,36000,38229,Higher Executive Officer - Curriculum & Assessment Review HEO-East Midlands,1.0,Other,East Midlands
1620,Department for Education,Department for Education,SFSO Central Division,DFE-2202,Senior Executive Officer - National,42806,47047,Senior Executive Officer - SFSO Central Division SEO-North West,5.0,Other,North West
1621,Department for Education,Department for Education,Early Years Sufficiency and Entitlements,DFE-2225,HEO - National,36000,38229,Higher Executive Officer - Early Years Sufficiency and Entitlements HEO-West Midlands,1.0,Other,West Midlands
1622,Department for Education,Department for Education,Construction Delivery North West and West Midlands,DFE-2646,Grade 7 - National,58185,67219,Manager - Construction Delivery North West and West Midlands Grade 7-Unknown,20.8,Other,Unknown
1623,Department for Education,Department for Education,Family Support,DFE-2305,Grade 7 - National,58185,67219,Manager - Family Support Grade 7-West Midlands,1.8,Other,West Midlands
1624,Department for Education,Department for Education,Early Years Markets and Strategy,DFE-2644,Grade 6 - London,74528,82869,Manager - Early Years Markets and Strategy Grade 6-East Midlands,1.0,Other,East Midlands
1625,Department for Education,Department for Education,Family Support,DFE-2305,HEO - London,40132,42699,Higher Executive Officer - Family Support HEO-London,2.0,Other,London
1626,Department for Education,Department for Education,Regions Group: Yorkshire and the Humber,DFE-2572,Grade 6 - National,70854,78241,Manager - Regions Group: Yorkshire and the Humber Grade 6-Yorkshire and The Humber,1.0,Other,Yorkshire and The Humber
1627,Department for Education,Department for Education,"Education Estates Design, Engineering, Cost and Building Technology",DFE-2208,Grade 6 - National,70854,78241,"Manager - Education Estates Design, Engineering, Cost and Building Technology Grade 6 (Position Vacate:07/10/2025)-Unknown",0.81,Other,Unknown
1628,Department for Education,Department for Education,"CSC Social Worker Training, Development and Leadership",DFE-2558,Senior Executive Officer - London,46971,51973,"Senior Executive Officer - CSC Social Worker Training, Development and Leadership SEO-London",6.0,Other,London
1629,Department for Education,Department for Education,Attendance,DFE-2533,Grade 7 - National,58185,67219,Manager - Attendance Grade 7-North West,1.0,Other,North West
1630,Department for Education,Department for Education,Attendance,DFE-2533,Senior Executive Officer - National,42806,47047,Senior Executive Officer - Attendance SEO-East Midlands,1.66,Other,East Midlands
1631,Department for Education,Department for Education,Improvement and Insight,DFE-2223,EO - London,35438,35438,Executive Officer - Improvement and Insight EO-London,1.0,Other,London
1632,Department for Education,Department for Education,Revenue Funding and Demographic Analysis,DFE-2645,HEO (Higher Statistical Officer) - National,40044,42778,Higher Executive Officer - Revenue Funding and Demography Analysis HEO-Yorkshire and The Humber,2.02,Other,Yorkshire and The Humber
1633,Department for Education,Department for Education,"English, Maths, Music & Arts",DFE-2418,Senior Executive Officer - National,42806,47047,"Senior Executive Officer - English, Maths, Music & Arts SEO-East Midlands",0.81,Other,East Midlands
1634,Department for Education,Department for Education,International Strategy & Partnerships,DFE-2432,Grade 6 - London,74528,82869,Manager - International Strategy & Partnerships Grade 6-London,1.0,Other,London
1635,Department for Education,Department for Education,Work Based Skills Operations and Performance,DFE-2423,Senior Executive Officer - London,46971,51973,Senior Executive Officer - Work Based Skills Operations and Performance SEO-East Midlands,1.0,Other,East Midlands
1636,Department for Education,Department for Education,"Breakfast Clubs, Wraparound Childcare and HAF",DFE-2544,Senior Executive Officer - National,42806,47047,"Senior Executive Officer - Breakfast Clubs, Wraparound Childcare and HAF SEO-North West",4.61,Other,North West
1637,Department for Education,Department for Education,Skills Strategy and Delivery,DFE-2570,Grade 7 - National,58185,67219,Manager - Skills Strategy and Delivery Grade 7-South West,3.0,Other,South West
1638,Department for Education,Department for Education,Improvement and Insight,DFE-2223,Grade 7 - National,58185,67219,Manager - Improvement and Insight Grade 7-West Midlands,1.0,Other,West Midlands
1639,Department for Education,Department for Education,"CSC Outcomes, Care Leavers and Capital",DFE-2347,EO - London,35438,35438,"Executive Officer - CSC Outcomes, Care Leavers and Capital EO-London",1.0,Other,London
1640,Department for Education,Department for Education,Families Group Central,DFE-2551,Senior Executive Officer - London,46971,51973,Senior Executive Officer - Families Group Central SEO-London,3.0,Other,London
1641,Department for Education,Department for Education,Early Years Sufficiency and Entitlements,DFE-2225,HEO - National,36000,38229,Higher Executive Officer - Early Years Sufficiency and Entitlements HEO-Yorkshire and The Humber,3.0,Other,Yorkshire and The Humber
1642,Department for Education,Department for Education,Cyber and Information Security (CISO),DFE-2485,Grade 6 - National,70854,78241,Manager - Cyber and Information Security (CISO) Grade 6-North West,1.0,Other,North West
1643,Department for Education,Department for Education,Improvement and Insight,DFE-2223,Grade 6 - National,70854,78241,Manager - Improvement and Insight Grade 6-North West,1.0,Other,North West
1644,Department for Education,Department for Education,School Based Nursery Expansion,DFE-2640,Grade 7 - London,62336,72057,Manager - School Based Nursery Expansion Grade 7-London,3.0,Other,London
1645,Department for Education,Department for Education,Enterprise Data for Access and Sharing,DFE-2658,Grade 7 - National,58185,67219,Manager - Enterprise Data for Access and Sharing 7-North West,2.0,Other,North West
1646,Department for Education,Department for Education,Developing Teachers and Leaders,DFE-2670,HEO - National,36000,38229,Higher Executive Officer - Developing Teachers and Leaders HEO-Yorkshire and The Humber,1.81,Other,Yorkshire and The Humber
1647,Department for Education,Department for Education,Cyber and Information Security (CISO),DFE-2485,Senior Executive Officer - National,42806,47047,Senior Executive Officer - Cyber and Information Security (CISO) SEO-Yorkshire and The Humber,1.0,Other,Yorkshire and The Humber
1648,Department for Education,Department for Education,Commercial Operations,DFE-2355,HEO (Higher Statistical Officer) - National,40044,42778,Higher Executive Officer - Commercial School Resource Management (Protected) HEO-Yorkshire and The Humber,3.0,Other,Yorkshire and The Humber
1649,Department for Education,Department for Education,Schools Productivity Unit,DFE-2651,Senior Executive Officer - National,42806,47047,Senior Executive Officer - Schools Productivity Unit SEO-South West,1.0,Other,South West
1650,Department for Education,Department for Education,Improvement and Insight,DFE-2223,Senior Executive Officer - National,42806,47047,Senior Executive Officer - Improvement and Insight SEO-North East,1.0,Other,North East
1651,Department for Education,Department for Education,Regions Group: South West,DFE-2661,HEO - National,36000,38229,Higher Executive Officer - Regions Group: South West HEO-South West,16.89,Other,South West
1652,Department for Education,Department for Education,Central Strategic Finance,DFE-2604,EO - National,31479,31479,Executive Officer - Central Strategic Finance EO-Yorkshire and The Humber,1.0,Other,Yorkshire and The Humber
1653,Department for Education,Department for Education,SFSO Operational Delivery - South,DFE-2085,Grade 7 - National,58185,67219,Manager - SFSO Operational Delivery - South Grade 7-South West,0.61,Other,South West
1654,Department for Education,Department for Education,SFSO Central Division,DFE-2202,EO - National,31479,31479,Executive Officer - SFSO Central Division EO-Yorkshire and The Humber,1.0,Other,Yorkshire and The Humber
1655,Department for Education,Department for Education,Financial Operations,DFE-2200,EA - National,27244,27244,Executive Assistant - Financial Operations EA-West Midlands,0.81,Other,West Midlands
1656,Department for Education,Standard and Testing Agency,"Standards, Testing and Regulation Directorate",DFE-2135,EO - London,35438,35438,Executive Officer - Assessment Operations and Services EO-London,1.0,Other,London
1657,Department for Education,Department for Education,Further Education Funding,DFE-2100,Grade 7 - National,58185,67219,Manager - FE System and Oversight Grade 7-Yorkshire and The Humber,0.9,Other,Yorkshire and The Humber
1658,Department for Education,Department for Education,Social Justice and Disadvantage,DFE-2519,Grade 7 - National,58185,67219,Manager - Social Justice and Disadvantage Grade 7-Yorkshire and The Humber,1.97,Other,Yorkshire and The Humber
1659,Department for Education,Department for Education,"HR Organisation Design, Development & Engagement",DFE-2407,Senior Executive Officer - National,42806,47047,"Senior Executive Officer - HR Organisation Design, Development & Engagement SEO-North East",1.0,Other,North East
1660,Department for Education,Department for Education,Digital and Analytical Services,DFE-2692,Grade 7 - National,58185,67219,Manager - Digital and Analytical Services Grade 7-Yorkshire and The Humber,1.0,Other,Yorkshire and The Humber
1661,Department for Education,Department for Education,School Strategy and System,DFE-2639,HEO - London,40132,42699,Higher Executive Officer - School Strategy and System HEO-London,2.0,Other,London
1662,Department for Education,Department for Education,Attendance,DFE-2533,Grade 6 - National,70854,78241,Manager - Attendance Grade 6-South West,0.9,Other,South West
1663,Department for Education,Department for Education,Sector Reporting,DFE-2185,HEO (Accountant) - London,48716,52001,Higher Executive Officer - Sector Reporting HEO-London,1.0,Other,London
1664,Department for Education,Department for Education,CSC Looked After Children Placements,DFE-2582,Grade 7 - National,58185,67219,Manager - CSC Looked After Children Placements Grade 7-Yorkshire and The Humber,2.0,Other,Yorkshire and The Humber
1665,Department for Education,Department for Education,Higher Education Strategy and Portfolio,DFE-2239,Senior Executive Officer - National,42806,47047,Senior Executive Officer - Higher Education Strategy and Portfolio SEO-Yorkshire and The Humber,1.0,Other,Yorkshire and The Humber
1666,Department for Education,Department for Education,Skills Strategy and Engagement,DFE-2596,Grade 7 - National,58185,67219,Manager - Skills Strategy and Engagement Grade 7-Unknown,0.97,Other,Unknown
1667,Department for Education,Department for Education,"English, Maths, Music & Arts",DFE-2418,HEO - London,40132,42699,"Higher Executive Officer - English, Maths, Music & Arts HEO-London",3.0,Other,London
1668,Department for Education,Department for Education,Insight and Statistics,DFE-2400,Grade 7 - National,58185,67219,Manager - Insight and Statistics Grade 7-North East,3.0,Other,North East
1669,Department for Education,Department for Education,CSC Strategy and Care System,DFE-2671,HEO - National,36000,38229,Higher Executive Officer - CSC Portfolio and Funding HEO-North West,1.0,Other,North West
1670,Department for Education,Department for Education,Higher Education Funding Integrity,DFE-2605,Senior Executive Officer - National,42806,47047,Senior Executive Officer - Higher Education Funding Integrity SEO-Yorkshire and The Humber,1.91,Other,Yorkshire and The Humber
1671,Department for Education,Department for Education,Education Estates Portfolio Oversight and Directorate Support,DFE-2648,Senior Executive Officer - National,42806,47047,Senior Executive Officer - Education Estates Portfolio Oversight and Directorate Support SEO-Yorkshire and The Humber,1.89,Other,Yorkshire and The Humber
1672,Department for Education,Department for Education,Further Education Oversight,DFE-2019,Senior Executive Officer - National,42806,47047,Senior Executive Officer - Further Education Provider Oversight SEO-Yorkshire and The Humber,1.0,Other,Yorkshire and The Humber
1673,Department for Education,Department for Education,CSC Looked After Children Placements,DFE-2582,Grade 7 - London,62336,72057,Manager - CSC Looked After Children Placements Grade 7-London,2.78,Other,London
1674,Department for Education,Department for Education,"Growth and Skills Levy, Strategy and Engagement",DFE-2642,Senior Executive Officer - National,42806,47047,"Senior Executive Officer - Growth and Skills Levy, Strategy and Engagement SEO-West Midlands",2.0,Other,West Midlands
1675,Department for Education,Department for Education,CSC Child Protection and Safeguarding,DFE-2337,Grade 7 - National,58185,67219,Manager - CSC Child Protection and Safeguarding Grade 7-West Midlands,1.0,Other,West Midlands
1676,Department for Education,Department for Education,Central Analysis Unit,DFE-2238,Grade 7 - National,58185,67219,Manager - DAEP Team Lead - Grade 7-Yorkshire and The Humber,0.89,Other,Yorkshire and The Humber
1677,Department for Education,Department for Education,"Products, Quality and Market",DFE-2127,Senior Executive Officer - National,42806,47047,"Senior Executive Officer - Products, Quality and Market SEO-South West",1.0,Other,South West
1678,Department for Education,Department for Education,The Apprenticeships Service (DDAT)​,DFE-2486,Senior Executive Officer - National,42806,47047,Senior Executive Officer - Digital Outcome Portfolio NCS SEO-Yorkshire and The Humber,3.0,Other,Yorkshire and The Humber
1679,Department for Education,Department for Education,Regions Group: East of England,DFE-2672,EO - London,35438,35438,Executive Officer - Regions Group: East of England EO-London,4.0,Other,London
1680,Department for Education,Department for Education,Independent Market Oversight,DFE-2507,HEO - National,36000,38229,Higher Executive Officer - Independent Market Oversight HEO-Unknown,2.0,Other,Unknown
1681,Department for Education,Department for Education,Student Funding Policy​,DFE-2516,Grade 7 - National,58185,67219,Manager - Student Funding Policy​ Grade 7-Yorkshire and The Humber,1.52,Other,Yorkshire and The Humber
1682,Department for Education,Department for Education,Work Based Skills Operations and Performance,DFE-2423,EO - National,31479,31479,Executive Officer - Work Based Skills Operations and Performance EO-West Midlands,2.64,Other,West Midlands
1683,Department for Education,Department for Education,Work Based Skills Operations and Performance,DFE-2423,Grade 6 - London,74528,82869,Manager - Work Based Skills Operations and Performance Grade 6-London,1.0,Other,London
1684,Department for Education,Department for Education,Capital Delivery,DFE-2568,Senior Executive Officer - National,42806,47047,Senior Executive Officer - Construction and External Technical Services SEO-North West,2.0,Other,North West
1685,Department for Education,Department for Education,Financial Reporting,DFE-2454,Grade 7 - National,58185,67219,Manager - Financial Reporting Grade 7-West Midlands,3.0,Other,West Midlands
1686,Department for Education,Department for Education,Insight and Statistics,DFE-2400,SEO (Statistical Officer) - National,48999,53884,Senior Executive Officer - Insight and Statistics SEO-North West,1.0,Other,North West
1687,Department for Education,Department for Education,Specialist Restructuring,DFE-2173,Senior Executive Officer - National,42806,47047,Senior Executive Officer - Specialist Restructuring SEO-South West,1.99,Other,South West
1688,Department for Education,Department for Education,Enterprise Data for Access and Sharing,DFE-2658,EO - National,31479,31479,Executive Officer - Enterprise Data for Access and Sharing EO-West Midlands,1.0,Other,West Midlands
1689,Department for Education,Department for Education,Childcare Reform Delivery & Directorate Support,DFE-2576,SEO (Scientific Officer) - London,52799,58810,Senior Executive Officer - Families Analysis SEO-East Midlands,3.15,Other,East Midlands
1690,Department for Education,Department for Education,Families Analysis,DFE-2152,Grade 7 - National,58185,67219,Manager - Families Analysis Grade 7-East Midlands,1.0,Other,East Midlands
1691,Department for Education,Department for Education,Insight and Statistics,DFE-2400,HEO - National,36000,38229,Higher Executive Officer - Insight and Statistics SEO-West Midlands,1.0,Other,West Midlands
1692,Department for Education,Department for Education,CSC Strategy and Care System,DFE-2671,Grade 7 - National,58185,67219,Manager - CSC Portfolio and Funding Grade 7-Yorkshire and The Humber,1.0,Other,Yorkshire and The Humber
1693,Department for Education,Department for Education,Education Estates Data Collection and Analysis,DFE-2627,SEO (Scientific Officer) - London,52799,58810,Senior Executive Officer - Education Estates Data Collection and Analysis SEO-London,3.0,Other,London
1694,Department for Education,Department for Education,Rapid Response Co-ordination,DFE-2382,Senior Executive Officer - London,46971,51973,Senior Executive Officer - Rapid Response Co-ordination SEO-London,2.0,Other,London
1695,Department for Education,Department for Education,Sector Skills,DFE-2620,Grade 7 - National,58185,67219,Manager - Sector Skills Grade 7-South West,1.0,Other,South West
1696,Department for Education,Department for Education,Local Accountability and Improvement,DFE-2383,Grade 6 - London,74528,82869,Manager - Local Accountability and Improvement Grade 6-London,1.0,Other,London
1697,Department for Education,Department for Education,Operations and Infrastructure Group,DFE-2536,HEO - National,36000,38229,Higher Executive Officer - Commercial School Resource Management (Protected) HEO-North West,1.0,Other,North West
1698,Department for Education,Department for Education,School Strategy and System,DFE-2639,Grade 6 - London,74528,82869,Manager - School Strategy and System Grade 6-London,3.0,Other,London
1699,Department for Education,Department for Education,Education Estates Private Finance,DFE-2211,Grade 7 - National,58185,67219,Manager - Education Estates Private Finance Grade 7-Unknown,4.81,Other,Unknown
1700,Department for Education,Department for Education,Open Innovation,DFE-2559,Senior Executive Officer - London,46971,51973,Senior Executive Officer - Open Innovation SEO-London,3.12,Other,London
1701,Department for Education,Department for Education,Skills Strategy and Engagement,DFE-2596,HEO - National,36000,38229,Higher Executive Officer - Sector Skills HEO-North West,0.86,Other,North West
1702,Department for Education,Department for Education,Financial Reporting,DFE-2454,HEO - National,36000,38229,Higher Executive Officer - Financial Reporting HEO-West Midlands,2.81,Other,West Midlands
1703,Department for Education,Department for Education,Schools Productivity Unit,DFE-2651,Senior Executive Officer - National,42806,47047,Senior Executive Officer - Schools Productivity Unit SEO-North West,1.64,Other,North West
1704,Department for Education,Department for Education,Get Into Teaching,DFE-2677,EO (Assistant Information Officer) - National,37136,37136,Executive Officer - Get Into Teaching EO-East Midlands,0.81,Other,East Midlands
1705,Department for Education,Department for Education,Family Support,DFE-2305,Grade 7 - National,58185,67219,Manager - Family Support Grade 7-North West,3.0,Other,North West
1706,Department for Education,Department for Education,"Payroll, Reward, Policies and ER",DFE-2527,HEO - London,40132,42699,Higher Executive Officer - HR Services & Specialist Advice HEO-London,2.0,Other,London
1707,Department for Education,Department for Education,Education Estates Strategy and Policy Unit,DFE-2072,EO - London,35438,35438,Executive Officer - Education Estates Strategy and Policy Unit EO-London,1.0,Other,London
1708,Department for Education,Department for Education,Central Strategic Finance,DFE-2604,HEO (Accountant) - National,44467,47346,Higher Executive Officer - Central Strategic Finance HEO-North East,1.0,Other,North East
1709,Department for Education,Department for Education,Improvement and Insight,DFE-2223,Grade 6 - National,70854,78241,Manager - Improvement and Insight Grade 6-North East,1.0,Other,North East
1710,Department for Education,Department for Education,Customer Experience & Design,DFE-2478,Grade 7 - National,58185,67219,Manager - Customer Experience & Design Grade 7-North West,7.74,Other,North West
1711,Department for Education,Department for Education,Education Estates Data Collection and Analysis,DFE-2627,HEO - National,36000,38229,Higher Executive Officer - Education Estates Data Collection and Analysis HEO-Yorkshire and The Humber,3.0,Other,Yorkshire and The Humber
1712,Department for Education,Department for Education,Sustainability and Strategic Projects,DFE-2311,Grade 6 - London,74528,82869,Manager - Sustainability and Strategic Projects Grade 6-London,2.0,Other,London
1713,Department for Education,Department for Education,Enterprise Data for Access and Sharing,DFE-2658,HEO - National,36000,38229,Higher Executive Officer - Enterprise Data for Access and Sharing HEO-West Midlands,2.0,Other,West Midlands
1714,Department for Education,Department for Education,Higher Education Analysis,DFE-2632,HEO (Higher Scientific Officer) - National,40044,42778,Higher Executive Officer - HE Analysis HEO-South West,2.0,Other,South West
1715,Department for Education,Department for Education,Data Science (ESFA),DFE-2601,Senior Executive Officer - National,42806,47047,Senior Executive Officer - Data Science (ESFA) SEO-South West,5.0,Other,South West
1716,Department for Education,Department for Education,Funding Policy Unit,DFE-2009,Grade 7 - National,58185,67219,Manager - Funding Policy Unit Grade 7-Yorkshire and The Humber,2.0,Other,Yorkshire and The Humber
1717,Department for Education,Department for Education,"Early Years Quality, Recovery and Welfare",DFE-2240,Senior Executive Officer - National,42806,47047,"Senior Executive Officer - Early Years Quality, Recovery and Welfare Grade 7-Yorkshire and The Humber",1.89,Other,Yorkshire and The Humber
1718,Department for Education,Department for Education,Schools System Accountability,DFE-2224,Grade 7 - National,58185,67219,Manager - Schools System Accountability Grade 7-North East,1.0,Other,North East
1719,Department for Education,Department for Education,Regions Group: Yorkshire and the Humber,DFE-2572,Grade 7 - National,58185,67219,Manager - Regions Group: Yorkshire and the Humber Grade 7-Unknown,1.0,Other,Unknown
1720,Department for Education,Department for Education,Regions Group: London,DFE-2204,Grade 7 - London,62336,72057,Manager - Regions Group: London Grade 7-East Midlands,1.0,Other,East Midlands
1721,Department for Education,Department for Education,Assurance,DFE-2192,HEO - National,36000,38229,Higher Executive Officer - Assurance HEO (Position Vacate:17/10/2025)-Yorkshire and The Humber,1.0,Other,Yorkshire and The Humber
1722,Department for Education,Department for Education,Teaching Workforce Teaching Analysis,DFE-2183,HEO - London,40132,42699,Higher Executive Officer - Teaching Workforce Teaching Analysis HEO-London,5.0,Other,London
1723,Department for Education,Department for Education,Sustainability and Strategic Projects,DFE-2311,Grade 6 - National,70854,78241,Manager - Sustainability and Strategic Projects Grade 6-North West,2.0,Other,North West
1724,Department for Education,Department for Education,Attendance,DFE-2533,Grade 6 - National,70854,78241,Manager - Attendance Grade 6-West Midlands,1.0,Other,West Midlands
1725,Department for Education,Department for Education,Enterprise Data for Insight,DFE-2392,HEO (Higher Statistical Officer) - National,40044,42778,Higher Executive Officer - Enterprise Data for Insight HEO-Yorkshire and The Humber,1.0,Other,Yorkshire and The Humber
1726,Department for Education,Department for Education,Capital Delivery,DFE-2568,Grade 7 - National,58185,67219,Manager - Construction and External Technical Services Grade 7-North East,2.0,Other,North East
1727,Department for Education,Department for Education,Improvement and Insight,DFE-2223,Grade 7 - London,62336,72057,Manager - Improvement and Insight Grade 7-London,1.0,Other,London
1728,Department for Education,Department for Education,"Access, Participation and Applications",DFE-2231,Grade 7 - National,58185,67219,"Manager - Access, Participation and Applications​ Grade 7-Yorkshire and The Humber",2.0,Other,Yorkshire and The Humber
1729,Department for Education,Department for Education,Skills Strategy and Delivery,DFE-2570,Grade 7 - National,58185,67219,Manager - Skills Strategy and Delivery Grade 7-East Midlands,2.9,Other,East Midlands
1730,Department for Education,Department for Education,"Education Estates Legal, Land and Planning",DFE-2207,Grade 7 - National,58185,67219,"Manager - Education Estates Legal, Land and Planning Grade 7-South West",1.0,Other,South West
1731,Department for Education,Department for Education,CSC Regional Cooperatives and Fostering,DFE-2443,Grade 6 - National,70854,78241,Manager - CSC Regional Cooperatives and Fostering Grade 6-Yorkshire and The Humber,1.6,Other,Yorkshire and The Humber
1732,Department for Education,Department for Education,"English, Maths, Music & Arts",DFE-2418,Senior Executive Officer - London,46971,51973,"Senior Executive Officer - English, Maths, Music & Arts SEO-London",3.8,Other,London
1733,Department for Education,Department for Education,DfE Covid-19 Inquiry Response,DFE-2369,Grade 7 - National,58185,67219,Manager - DfE Covid-19 Inquiry Response Grade 7-South West,2.0,Other,South West
1734,Department for Education,Department for Education,Schools Digital,DFE-2504,HEO - National,36000,38229,Higher Executive Officer - Schools Digital HEO-West Midlands,1.0,Other,West Midlands
1735,Department for Education,Department for Education,Teachers' Pension Scheme,DFE-2675,Grade 6 - National,70854,78241,Manager - Teachers' Pension Scheme Grade 6-Yorkshire and The Humber,1.0,Other,Yorkshire and The Humber
1736,Department for Education,Department for Education,Schools Productivity Unit,DFE-2651,Grade 7 - London,62336,72057,Manager - Schools Productivity Unit Grade 6-London,1.8,Other,London
1737,Department for Education,Department for Education,Schools Regulation and Quality,DFE-2212,Senior Executive Officer - National,42806,47047,Senior Executive Officer - Schools Regulation and Quality SEO-North East,1.0,Other,North East
1738,Department for Education,Department for Education,"Governance, Assurance and Partnerships",DFE-2611,Senior Executive Officer - National,42806,47047,"Senior Executive Officer - Governance, Assurance and Partnerships SEO-North West",3.0,Other,North West
1739,Department for Education,Department for Education,Teacher Training and Recruitment,DFE-2541,EO - National,31479,31479,Executive Officer - Teacher Training and Recruitment EO-West Midlands,7.0,Other,West Midlands
1740,Department for Education,Department for Education,CSC Looked After Children Placements,DFE-2582,Senior Executive Officer - National,42806,47047,Senior Executive Officer - CSC Looked After Children Placements SEO-Yorkshire and The Humber,4.0,Other,Yorkshire and The Humber
1741,Department for Education,Department for Education,Schools Regulation and Quality,DFE-2212,Senior Executive Officer - National,42806,47047,Senior Executive Officer - Schools Regulation and Quality SEO-Yorkshire and The Humber,1.63,Other,Yorkshire and The Humber
1742,Department for Education,Department for Education,Family Support,DFE-2305,Senior Executive Officer - National,42806,47047,Senior Executive Officer - Family Support SEO-Yorkshire and The Humber,4.66,Other,Yorkshire and The Humber
1743,Department for Education,Department for Education,Early Years Markets and Strategy,DFE-2644,Senior Executive Officer - National,42806,47047,Senior Executive Officer - Early Years Markets and Strategy SEO-North West,1.0,Other,North West
1744,Department for Education,Department for Education,Strategy and Qualifications,DFE-2341,Grade 7 - National,58185,67219,Manager - Strategy and Qualifications Grade 7-Yorkshire and The Humber,1.71,Other,Yorkshire and The Humber
1745,Department for Education,Department for Education,Infrastructure & Platforms,DFE-2281,Senior Executive Officer - London,46971,51973,Senior Executive Officer - Infrastructure & Platforms SEO-London,3.0,Other,London
1746,Department for Education,Department for Education,CSC Data and Digital,DFE-2010,Grade 7 - London,62336,72057,Manager - CSC Portfolio and Funding Grade 7-London,1.0,Other,London
1747,Department for Education,Department for Education,CSC Serious Incidents and National Safeguarding Panel,DFE-2299,Senior Executive Officer - National,42806,47047,Senior Executive Officer - CSC Serious Incidents and National Safeguarding Panel SEO-Yorkshire and The Humber,2.0,Other,Yorkshire and The Humber
1748,Department for Education,Department for Education,Skills Strategy and Delivery,DFE-2570,HEO - National,36000,38229,Higher Executive Officer - Skills Strategy and Delivery HEO-West Midlands,0.86,Other,West Midlands
1749,Department for Education,Standard and Testing Agency,STA Assessment DDaT,DFE-2607,Grade 7 - London,62336,72057,Manager - STA Assessment DDaT Grade 7-London,4.0,Other,London
1750,Department for Education,Department for Education,SEND Strategy,DFE-2571,Grade 7 - National,58185,67219,Manager - SEND Strategy Grade 7-South West,1.8,Other,South West
1751,Department for Education,Department for Education,CSC Strategy and System,DFE-2401,EO - National,31479,31479,Executive Officer - CSC Strategy and System EO-East Midlands,1.0,Other,East Midlands
1752,Department for Education,Department for Education,Sustainability and Strategic Projects,DFE-2311,Grade 7 - London,62336,72057,Manager - Sustainability and Strategic Projects Grade 7-East Midlands,1.66,Other,East Midlands
1753,Department for Education,Department for Education,Funding Policy Implementation,DFE-2609,Grade 6 - National,70854,78241,Manager - Funding Policy Implementation Grade 6-Yorkshire and The Humber,0.89,Other,Yorkshire and The Humber
1754,Department for Education,Department for Education,"Capability, Investments, Analysis and Reporting",DFE-2162,Senior Executive Officer - National,42806,47047,"Senior Executive Officer - Capability, Investments, Analysis and Reporting SEO-Yorkshire and The Humber",1.0,Other,Yorkshire and The Humber
1755,Department for Education,Department for Education,Enterprise Data for Insight,DFE-2392,SEO (Statistical Officer) - National,48999,53884,Senior Executive Officer - Enterprise Data for Insight Grade 7-Yorkshire and The Humber,1.0,Other,Yorkshire and The Humber
1756,Department for Education,Department for Education,Data Science (ESFA),DFE-2601,Grade 7 - National,58185,67219,Manager - Data Science (ESFA) Grade 7-South West,2.9,Other,South West
1757,Department for Education,Department for Education,Higher Education Analysis,DFE-2632,HEO (Higher Statistical Officer) - London,44424,47250,Higher Executive Officer - HE Analysis HEO-London,7.59,Other,London
1758,Department for Education,Department for Education,The Apprenticeships Service (DDAT)​,DFE-2486,Grade 7 - National,58185,67219,Manager - The Apprenticeships Service (DDAT)​ Grade 7-Yorkshire and The Humber,2.0,Other,Yorkshire and The Humber
1759,Department for Education,Department for Education,Operational Excellence,DFE-2292,EO - National,31479,31479,Executive Officer - Operational Excellence EO-Yorkshire and The Humber,3.0,Other,Yorkshire and The Humber
1760,Department for Education,Department for Education,CSC Regional Cooperatives and Fostering,DFE-2443,Grade 7 - London,62336,72057,Manager - CSC Regional Cooperatives and Fostering Grade 7-London,4.89,Other,London
1761,Department for Education,Department for Education,Funding Policy Unit,DFE-2009,Grade 7 - National,58185,67219,Manager - Funding Policy Unit Grade 7-North West,0.8,Other,North West
1762,Department for Education,Department for Education,Education Estates Strategy and Policy Unit,DFE-2072,Senior Executive Officer - London,46971,51973,Senior Executive Officer - Education Estates Strategy and Policy Unit SEO-London,1.0,Other,London
1763,Department for Education,Department for Education,News and Social Media,DFE-2145,Grade 6 - London,74528,82869,Manager - News and Social Media Grade 6-London,3.0,Other,London
1764,Department for Education,Department for Education,Strategy and Portfolio,DFE-2277,Grade 7 - National,58185,67219,Manager - Strategy and Portfolio Grade 7-East Midlands,1.0,Other,East Midlands
1765,Department for Education,Department for Education,Funding Policy Implementation,DFE-2609,HEO (Information Officer) - National,40044,42778,Higher Executive Officer - Funding Policy Implementation HEO-East Midlands,1.64,Other,East Midlands
1766,Department for Education,Department for Education,Counter Extremism and Non-School Education,DFE-2398,Grade 7 - National,58185,67219,Manager - Counter Extremism and Non-School Education Grade 7-West Midlands,1.0,Other,West Midlands
1767,Department for Education,Department for Education,Regions Group: National,DFE-2021,Grade 6 - National,70854,78241,Manager - Regions Group: National Grade 6-South West,2.0,Other,South West
1768,Department for Education,Department for Education,Education Estates Data Collection and Analysis,DFE-2627,HEO (Higher Statistical Officer) - London,44424,47250,Higher Executive Officer - Education Estates Data Collection and Analysis HEO-London,6.0,Other,London
1769,Department for Education,Department for Education,Specialist Restructuring,DFE-2173,Grade 6 - National,70854,78241,Manager - Specialist Restructuring Grade 6-Yorkshire and The Humber,2.0,Other,Yorkshire and The Humber
1770,Department for Education,Department for Education,Teacher Training and Recruitment,DFE-2541,EO - National,31479,31479,Executive Officer - Teacher Training and Recruitment EA-West Midlands,1.0,Other,West Midlands
1771,Department for Education,Department for Education,Sector Skills,DFE-2620,Grade 7 - National,58185,67219,Manager - Sector Skills Grade 7-Yorkshire and The Humber,3.0,Other,Yorkshire and The Humber
1772,Department for Education,Department for Education,SFSO Central Division,DFE-2202,HEO - National,36000,38229,Higher Executive Officer - SFSO Central Division HEO-West Midlands,3.0,Other,West Midlands
1773,Department for Education,Department for Education,Regions Group: East of England,DFE-2672,Grade 7 - National,58185,67219,Manager - Regions Group: East of England Grade 7-Yorkshire and The Humber,1.0,Other,Yorkshire and The Humber
1774,Department for Education,Department for Education,Enterprise Data for Insight,DFE-2392,Senior Executive Officer - National,42806,47047,Senior Executive Officer - Enterprise Data for Insight SEO-North West,1.0,Other,North West
1775,Department for Education,Department for Education,Higher Education Quality and Regulation,DFE-2649,Grade 7 - National,58185,67219,Manager - Higher Education Quality and Regulation Grade 7-North East,1.0,Other,North East
1776,Department for Education,Department for Education,Financial Reporting,DFE-2454,Grade 6 - National,70854,78241,Manager - Financial Reporting Grade 6-North West,1.0,Other,North West
1777,Department for Education,Department for Education,Regions Group: North West,DFE-2514,Grade 7 - National,58185,67219,Manager - Regions Group: North West Grade 7-Unknown,1.0,Other,Unknown
1778,Department for Education,Skills England,Skills England - Deputy CEO,DFE-2682,Grade 7 - National,58185,67219,"Manager - Advanced Manufacturing, Defence and Construction Grade 7-West Midlands",6.0,Other,West Midlands
1779,Department for Education,Department for Education,Specialist Sector Reform,DFE-2353,Grade 6 - National,70854,78241,Manager - Specialist Sector Reform Grade 6-Yorkshire and The Humber,1.0,Other,Yorkshire and The Humber
1780,Department for Education,Department for Education,HR Productive and Agile,DFE-2676,Grade 6 - National,70854,78241,Manager - HR Productive and Agile Grade 6-West Midlands,1.0,Other,West Midlands
1781,Department for Education,Department for Education,Cyber and Information Security (CISO),DFE-2485,HEO - London,40132,42699,Higher Executive Officer - Cyber and Information Security (CISO) HEO-London,1.0,Other,London
1782,Department for Education,Department for Education,Strategic Finance,DFE-2159,HEO - London,40132,42699,Higher Executive Officer - Strategic Finance Director's Office HEO-London,1.0,Other,London
1783,Department for Education,Department for Education,Developing Teachers and Leaders,DFE-2670,Grade 7 - National,58185,67219,Manager - Developing Teachers and Leaders Grade 7-North East,1.0,Other,North East
1784,Department for Education,Department for Education,Digital Delivery - Funding Services,DFE-2610,Grade 6 - National,70854,78241,Manager - Digital Delivery - Funding Services Grade 6-Yorkshire and The Humber,1.0,Other,Yorkshire and The Humber
1785,Department for Education,Department for Education,Regions Group: East Midlands,DFE-2144,Grade 7 - National,58185,67219,Manager - Regions Group: East Midlands Grade 7-West Midlands,1.0,Other,West Midlands
1786,Department for Education,Department for Education,FE Provider Infrastructure,DFE-2387,Grade 7 - National,58185,67219,Manager - FE Provider Infrastructure Grade 7-North West,1.0,Other,North West
1787,Department for Education,Department for Education,Early Years Markets and Strategy,DFE-2644,Grade 7 - National,58185,67219,Manager - Early Years Markets and Strategy Grade 7-North West,2.0,Other,North West
1788,Department for Education,Department for Education,"Products, Quality and Market",DFE-2127,HEO - National,36000,38229,"Higher Executive Officer - Products, Quality and Market HEO-West Midlands",1.0,Other,West Midlands
1789,Department for Education,Department for Education,Advanced Analytics Division,DFE-2557,SEO (Statistical Officer) - National,48999,53884,Senior Executive Officer - Advanced Analytics SEO-Yorkshire and The Humber,4.0,Other,Yorkshire and The Humber
1790,Department for Education,Department for Education,Digital Delivery - Funding Services,DFE-2610,Senior Executive Officer - London,46971,51973,Senior Executive Officer - Digital Delivery - Funding Services SEO-London,3.31,Other,London
1791,Department for Education,Department for Education,T - Level Delivery ​,DFE-2626,Senior Executive Officer - London,46971,51973,Senior Executive Officer - T - Level Delivery ​ SEO-London,2.0,Other,London
1792,Department for Education,Department for Education,"Breakfast Clubs, Wraparound Childcare and HAF",DFE-2544,Senior Executive Officer - National,42806,47047,"Senior Executive Officer - Breakfast Clubs, Wraparound Childcare and HAF SEO-East Midlands",2.0,Other,East Midlands
1793,Department for Education,Department for Education,"Financial Business Partnering: Schools, Families, Regions and Hub",DFE-2151,Grade 6 - National,70854,78241,"Manager - Financial Business Partnering: Schools, Families, Regions and Hub Grade 6-North West",1.0,Other,North West
1794,Department for Education,Standard and Testing Agency,"Standards, Testing and Regulation Directorate",DFE-2135,HEO - London,40132,42699,Higher Executive Officer - Assessment Operations and Services HEO-London,2.0,Other,London
1795,Department for Education,Department for Education,Early Years Markets and Strategy,DFE-2644,Senior Executive Officer - National,42806,47047,Senior Executive Officer - Early Years Sufficiency and Entitlements SEO-North West,1.0,Other,North West
1796,Department for Education,Department for Education,Developing Teachers and Leaders,DFE-2670,Grade 7 - National,58185,67219,Manager - Developing Teachers and Leaders Grade 7-Yorkshire and The Humber,2.0,Other,Yorkshire and The Humber
1797,Department for Education,Department for Education,Private Office,DFE-2698,Senior Executive Officer - London,46971,51973,Senior Executive Officer - Private Office SEO-London,6.0,Other,London
1798,Department for Education,Department for Education,Data Science (ESFA),DFE-2601,Grade 7 - National,58185,67219,Manager - Data Science (ESFA) Grade 7 (Position Vacate:02/11/2025)-West Midlands,1.0,Other,West Midlands
1799,Department for Education,Department for Education,Regions Group: National,DFE-2279,Senior Executive Officer - National,42806,47047,Senior Executive Officer - Regions Group: National SEO-South West,3.0,Other,South West
1800,Department for Education,Department for Education,Skills Strategy and Engagement,DFE-2596,Grade 6 - National,70854,78241,Manager - Skills Strategy and Engagement Grade 6-Yorkshire and The Humber,1.0,Other,Yorkshire and The Humber
1801,Department for Education,Department for Education,"Educational Engagement, Access and Wellbeing (EEAW)",DFE-2326,SEO (Senior Research Officer) - National,48999,53884,Senior Executive Officer - Families Analysis SEO-North West,8.7,Other,North West
1802,Department for Education,Department for Education,Technical Education & Qualification Reforms,DFE-2093,Grade 6 - National,70854,78241,Manager - Technical Education & Qualification Reforms​ Grade 6-North West,0.6,Other,North West
1803,Department for Education,Department for Education,Sector Reporting,DFE-2185,Grade 6 - National,70854,78241,Manager - Sector Reporting Grade 6-West Midlands,1.0,Other,West Midlands
1804,Department for Education,Department for Education,"Education Estates Design, Engineering, Cost and Building Technology",DFE-2208,Grade 7 - National,58185,67219,"Manager - Education Estates Design, Engineering, Cost and Building Technology Grade 7-South West",1.0,Other,South West
1805,Department for Education,Department for Education,School Strategy and System,DFE-2639,Senior Executive Officer - London,46971,51973,Senior Executive Officer - School Strategy and System SEO-London,6.0,Other,London
1806,Department for Education,Department for Education,Strategy and Qualifications,DFE-2341,Grade 6 - London,74528,82869,Manager - Strategy and Qualifications Grade 6-London,1.0,Other,London
1807,Department for Education,Department for Education,Schools Productivity Unit,DFE-2651,SEO (Senior Research Officer) - London,52799,58810,Senior Executive Officer - Schools Productivity Unit Grade 7-London,2.0,Other,London
1808,Department for Education,Department for Education,"Governance, Assurance and Partnerships",DFE-2611,Grade 6 - National,70854,78241,"Manager - Governance, Assurance and Partnerships Grade 6-North East",1.0,Other,North East
1809,Department for Education,Department for Education,Data Science (ESFA),DFE-2601,Senior Executive Officer - National,42806,47047,Senior Executive Officer - Data Science (ESFA) SEO-North East,1.0,Other,North East
1810,Department for Education,Department for Education,Strategic Communications and Campaigns,DFE-2163,Grade 7 - National,58185,67219,Manager - Strategic Communications and Campaigns Grade 7-Yorkshire and The Humber,3.0,Other,Yorkshire and The Humber
1811,Department for Education,Department for Education,Improvement and Insight,DFE-2223,HEO - National,36000,38229,Higher Executive Officer - Improvement and Insight HEO-North East,1.0,Other,North East
1812,Department for Education,Department for Education,Policy Lab,DFE-2631,Grade 7 - London,62336,72057,Manager - Policy Lab Grade 7-London,5.5,Other,London
1813,Department for Education,Department for Education,Sustainability and Strategic Projects,DFE-2311,HEO - National,36000,38229,Higher Executive Officer - Sustainability and Strategic Projects HEO-Yorkshire and The Humber,1.68,Other,Yorkshire and The Humber
1814,Department for Education,Department for Education,Digital Delivery - Schools,DFE-2664,Senior Executive Officer - London,46971,51973,Senior Executive Officer - Digital Delivery - Schools SEO-London,0.69,Other,London
1815,Department for Education,Department for Education,Revenue Funding and Demographic Analysis,DFE-2645,HEO (Higher Statistical Officer) - London,44424,47250,Higher Executive Officer - Revenue Funding and Demography Analysis HEO-London,4.0,Other,London
1816,Department for Education,Department for Education,"Construction Programme Management, Planning and Assurance",DFE-2623,EO - London,35438,35438,"Executive Officer - Construction Programme Management, Planning and Assurance EO-London",1.0,Other,London
1817,Department for Education,Department for Education,"Capability, Investments, Analysis and Reporting",DFE-2162,Senior Executive Officer - National,42806,47047,"Senior Executive Officer - Capability, Investments, Analysis and Reporting SEO-North West",2.0,Other,North West
1818,Department for Education,Department for Education,"Education Estates Design, Engineering, Cost and Building Technology",DFE-2208,Grade 6 - National,70854,78241,Manager - Technical Standards Grade 6-West Midlands,1.0,Other,West Midlands
1819,Department for Education,Department for Education,Schools System Accountability,DFE-2224,Grade 7 - National,58185,67219,Manager - Schools System Accountability Grade 7-Yorkshire and The Humber,3.0,Other,Yorkshire and The Humber
1820,Department for Education,Department for Education,T - Level Policy,DFE-2542,Grade 7 - National,58185,67219,Manager - T - Level Policy​ Grade 7-North West,2.8,Other,North West
1821,Department for Education,Department for Education,Construction Delivery South East and London,DFE-2673,Grade 7 - London,62336,72057,Manager - Construction Delivery South East and London Grade 7-Unknown,14.52,Other,Unknown
1822,Department for Education,Department for Education,Operations and Infrastructure Group,DFE-2536,Senior Executive Officer - National,42806,47047,Senior Executive Officer - Commercial Specialist - Operations & Infrastructure SEO-Yorkshire and The Humber,3.0,Other,Yorkshire and The Humber
1823,Department for Education,Department for Education,"Breakfast Clubs, Wraparound Childcare and HAF",DFE-2544,Senior Executive Officer - London,46971,51973,"Senior Executive Officer - Breakfast Clubs, Wraparound Childcare and HAF SEO-London",7.81,Other,London
1824,Department for Education,Department for Education,Digital Delivery - Schools,DFE-2664,Grade 7 - National,58185,67219,Manager - Digital Delivery - Schools Grade 7-West Midlands,2.75,Other,West Midlands
1825,Department for Education,Department for Education,Regions Group: Yorkshire and the Humber,DFE-2375,Senior Executive Officer - National,42806,47047,Senior Executive Officer - Regions Group: Yorkshire and the Humber SEO-North West,3.86,Other,North West
1826,Department for Education,Department for Education,Enterprise Data for Insight,DFE-2392,Senior Executive Officer - National,42806,47047,Senior Executive Officer - Enterprise Data for Insight SEO-West Midlands,2.0,Other,West Midlands
1827,Department for Education,Department for Education,Counter Extremism and Non-School Education,DFE-2398,Grade 7 - National,58185,67219,Manager - Counter Extremism and Non-School Education Grade 7-South West,1.0,Other,South West
1828,Department for Education,Department for Education,Revenue Funding and Demographic Analysis,DFE-2645,SEO (Statistical Officer) - London,52799,58810,Senior Executive Officer - Revenue Funding and Demography Analysis SEO-East Midlands,2.0,Other,East Midlands
1829,Department for Education,Skills England,Analysis and Insights,DFE-2434,Senior Executive Officer - National,42806,47047,Senior Executive Officer - Analysis and Insight SEO-Unknown,1.0,Other,Unknown
1830,Department for Education,Department for Education,Digital Delivery - Vulnerable Families & Children,DFE-2503,Senior Executive Officer - National,42806,47047,Senior Executive Officer - Digital Delivery - Vulnerable Families & Children SEO-West Midlands,0.8,Other,West Midlands
1831,Department for Education,Department for Education,Specialist Restructuring,DFE-2173,EO - National,31479,31479,Executive Officer - Specialist Restructuring EO-North West,0.59,Other,North West
1832,Department for Education,Department for Education,Rapid Response Co-ordination,DFE-2382,Senior Executive Officer - National,42806,47047,Senior Executive Officer - Rapid Response Co-ordination SEO-North East,1.0,Other,North East
1833,Department for Education,Department for Education,"Financial Business Partnering: Schools, Families, Regions and Hub",DFE-2151,EO - National,31479,31479,Executive Officer - ESFA Finance EO-Yorkshire and The Humber,0.81,Other,Yorkshire and The Humber
1834,Department for Education,Department for Education,Operations and Infrastructure Group,DFE-2536,Grade 7 - National,58185,67219,Manager - Commercial School Resource Management (Protected) Grade 7-Yorkshire and The Humber,0.64,Other,Yorkshire and The Humber
1835,Department for Education,Department for Education,School Based Nursery Expansion,DFE-2640,Grade 7 - National,58185,67219,Manager - School Based Nursery Expansion Grade 7-North West,2.0,Other,North West
1836,Department for Education,Department for Education,Counter Extremism and Non-School Education,DFE-2398,Senior Executive Officer - National,42806,47047,Senior Executive Officer - Counter Extremism and Non-School Education Grade 7-Yorkshire and The Humber,1.0,Other,Yorkshire and The Humber
1837,Department for Education,Department for Education,"Governance, Assurance and Partnerships",DFE-2611,Grade 6 - National,70854,78241,Manager - Central Operations Directorate Support Grade 6-North East,1.0,Other,North East
1838,Department for Education,Department for Education,Regions Group: North East and National SEND Improvement and Transformation,DFE-2701,Senior Executive Officer - National,42806,47047,Senior Executive Officer - Regions Group: North East and National SEND Improvement and Transformation SEO-North East,1.0,Other,North East
1839,Department for Education,Department for Education,Specialist Restructuring,DFE-2173,Grade 7 - National,58185,67219,Manager - Specialist Restructuring Grade 7-North West,2.0,Other,North West
1840,Department for Education,Department for Education,SFSO Operational Delivery - South,DFE-2085,Senior Executive Officer - London,46971,51973,Senior Executive Officer - SFSO Operational Delivery - South SEO (Position Vacate:04/10/2025)-London,1.0,Other,London
1841,Department for Education,Department for Education,Higher Education Strategy and Portfolio,DFE-2239,Grade 7 - National,58185,67219,Manager - Higher Education Strategy and Portfolio Grade 7-South West,1.89,Other,South West
1842,Department for Education,Department for Education,Education Estates Data Collection and Analysis,DFE-2627,HEO - National,36000,38229,Higher Executive Officer - Education Estates Data Collection and Analysis HEO-West Midlands,3.0,Other,West Midlands
1843,Department for Education,Department for Education,SFSO Central Division,DFE-2202,Grade 7 - National,58185,67219,Manager - SFSO Central Division Gade 7-North East,1.0,Other,North East
1844,Department for Education,Department for Education,News and Social Media,DFE-2145,HEO (Information Officer) - National,40044,42778,Higher Executive Officer - News and Social Media HEO-Yorkshire and The Humber,2.0,Other,Yorkshire and The Humber
1845,Department for Education,Department for Education,"Construction Grants, Assurance and Response",DFE-2344,Senior Executive Officer - National,42806,47047,"Senior Executive Officer - Construction Grants, Assurance and Response SEO-West Midlands",2.0,Other,West Midlands
1846,Department for Education,Department for Education,"FE Support, Improvement and Provider Engagement",DFE-2394,Senior Executive Officer - National,42806,47047,"Senior Executive Officer - FE Support, Improvement and Provider Engagement SEO-North West",2.0,Other,North West
1847,Department for Education,Department for Education,Funding Policy Implementation,DFE-2609,Grade 7 - National,58185,67219,Manager - Funding Policy Implementation Grade 7-North West,1.0,Other,North West
1848,Department for Education,Department for Education,Rapid Response Co-ordination,DFE-2382,Grade 6 - National,70854,78241,Manager - Rapid Response Co-ordination Grade 6-Yorkshire and The Humber,0.86,Other,Yorkshire and The Humber
1849,Department for Education,Department for Education,Regions Group: North East,DFE-2409,Senior Executive Officer - National,42806,47047,Senior Executive Officer - Regions Group: North East SEO-North West,0.89,Other,North West
1850,Department for Education,Department for Education,School Based Nursery Expansion,DFE-2640,Grade 7 - National,58185,67219,Manager - School Based Nursery Expansion Grade 7-West Midlands,1.0,Other,West Midlands
1851,Department for Education,Department for Education,Work Based Skills Operations and Performance,DFE-2423,HEO - National,36000,38229,Higher Executive Officer - Work Based Skills Operations and Performance HEO-Yorkshire and The Humber,0.7,Other,Yorkshire and The Humber
1852,Department for Education,Department for Education,Regions Group: North East and National SEND Improvement and Transformation,DFE-2701,Grade 7 - National,58185,67219,Manager - Regions Group: North East and National SEND Improvement and Transformation Grade 7-Yorkshire and The Humber,1.0,Other,Yorkshire and The Humber
1853,Department for Education,Department for Education,Funding Policy Unit,DFE-2009,EO - London,35438,35438,Executive Officer - Funding Policy Unit EO-London,3.0,Other,London
1854,Department for Education,Department for Education,"Capability, Investments, Analysis and Reporting",DFE-2162,HEO - National,36000,38229,"Higher Executive Officer - Capability, Investments, Analysis and Reporting HEO-North East",1.63,Other,North East
1855,Department for Education,Department for Education,Teaching Workforce Teaching Analysis,DFE-2183,SEO (Statistical Officer) - National,48999,53884,Senior Executive Officer - Teaching Workforce Teaching Analysis SEO-West Midlands,2.0,Other,West Midlands
1856,Department for Education,Department for Education,Higher Education Oversight,DFE-2660,Senior Executive Officer - National,42806,47047,Senior Executive Officer - Lifelong Loan Entitlement SEO-West Midlands,2.0,Other,West Midlands
1857,Department for Education,Standard and Testing Agency,Assessment Research and Development,DFE-2535,SEO (Senior Prof & Technical Officer) - National,48999,53884,Senior Executive Officer - Assessment Research and Development SEO-East Of England,2.0,Other,East Of England
1858,Department for Education,Department for Education,Ministerial and Public Communications Division,DFE-2249,Senior Executive Officer - National,42806,47047,Senior Executive Officer - Legal Advisor's Office SEO-East Midlands,1.0,Other,East Midlands
1859,Department for Education,Department for Education,Further Education Funding,DFE-2100,EO - London,35438,35438,Executive Officer - FE Funding EO-London,2.0,Other,London
1860,Department for Education,Department for Education,"English, Maths, Music & Arts",DFE-2418,Senior Executive Officer - National,42806,47047,"Senior Executive Officer - English, Maths, Music & Arts SEO-North West",5.6,Other,North West
1861,Department for Education,Department for Education,Operations and Infrastructure Group,DFE-2536,Senior Executive Officer - National,42806,47047,Senior Executive Officer - Commercial Specialist - ESFA SEO-North East,3.0,Other,North East
1862,Department for Education,Department for Education,Construction Delivery South East and London,DFE-2673,Grade 7 - National,58185,67219,Manager - Construction Delivery South East and London Grade 7-North East,1.0,Other,North East
1863,Department for Education,Department for Education,"Estates, Security and People",DFE-2025,Senior Executive Officer - London,46971,51973,Senior Executive Officer - Operations and Infrastructure DG Office SEO-London,1.0,Other,London
1864,Department for Education,Department for Education,Technology Directorate,DFE-2553,EO - National,31479,31479,Executive Officer - DDT Central Operations EO-West Midlands,1.0,Other,West Midlands
1865,Department for Education,Department for Education,DDT Incubator,DFE-2475,Senior Executive Officer - London,46971,51973,Senior Executive Officer - DDT Incubator SEO-London,1.0,Other,London
1866,Department for Education,Department for Education,"HR Organisation Design, Development & Engagement",DFE-2407,Grade 7 - National,58185,67219,"Manager - HR Organisation Design, Development & Engagement Grade 7-Yorkshire and The Humber",1.81,Other,Yorkshire and The Humber
1867,Department for Education,Department for Education,"Construction Programme Management, Planning and Assurance",DFE-2623,HEO - National,36000,38229,"Higher Executive Officer - Construction Programme Management, Planning and Assurance HEO-North West",6.0,Other,North West
1868,Department for Education,Department for Education,"Estates, Security and People",DFE-2025,EO - National,31479,31479,Executive Officer - Central Business Services EO-West Midlands,1.0,Other,West Midlands
1869,Department for Education,Department for Education,Work Based Skills Operational Delivery,DFE-2619,Senior Executive Officer - National,42806,47047,Senior Executive Officer - Work Based Skills Operational Delivery SEO-West Midlands,1.0,Other,West Midlands
1870,Department for Education,Department for Education,International Placements,DFE-2491,HEO - National,36000,38229,Higher Executive Officer - International Placements HEO-West Midlands,2.0,Other,West Midlands
1871,Department for Education,Department for Education,Skills Policy Analysis​,DFE-2520,SEO (Statistical Officer) - National,48999,53884,Senior Executive Officer - Skills Policy Analysis​ SEO-North West,2.0,Other,North West
1872,Department for Education,Department for Education,Assurance,DFE-2192,Grade 7 - National,58185,67219,Manager - Assurance Grade 7-East Of England,0.6,Other,East Of England
1873,Department for Education,Department for Education,Cyber and Information Security (CISO),DFE-2485,Senior Executive Officer - National,42806,47047,Senior Executive Officer - Cyber and Information Security (CISO) SEO-North East,2.0,Other,North East
1874,Department for Education,Department for Education,Operations and Infrastructure Group,DFE-2536,Senior Executive Officer - National,42806,47047,Senior Executive Officer - Commercial Specialist - Schools SEO-North West,2.0,Other,North West
1875,Department for Education,Department for Education,SFSO Operational Delivery - North,DFE-2084,Grade 7 - National,58185,67219,Manager - SFSO Operational Delivery - North Grade 7-West Midlands,1.0,Other,West Midlands
1876,Department for Education,Department for Education,Major Projects and Risk,DFE-2608,Grade 7 - National,58185,67219,Manager - Major Projects and Risks Grade 7-North West,4.0,Other,North West
1877,Department for Education,Department for Education,"Construction Programme Management, Planning and Assurance",DFE-2623,G7 (Accountant) - National,58437,67219,"Manager - Construction Programme Management, Planning and Assurance Grade 7-East Midlands",1.0,Other,East Midlands
1878,Department for Education,Department for Education,Higher Education Quality and Regulation,DFE-2649,Grade 7 - National,58185,67219,Manager - Higher Education Quality and Regulation Grade 7-Yorkshire and The Humber,0.8,Other,Yorkshire and The Humber
1879,Department for Education,Department for Education,Sector Reporting,DFE-2185,G7 (Accountant) - National,58437,67219,Manager - Sector Reporting Grade 7-West Midlands,1.0,Other,West Midlands
1880,Department for Education,Department for Education,Local Accountability and Improvement,DFE-2383,Senior Executive Officer - National,42806,47047,Senior Executive Officer - Local Accountability and Improvement SEO-East Of England,0.73,Other,East Of England
1881,Department for Education,Department for Education,"Governance, Assurance and Partnerships",DFE-2611,Grade 6 - National,70854,78241,"Manager - Governance, Assurance and Partnerships Grade 6-North West",1.0,Other,North West
1882,Department for Education,Department for Education,"Construction Grants, Assurance and Response",DFE-2344,HEO - National,36000,38229,"Higher Executive Officer - Construction Grants, Assurance and Response HEO-North East",2.0,Other,North East
1883,Department for Education,Department for Education,Schools Productivity Unit,DFE-2651,EO - National,31479,31479,Executive Officer - Schools Productivity Unit EO-North East,1.0,Other,North East
1884,Department for Education,Department for Education,Strategy and Qualifications,DFE-2341,HEO - London,40132,42699,Higher Executive Officer - Strategy and Qualifications HEO-London,3.0,Other,London
1885,Department for Education,Department for Education,Skills Strategy and Engagement,DFE-2596,Grade 7 - London,62336,72057,Manager - Skills Strategy and Engagement Grade 7-London,2.28,Other,London
1886,Department for Education,Department for Education,Teacher Training and Recruitment,DFE-2541,Grade 7 - National,58185,67219,Manager - Teacher Training and Recruitment Grade 7-North West,0.86,Other,North West
1887,Department for Education,Department for Education,Higher Education Analysis,DFE-2632,HEO (Higher Scientific Officer) - National,40044,42778,Higher Executive Officer - HE Analysis HEO-North West,2.0,Other,North West
1888,Department for Education,Department for Education,"English, Maths, Music & Arts",DFE-2418,Grade 7 - National,58185,67219,"Manager - English, Maths, Music & Arts Grade 7-Yorkshire and The Humber",2.5,Other,Yorkshire and The Humber
1889,Department for Education,Department for Education,"CSC Adoption, Family Justice and Alternatives to Care",DFE-2638,Senior Executive Officer - National,42806,47047,"Senior Executive Officer - CSC Adoption, Family Justice and Alternatives to Care SEO-West Midlands",3.0,Other,West Midlands
1890,Department for Education,Department for Education,"Financial Business Partnering: Schools, Families, Regions and Hub",DFE-2151,G7 (Accountant) - National,58437,67219,"Manager - Financial Business Partnering: Schools, Families, Regions and Hub Grade 7-North West",2.4,Other,North West
1891,Department for Education,Department for Education,Regions Group: West Midlands,DFE-2406,Grade 7 - National,58185,67219,Manager - Regions Group: West Midlands Grade 7-East Midlands,3.0,Other,East Midlands
1892,Department for Education,Department for Education,Supporting and Rewarding Teachers and Leaders,DFE-2637,HEO - National,36000,38229,Higher Executive Officer - Supporting and Rewarding Teachers and Leaders HEO-Yorkshire and The Humber,1.0,Other,Yorkshire and The Humber
1893,Department for Education,Department for Education,CSC Strategy and Care System,DFE-2671,Grade 7 - National,58185,67219,Manager - CSC Portfolio and Funding Grade 7-North West,2.9,Other,North West
1894,Department for Education,Department for Education,SFSO Central Division,DFE-2202,Senior Executive Officer - National,42806,47047,Senior Executive Officer - SFSO Central Division SEO-East Midlands,0.81,Other,East Midlands
1895,Department for Education,Department for Education,CSC Child Protection and Safeguarding,DFE-2337,Grade 7 - National,58185,67219,Manager - CSC Child Protection and Safeguarding Grade 7-North West,3.0,Other,North West
1896,Department for Education,Department for Education,Student Funding Policy​,DFE-2516,Grade 7 - National,58185,67219,Manager - Students Loans Company Sponsorship and LLE Engagement Grade 7-North West,1.0,Other,North West
1897,Department for Education,Department for Education,Counter Fraud  and Prevention,DFE-2290,HEO - National,36000,38229,Higher Executive Officer - Counter Fraud and Prevention HEO-Yorkshire and The Humber,6.0,Other,Yorkshire and The Humber
1898,Department for Education,Department for Education,Regions Group: North East and National SEND Improvement and Transformation,DFE-2701,Senior Executive Officer - National,42806,47047,Senior Executive Officer - Regions Group: North East and National SEND Improvement and Transformation SEO-North West,2.0,Other,North West
1899,Department for Education,Skills England,Analysis and Insights,DFE-2434,SEO (Statistical Officer) - National,48999,53884,Senior Executive Officer - Shadow Skills England Analysis and Insights SEO-Yorkshire and The Humber,0.72,Other,Yorkshire and The Humber
1900,Department for Education,Department for Education,Ministerial and Public Communications Division,DFE-2249,EA - National,27244,27244,Executive Assistant - Ministerial and Public Communications Division EA-Yorkshire and The Humber,1.0,Other,Yorkshire and The Humber
1901,Department for Education,Department for Education,Curriculum & Assessment Review,DFE-2641,Grade 7 - National,58185,67219,Manager - Curriculum & Assessment Review Grade 7-Yorkshire and The Humber,3.0,Other,Yorkshire and The Humber
1902,Department for Education,Department for Education,Infrastructure & Platforms,DFE-2281,Grade 6 - National,70854,78241,Manager - Digital Outcome Portfolio NCS Grade 6-Yorkshire and The Humber,1.0,Other,Yorkshire and The Humber
1903,Department for Education,Department for Education,Data Science (ESFA),DFE-2601,HEO (Higher Scientific Officer) - National,40044,42778,Higher Executive Officer - Data Science (ESFA) HEO-South West,6.0,Other,South West
1904,Department for Education,Department for Education,Operations and Infrastructure Group,DFE-2536,Senior Executive Officer - National,42806,47047,Senior Executive Officer - Commercial Specialist - Schools SEO-North East,1.0,Other,North East
1905,Department for Education,Department for Education,T - Level Policy,DFE-2542,Senior Executive Officer - National,42806,47047,Senior Executive Officer - Technical Education Reform Operations SEO-Yorkshire and The Humber,1.0,Other,Yorkshire and The Humber
1906,Department for Education,Department for Education,"Education Estates Design, Engineering, Cost and Building Technology",DFE-2208,Senior Executive Officer - National,42806,47047,"Senior Executive Officer - Education Estates Design, Engineering, Cost and Building Technology Grade 7-Yorkshire and The Humber",1.0,Other,Yorkshire and The Humber
1907,Department for Education,Department for Education,Skills Journey,DFE-2306,Senior Executive Officer - National,42806,47047,Senior Executive Officer - Skills Journey Directorate Business Support SEO-West Midlands,1.0,Other,West Midlands
1908,Department for Education,Department for Education,Counter Extremism and Non-School Education,DFE-2398,Senior Executive Officer - National,42806,47047,Senior Executive Officer - Counter Extremism and Non-School Education SEO (Position Vacate:09/10/2025)-South West,1.0,Other,South West
1909,Department for Education,Department for Education,Schools Digital,DFE-2504,Grade 6 - National,70854,78241,Manager - Schools Digital Grade 6-West Midlands,2.0,Other,West Midlands
1910,Department for Education,Department for Education,Curriculum & Assessment Review,DFE-2641,Senior Executive Officer - National,42806,47047,Senior Executive Officer - Curriculum & Assessment Review SEO-North West,1.0,Other,North West
1911,Department for Education,Department for Education,Teaching Workforce Teaching Analysis,DFE-2183,SEO (Statistical Officer) - National,48999,53884,Senior Executive Officer - Teaching Workforce Teaching Analysis SEO-North West,3.8,Other,North West
1912,Department for Education,Department for Education,Families Analysis,DFE-2152,HEO (Higher Scientific Officer) - National,40044,42778,Higher Executive Officer - Families Analysis HEO-Yorkshire and The Humber,2.0,Other,Yorkshire and The Humber
1913,Department for Education,Department for Education,Technology Operations,DFE-2461,EO - National,31479,31479,Executive Officer - Data Protection Office EO-Yorkshire and The Humber,3.0,Other,Yorkshire and The Humber
1914,Department for Education,Department for Education,Skills Journey,DFE-2306,Senior Executive Officer - National,42806,47047,Senior Executive Officer - Skills Journey Directorate Business Support SEO-South West,0.81,Other,South West
1915,Department for Education,Department for Education,"Admissions, School Organisation, Transport",DFE-2346,HEO - London,40132,42699,"Higher Executive Officer - Admissions, School Organisation, Transport HEO-London",3.0,Other,London
1916,Department for Education,Department for Education,Education Estates Portfolio Oversight and Directorate Support,DFE-2648,EO - National,31479,31479,Executive Officer - Education Estates Portfolio Oversight and Directorate Support EO-West Midlands,1.36,Other,West Midlands
1917,Department for Education,Department for Education,"Breakfast Clubs, Wraparound Childcare and HAF",DFE-2544,Senior Executive Officer - London,46971,51973,"Senior Executive Officer - Wraparound, HAF and Breakfast Clubs SEO-London",1.0,Other,London
1918,Department for Education,Department for Education,Higher Education Quality and Regulation,DFE-2649,Grade 6 - National,70854,78241,Manager - Higher Education Quality and Regulation Grade 6-Yorkshire and The Humber,1.0,Other,Yorkshire and The Humber
1919,Department for Education,Department for Education,High Quality Curriculum,DFE-2324,Senior Executive Officer - National,42806,47047,Senior Executive Officer - High Quality Curriculum SEO-North West,3.0,Other,North West
1920,Department for Education,Department for Education,Curriculum & Assessment Review,DFE-2641,Senior Executive Officer - National,42806,47047,Senior Executive Officer - Curriculum & Assessment Review SEO-Yorkshire and The Humber,1.0,Other,Yorkshire and The Humber
1921,Department for Education,Department for Education,Higher Education Strategy and Portfolio,DFE-2239,Senior Executive Officer - London,46971,51973,Senior Executive Officer - Higher Education Strategy and Portfolio SEO-London,1.0,Other,London
1922,Department for Education,Department for Education,Cyber and Information Security (CISO),DFE-2485,HEO - National,36000,38229,Higher Executive Officer - Cyber and Information Security (CISO) HEO-Yorkshire and The Humber,3.9,Other,Yorkshire and The Humber
1923,Department for Education,Department for Education,Attendance,DFE-2533,Grade 7 - National,58185,67219,Manager - Attendance Grade 7-West Midlands,1.0,Other,West Midlands
1924,Department for Education,Skills England,Reform and Development,DFE-2689,Grade 7 - London,62336,72057,Manager - Development and Innovation Grade 7-London,8.0,Other,London
1925,Department for Education,Department for Education,The Apprenticeships Service (DDAT)​,DFE-2486,Grade 6 - National,70854,78241,Manager - Digital Outcome Portfolio NCS Grade 6-West Midlands,1.0,Other,West Midlands
1926,Department for Education,Department for Education,Student Funding Policy​,DFE-2516,Grade 6 - National,70854,78241,Manager - Student Funding Policy​ Grade 6-North West,1.0,Other,North West
1927,Department for Education,Department for Education,Central Analysis Unit,DFE-2238,Grade 7 - London,62336,72057,Manager - Central Analysis Unit Grade 7-London,3.8,Other,London
1928,Department for Education,Skills England,Analysis and Insights,DFE-2434,SEO (Senior Economic Assistant) - National,48999,53884,Senior Executive Officer - Analysis and Insight SEO-West Midlands,1.0,Other,West Midlands
1929,Department for Education,Department for Education,"Early Years Quality, Recovery and Welfare",DFE-2240,Grade 7 - National,58185,67219,"Manager - Early Years Quality, Recovery and Welfare Grade 7-Yorkshire and The Humber",1.0,Other,Yorkshire and The Humber
1930,Department for Education,Department for Education,Schools and Funding Analysis,DFE-2567,EO - National,31479,31479,Executive Officer - Schools and Funding Analysis EO-South West,1.0,Other,South West
1931,Department for Education,Department for Education,CSC Regional Cooperatives and Fostering,DFE-2443,Senior Executive Officer - London,46971,51973,Senior Executive Officer - CSC Regional Cooperatives and Fostering Grade 7-London,2.0,Other,London
1932,Department for Education,Department for Education,Childcare Reform Delivery & Directorate Support,DFE-2576,Grade 7 - National,58185,67219,Manager - Childcare Reform Delivery & Directorate Support Grade 7-South West,1.0,Other,South West
1933,Department for Education,Department for Education,Central Analysis Unit,DFE-2238,SEO (Senior Economic Assistant) - National,48999,53884,Senior Executive Officer - Central Analysis Unit SEO-North West,2.0,Other,North West
1934,Department for Education,Department for Education,Higher Education Strategy and Portfolio,DFE-2239,Grade 6 - National,70854,78241,Manager - Higher Education Strategy and Portfolio Grade 6-Yorkshire and The Humber,1.0,Other,Yorkshire and The Humber
1935,Department for Education,Department for Education,Teachers' Pension Scheme,DFE-2675,Senior Executive Officer - National,42806,47047,Senior Executive Officer - Teachers' Pension Scheme SEO-Yorkshire and The Humber,3.89,Other,Yorkshire and The Humber
1936,Department for Education,Standard and Testing Agency,STA Assessment DDaT,DFE-2607,Senior Executive Officer - National,42806,47047,Senior Executive Officer - STA Assessment DDaT SEO (Position Vacate:07/10/2025)-Yorkshire and The Humber,1.0,Other,Yorkshire and The Humber
1937,Department for Education,Department for Education,Stakeholder Engagement,DFE-2349,Grade 7 - National,58185,67219,Manager - Stakeholder Engagement Grade 7-Yorkshire and The Humber,1.0,Other,Yorkshire and The Humber
1938,Department for Education,Department for Education,Regions Group: South East,DFE-2439,EO - London,35438,35438,Executive Officer - Regions Group: South East EO-East Midlands,1.0,Other,East Midlands
1939,Department for Education,Department for Education,"Behaviour, Exclusions and School Food",DFE-2662,Grade 7 - National,58185,67219,"Manager - Behaviour, Exclusions and School Food Grade 7-Yorkshire and The Humber",1.59,Other,Yorkshire and The Humber
1940,Department for Education,Department for Education,CSC Strategy and System,DFE-2401,Senior Executive Officer - London,46971,51973,Senior Executive Officer - CSC Strategy and System SEO-London,4.0,Other,London
1941,Department for Education,Department for Education,Family Support,DFE-2305,Grade 7 - National,58185,67219,Manager - Family Support Grade 7-South West,2.81,Other,South West
1942,Department for Education,Department for Education,Get Into Teaching,DFE-2677,HEO (Information Officer) - London,44424,47250,Higher Executive Officer - Get Into Teaching HEO-London,4.0,Other,London
1943,Department for Education,Department for Education,Sector Reporting,DFE-2185,SEO (Accountant) - National,49615,54551,Senior Executive Officer - Sector Reporting SEO-Yorkshire and The Humber,4.32,Other,Yorkshire and The Humber
1944,Department for Education,Department for Education,"CSC Adoption, Family Justice and Alternatives to Care",DFE-2638,Grade 7 - National,58185,67219,"Manager - CSC Adoption, Family Justice and Alternatives to Care Grade 7-Yorkshire and The Humber",2.25,Other,Yorkshire and The Humber
1945,Department for Education,Department for Education,International Strategy & Partnerships,DFE-2432,Grade 7 - National,58185,67219,Manager - International Strategy & Partnerships Grade 7-South West,1.0,Other,South West
1946,Department for Education,Department for Education,"HR Business Partners, Workforce Skills and Strategy",DFE-2681,HEO - National,36000,38229,"Higher Executive Officer - HR Business Partners, Workforce Skills and Strategy HEO-West Midlands",3.0,Other,West Midlands
1947,Department for Education,Department for Education,Life Skills,DFE-2456,HEO - National,36000,38229,Higher Executive Officer - Life Skills HEO-North West,2.0,Other,North West
1948,Department for Education,Department for Education,Operational Excellence,DFE-2292,Grade 7 - National,58185,67219,Manager - Operational Excellence Grade 7-Yorkshire and The Humber,2.0,Other,Yorkshire and The Humber
1949,Department for Education,Teaching Regulation Agency,Teaching Regulation Agency,DFE-2215,Senior Executive Officer - National,42806,47047,Senior Executive Officer - Teaching Regulation Agency SEO-East Midlands,1.11,Other,East Midlands
1950,Department for Education,Department for Education,Ministerial and Public Communications Division,DFE-2249,SEO (Information Officer) - National,48999,53884,Senior Executive Officer - Ministerial and Public Communications Division SEO-East Midlands,1.81,Other,East Midlands
1951,Department for Education,Department for Education,Get Into Teaching,DFE-2677,SEO (Information Officer) - National,48999,53884,Senior Executive Officer - Get Into Teaching SEO-East Midlands,2.59,Other,East Midlands
1952,Department for Education,Department for Education,Operations and Infrastructure Group,DFE-2536,Grade 6 - National,70854,78241,Manager - Schools Commercial Strategy Grade 6-East Midlands,1.0,Other,East Midlands
1953,Department for Education,Department for Education,"HR Organisation Design, Development & Engagement",DFE-2407,Senior Executive Officer - National,42806,47047,"Senior Executive Officer - HR Organisation Design, Development & Engagement SEO-East Midlands",1.0,Other,East Midlands
1954,Department for Education,Department for Education,"CSC Outcomes, Care Leavers and Capital",DFE-2347,Grade 7 - National,58185,67219,"Manager - CSC Outcomes, Care Leavers and Capital Grade 7-East Midlands",1.0,Other,East Midlands
1955,Department for Education,Department for Education,Teacher Training and Recruitment,DFE-2541,Grade 6 - National,70854,78241,Manager - Teacher Training and Recruitment Grade 6-East Midlands,1.0,Other,East Midlands
1956,Department for Education,Department for Education,Curriculum & Assessment Review,DFE-2641,Grade 6 - National,70854,78241,Manager - Curriculum & Assessment Review Grade 6-East Midlands,0.72,Other,East Midlands
1957,Department for Education,Department for Education,Get Into Teaching,DFE-2677,Grade 7 - National,58185,67219,Manager - Get Into Teaching Grade 7-East Midlands,2.0,Other,East Midlands
1958,Department for Education,Department for Education,Schools Digital,DFE-2504,Senior Executive Officer - National,42806,47047,Senior Executive Officer - Schools Digital SEO-East Midlands,2.62,Other,East Midlands
1959,Department for Education,Department for Education,Schools Regulation and Quality,DFE-2212,EO - National,31479,31479,Executive Officer - Schools Regulation and Quality EO-East Midlands,0.75,Other,East Midlands
1960,Department for Education,Department for Education,"CSC Social Worker Training, Development and Leadership",DFE-2558,Grade 6 - National,70854,78241,"Manager - CSC Social Worker Training, Development and Leadership Grade 6-East Midlands",2.0,Other,East Midlands
1961,Department for Education,Department for Education,Supporting and Rewarding Teachers and Leaders,DFE-2637,Grade 6 - National,70854,78241,Manager - Supporting and Rewarding Teachers and Leaders Grade 6-East Midlands,1.0,Other,East Midlands
1962,Department for Education,Department for Education,"Early Years Quality, Recovery and Welfare",DFE-2240,Grade 7 - National,58185,67219,"Manager - Early Years Quality, Recovery and Welfare Grade 7-East Midlands",2.91,Other,East Midlands
1963,Department for Education,Department for Education,Local Accountability and Improvement,DFE-2383,Grade 7 - National,58185,67219,Manager - Local Accountability and Improvement Grade 7-East Midlands,1.8,Other,East Midlands
1964,Department for Education,Department for Education,"English, Maths, Music & Arts",DFE-2418,Senior Executive Officer - National,42806,47047,"Senior Executive Officer - English, Maths, Music & Arts SEO-North East",1.0,Other,North East
1965,Department for Education,Department for Education,Advanced Analytics Division,DFE-2557,HEO - National,36000,38229,Higher Executive Officer - Advanced Analytics HEO-East Midlands,2.0,Other,East Midlands
1966,Department for Education,Department for Education,Early Years Markets and Strategy,DFE-2644,Grade 7 - National,58185,67219,Manager - Early Years Markets and Strategy Grade 7-East Midlands,1.0,Other,East Midlands
1967,Department for Education,Department for Education,Higher Education Quality and Regulation,DFE-2649,Grade 7 - National,58185,67219,Manager - Higher Education Quality and Regulation Grade 7 (Overlap)-East Midlands,1.0,Other,East Midlands
1968,Department for Education,Department for Education,"Estates, Security and People",DFE-2025,Senior Executive Officer - National,42806,47047,"Senior Executive Officer - Estates, Security and People SEO-West Midlands",3.0,Other,West Midlands
1969,Department for Education,Department for Education,Ministerial and Public Communications Division,DFE-2249,SEO (Information Officer) - National,48999,53884,Senior Executive Officer - Senior Digital Communications Manager SIO-East Midlands,0.72,Other,East Midlands
1970,Department for Education,Department for Education,"CSC Social Worker Training, Development and Leadership",DFE-2558,HEO - National,36000,38229,"Higher Executive Officer - CSC Social Worker Training, Development and Leadership HEO-East Midlands",0.68,Other,East Midlands
1971,Department for Education,Department for Education,"Estates, Security and People",DFE-2025,Grade 7 - National,58185,67219,"Manager - Estates, Security and People Grade 7-North East",2.0,Other,North East
1972,Department for Education,Department for Education,Developing Teachers and Leaders,DFE-2670,Senior Executive Officer - National,42806,47047,Senior Executive Officer - Developing Teachers and Leaders Grade 7-East Midlands,0.81,Other,East Midlands
1973,Department for Education,Standard and Testing Agency,"Standards, Testing and Regulation Directorate",DFE-2135,Grade 7 - National,58185,67219,Manager - Assessment Operations and Services Grade 7-East Midlands,1.0,Other,East Midlands
1974,Department for Education,Department for Education,Education Estates Data Collection and Analysis,DFE-2627,Senior Executive Officer - National,42806,47047,Senior Executive Officer - Education Estates Data Collection and Analysis Grade 7-East Midlands,1.0,Other,East Midlands
1975,Department for Education,Teaching Regulation Agency,Teaching Regulation Agency,DFE-2215,Grade 7 - National,58185,67219,Manager - Teaching Regulation Agency Grade 7-East Midlands,1.0,Other,East Midlands
1976,Department for Education,Department for Education,DfE Covid-19 Inquiry Response,DFE-2369,Senior Executive Officer - National,42806,47047,Senior Executive Officer - DfE Covid-19 Inquiry Response SEO-East Midlands,0.8,Other,East Midlands
1977,Department for Education,Department for Education,Infrastructure & Platforms,DFE-2281,HEO - National,36000,38229,Higher Executive Officer - Infrastructure & Platforms HEO-East Midlands,2.0,Other,East Midlands
1978,Department for Education,Department for Education,SFSO Operational Delivery - North,DFE-2084,Grade 7 - National,58185,67219,Manager - SFSO Operational Delivery - North Grade 7-East Midlands,3.0,Other,East Midlands
1979,Department for Education,Department for Education,Teachers' Pension Scheme,DFE-2675,HEO - National,36000,38229,Higher Executive Officer - Teachers' Pension Scheme HEO-East Midlands,1.0,Other,East Midlands
1980,Department for Education,Department for Education,CSC Child Protection and Safeguarding,DFE-2337,Grade 7 - National,58185,67219,Manager - CSC Child Protection and Safeguarding Grade 7-East Midlands,1.0,Other,East Midlands
1981,Department for Education,Department for Education,Supporting and Rewarding Teachers and Leaders,DFE-2637,EO - National,31479,31479,Executive Officer - Supporting and Rewarding Teachers and Leaders EO-East Midlands,1.0,Other,East Midlands
1982,Department for Education,Department for Education,Work Based Skills Operational Delivery,DFE-2619,Senior Executive Officer - National,42806,47047,Senior Executive Officer - Work Based Skills Operational Delivery SEO-East Midlands,3.8,Other,East Midlands
1983,Department for Education,Department for Education,Commercial Operations,DFE-2355,Grade 7 - National,58185,67219,Manager - Commercial Operations Grade 7-East Midlands,1.0,Other,East Midlands
1984,Department for Education,Department for Education,Infrastructure & Platforms,DFE-2281,Senior Executive Officer - National,42806,47047,Senior Executive Officer - Infrastructure & Platforms SEO-East Midlands,2.0,Other,East Midlands
1985,Department for Education,Department for Education,Curriculum & Assessment Review,DFE-2641,Grade 7 - National,58185,67219,Manager - Curriculum & Assessment Review Grade 7-East Midlands,1.86,Other,East Midlands
1986,Department for Education,Department for Education,Improvement and Insight,DFE-2223,Grade 7 - National,58185,67219,Manager - Improvement and Insight Grade 7-East Midlands,1.0,Other,East Midlands
1987,Department for Education,Department for Education,Developing Teachers and Leaders,DFE-2670,EO - National,31479,31479,Executive Officer - Developing Teachers and Leaders EO-East Midlands,0.81,Other,East Midlands
1988,Department for Education,Department for Education,"Education Estates Design, Engineering, Cost and Building Technology",DFE-2208,Grade 7 - National,58185,67219,"Manager - Education Estates Design, Engineering, Cost and Building Technology Grade 7-East Midlands",1.0,Other,East Midlands
1989,Department for Education,Department for Education,Internal Comms and GCS Change,DFE-2368,SEO (Information Officer) - National,48999,53884,Senior Executive Officer - Internal Comms and GCS Change SEO-East Midlands,1.0,Other,East Midlands
1990,Department for Education,Department for Education,"CSC Social Worker Training, Development and Leadership",DFE-2558,Grade 7 - National,58185,67219,"Manager - CSC Social Worker Training, Development and Leadership Grade 7-East Midlands",2.0,Other,East Midlands
1991,Department for Education,Department for Education,Childcare Reform Delivery & Directorate Support,DFE-2576,Grade 7 - National,58185,67219,Manager - Childcare Reform Delivery & Directorate Support Grade 7-North West,2.0,Other,North West
1992,Department for Education,Department for Education,Teaching Workforce Teaching Analysis,DFE-2183,SEO (Senior Research Officer) - National,48999,53884,Senior Executive Officer - Teaching Workforce Teaching Analysis SEO-East Midlands,1.0,Other,East Midlands
1993,Department for Education,Department for Education,Childcare Reform Delivery & Directorate Support,DFE-2576,HEO - National,36000,38229,Higher Executive Officer - Childcare Reform Delivery & Directorate Support HEO-East Midlands,1.0,Other,East Midlands
1994,Department for Education,Department for Education,Operational Excellence,DFE-2292,Senior Executive Officer - National,42806,47047,Senior Executive Officer - Operational Excellence SEO-East Midlands,2.91,Other,East Midlands
1995,Department for Education,Department for Education,Counter Fraud  and Prevention,DFE-2290,Grade 7 - National,58185,67219,Manager - Counter Fraud and Prevention Grade 7-East Midlands,1.0,Other,East Midlands
1996,Department for Education,Department for Education,Digital Delivery - Vulnerable Families & Children,DFE-2503,Grade 7 - National,58185,67219,Manager - Digital Delivery - Vulnerable Families & Children Grade 7-East Midlands,0.91,Other,East Midlands
1997,Department for Education,Department for Education,The Apprenticeships Service (DDAT)​,DFE-2486,Grade 6 - National,70854,78241,Manager - The Apprenticeships Service (DDAT)​ Grade 6-East Midlands,1.0,Other,East Midlands
1998,Department for Education,Department for Education,"Breakfast Clubs, Wraparound Childcare and HAF",DFE-2544,HEO - National,36000,38229,"Higher Executive Officer - Breakfast Clubs, Wraparound Childcare and HAF HEO-East Midlands",0.64,Other,East Midlands
1999,Department for Education,Department for Education,International Placements,DFE-2491,Grade 7 - National,58185,67219,Manager - Strategy Group - DG Office Grade 7-East Midlands,1.0,Other,East Midlands
2000,Department for Education,Department for Education,SFSO Operational Delivery - North,DFE-2084,Grade 7 - National,58185,67219,Manager - SFSO Operational Delivery - North Grade 7-East Of England,1.0,Other,East Of England
2001,Department for Education,Department for Education,Customer Success & Shared Service Operations,DFE-2334,EA - National,27244,27244,Executive Assistant - Customer Success & Shared Service Operations EA-North West,0.54,Other,North West
2002,Department for Education,Department for Education,"FE Support, Improvement and Provider Engagement",DFE-2394,HEO - National,36000,38229,"Higher Executive Officer - FE Support, Improvement and Provider Engagement HEO-North East",3.0,Other,North East
2003,Department for Education,Department for Education,Education Estates Data Collection and Analysis,DFE-2627,Grade 7 - National,58185,67219,Manager - Education Estates Data Collection and Analysis Grade 7-North East,1.0,Other,North East
2004,Department for Education,Department for Education,Independent Market Oversight,DFE-2507,EO - National,31479,31479,Executive Officer - Independent Market Oversight EO-North East,1.0,Other,North East
2005,Department for Education,Department for Education,Construction Delivery North West and West Midlands,DFE-2646,Grade 6 - National,70854,78241,"Manager - Free Schools, FE and Skills Grade 6-Unknown",0.64,Other,Unknown
2006,Department for Education,Department for Education,Operational Excellence,DFE-2292,Senior Executive Officer - National,42806,47047,Senior Executive Officer - Operational Excellence SEO-East Of England,1.0,Other,East Of England
2007,Department for Education,Department for Education,Assurance,DFE-2192,Grade 7 - National,58185,67219,Manager - Assurance Grade 7-Yorkshire and The Humber,1.0,Other,Yorkshire and The Humber
2008,Department for Education,Department for Education,"Financial Business Partnering: Schools, Families, Regions and Hub",DFE-2151,Grade 7 - National,58185,67219,Manager - ESFA Finance Grade 7-Yorkshire and The Humber,1.0,Other,Yorkshire and The Humber
2009,Department for Education,Department for Education,Enterprise Data for Insight,DFE-2392,Grade 6 - National,70854,78241,Manager - Enterprise Data for Insight Grade 6-West Midlands,1.75,Other,West Midlands
2010,Department for Education,Department for Education,SFSO Operational Delivery - North,DFE-2084,Grade 6 - National,70854,78241,Manager - SFSO Operational Delivery - North Grade 6-North West,1.0,Other,North West
2011,Department for Education,Department for Education,SFSO Central Division,DFE-2202,Grade 6 - National,70854,78241,Manager - SFSO Central Division Grade 6-West Midlands,2.0,Other,West Midlands
2012,Department for Education,Department for Education,Education Estates Strategy and Policy Unit,DFE-2072,Grade 7 - National,58185,67219,"Manager - Construction Delivery North East, Yorkshire Humber and East Midlands Grade 7-North West",1.0,Other,North West
2013,Department for Education,Department for Education,Customer Success & Shared Service Operations,DFE-2334,HEO - London,40132,42699,Higher Executive Officer - Customer Success & Shared Service Operations HEO-London,0.66,Other,London
2014,Department for Education,Department for Education,Operational Excellence,DFE-2292,Grade 6 - National,70854,78241,Manager - Operational Excellence Grade 6-Yorkshire and The Humber,1.0,Other,Yorkshire and The Humber
2015,Department for Education,Department for Education,Funding Policy Implementation,DFE-2609,G7 (Accountant) - National,58437,67219,Manager - Funding Policy Implementation Grade 7-Yorkshire and The Humber,2.0,Other,Yorkshire and The Humber
2016,Department for Education,Department for Education,Digital Delivery - Funding Services,DFE-2610,Grade 7 - London,62336,72057,Manager - Digital Delivery - Funding Services Grade 7-London,4.0,Other,London
2017,Department for Education,Department for Education,Independent Market Oversight,DFE-2507,Grade 7 - National,58185,67219,Manager - North Place Based Team & ESF Grade 7-West Midlands,1.0,Other,West Midlands
2018,Department for Education,Department for Education,Funding Policy Implementation,DFE-2609,Grade 6 - National,70854,78241,Manager - Funding Policy Implementation Grade 6-East Of England,1.0,Other,East Of England
2019,Department for Education,Department for Education,Data Science (ESFA),DFE-2601,Grade 6 - National,70854,78241,Manager - Data Science (ESFA) Grade 6-East Of England,1.0,Other,East Of England
2020,Department for Education,Department for Education,Customer Success & Shared Service Operations,DFE-2334,Grade 6 - National,70854,78241,Manager - Customer Success & Shared Service Operations Grade 6-West Midlands,2.0,Other,West Midlands
2021,Department for Education,Department for Education,Education Estates Strategy and Policy Unit,DFE-2072,Grade 7 - National,58185,67219,Manager - Education Estates Strategy and Policy Unit Grade 7-Yorkshire and The Humber,1.0,Other,Yorkshire and The Humber
2022,Department for Education,Department for Education,Regions Group: National,DFE-2577,Grade 6 - National,70854,78241,Manager - Regions Group: National Grade 6-West Midlands,1.0,Other,West Midlands
2023,Department for Education,Department for Education,Sustainability and Strategic Projects,DFE-2311,Grade 7 - London,62336,72057,Manager - Disadvantage and Strategic Policy Grade 7-London,2.91,Other,London
2024,Department for Education,Department for Education,Data Science (ESFA),DFE-2601,Senior Executive Officer - National,42806,47047,Senior Executive Officer - Data Science (ESFA) SEO-North West,0.87,Other,North West
2025,Department for Education,Department for Education,Digital Delivery - Funding Services,DFE-2610,Grade 6 - London,74528,82869,Manager - Digital Delivery - Funding Services Grade 6-London,1.0,Other,London
2026,Department for Education,Department for Education,"Construction Programme Management, Planning and Assurance",DFE-2623,HEO - National,36000,38229,"Higher Executive Officer - Construction Programme Management, Planning and Assurance HEO-Yorkshire and The Humber",3.59,Other,Yorkshire and The Humber
2027,Department for Education,Department for Education,Assurance,DFE-2192,Senior Executive Officer - National,42806,47047,Senior Executive Officer - Assurance SEO (Position Vacate:10/10/2025)-North West,0.5,Other,North West
2028,Department for Education,Department for Education,Regions Group: East Midlands,DFE-2022,Senior Executive Officer - National,42806,47047,Senior Executive Officer - Regions Group: East Midlands SEO-West Midlands,2.0,Other,West Midlands
2029,Department for Education,Department for Education,Data Science (ESFA),DFE-2601,Grade 7 - London,62336,72057,Manager - Data Science (ESFA) Grade 7-London,2.0,Other,London
2030,Department for Education,Department for Education,Digital Delivery - Schools,DFE-2664,Grade 6 - London,74528,82869,Manager - Digital Delivery - Schools Grade 6-London,1.0,Other,London
2031,Department for Education,Department for Education,"FE Support, Improvement and Provider Engagement",DFE-2394,Grade 6 - National,70854,78241,"Manager - FE Support, Improvement and Provider Engagement Grade 6-Yorkshire and The Humber",1.0,Other,Yorkshire and The Humber
2032,Department for Education,Department for Education,Funding Policy Implementation,DFE-2609,Grade 7 - London,62336,72057,Manager - Funding Policy Implementation Grade 7-London,1.0,Other,London
2033,Department for Education,Department for Education,Central Analysis Unit,DFE-2238,SEO (Accountant) - National,49615,54551,Senior Executive Officer - Central Analysis Unit SEO-Yorkshire and The Humber,4.9,Other,Yorkshire and The Humber
2034,Department for Education,Department for Education,Work Based Skills Operations and Performance,DFE-2423,Grade 6 - National,70854,78241,Manager - Work Based Skills Operations and Performance Grade 6-North West,1.0,Other,North West
2035,Department for Education,Department for Education,Technical Education & Qualification Reforms,DFE-2093,Grade 6 - National,70854,78241,Manager - Technical Education & Qualification Reforms​ Grade 6-West Midlands,1.0,Other,West Midlands
2036,Department for Education,Department for Education,FE Provider Infrastructure,DFE-2387,Grade 6 - National,70854,78241,Manager - FE Provider Infrastructure​ Grade 6-West Midlands,0.6,Other,West Midlands
2037,Department for Education,Department for Education,"FE Support, Improvement and Provider Engagement",DFE-2394,HEO - National,36000,38229,"Higher Executive Officer - FE Support, Improvement and Provider Engagement HEO-Yorkshire and The Humber",1.81,Other,Yorkshire and The Humber
2038,Department for Education,Department for Education,Customer Success & Shared Service Operations,DFE-2334,HEO - National,36000,38229,Higher Executive Officer - Customer Success & Shared Service Operations HEO-North West,0.81,Other,North West
2039,Department for Education,Department for Education,"Education Estates Legal, Land and Planning",DFE-2207,Grade 7 - National,58185,67219,"Manager - Education Estates Legal, Land and Planning Grade 7-East Midlands",1.0,Other,East Midlands
2040,Department for Education,Department for Education,Operations and Infrastructure Group,DFE-2536,SEO (Accountant) - National,49615,54551,Senior Executive Officer - Commercial Specialist - Skills SEO-West Midlands,3.21,Other,West Midlands
2041,Department for Education,Department for Education,DDT Incubator,DFE-2475,Grade 6 - National,70854,78241,Manager - DDT Incubator Grade 6-West Midlands,1.0,Other,West Midlands
2042,Department for Education,Department for Education,Advanced Analytics Division,DFE-2557,Senior Executive Officer - London,46971,51973,Senior Executive Officer - Advanced Analytics SEO-London,1.0,Other,London
2043,Department for Education,Department for Education,Financial Operations,DFE-2200,EO - London,35438,35438,Executive Officer - Financial Operations EO-London,2.0,Other,London
2044,Department for Education,Department for Education,Central & South West Place Based Team,DFE-2508,Grade 7 - National,58185,67219,Manager - Central & South West Place Based Team Grade 7-South West,1.0,Other,South West
2045,Department for Education,Department for Education,"FE Support, Improvement and Provider Engagement",DFE-2394,Grade 6 - National,70854,78241,"Manager - FE Support, Improvement and Provider Engagement Grade 6-West Midlands",1.0,Other,West Midlands
2046,Department for Education,Department for Education,SFSO Central Division,DFE-2202,Grade 7 - National,58185,67219,Manager - SFSO Central Division Gade 7-Unknown,1.0,Other,Unknown
2047,Department for Education,Department for Education,Further Education Funding,DFE-2100,Grade 7 - National,58185,67219,Manager - FE System and Oversight Grade 7-West Midlands,1.0,Other,West Midlands
2048,Department for Education,Department for Education,SFSO Operational Delivery - North,DFE-2084,Senior Executive Officer - National,42806,47047,Senior Executive Officer - SFSO Operational Delivery - North SEO-East Midlands,1.0,Other,East Midlands
2049,Department for Education,Department for Education,Cyber and Information Security (CISO),DFE-2485,Grade 7 - National,58185,67219,Manager - Cyber and Information Security (CISO) Grade 7-West Midlands,1.9,Other,West Midlands
2050,Department for Education,Department for Education,Funding Policy Implementation,DFE-2609,HEO - National,36000,38229,Higher Executive Officer - Funding Policy Implementation HEO-West Midlands,2.22,Other,West Midlands
2051,Department for Education,Department for Education,Technical Education & Qualification Reforms,DFE-2093,Grade 7 - National,58185,67219,Manager - Technical Education & Qualification Reforms​ Grade 6-Yorkshire and The Humber,1.0,Other,Yorkshire and The Humber
2052,Department for Education,Department for Education,Inclusive Mainstream,DFE-2647,Grade 7 - National,58185,67219,Manager - Inclusive Mainstream Grade 7-West Midlands,1.0,Other,West Midlands
2053,Department for Education,Department for Education,"Financial Business Partnering: Schools, Families, Regions and Hub",DFE-2151,Grade 6 - London,74528,82869,"Manager - Financial Business Partnering: Schools, Families, Regions and Hub Grade 6-London",1.0,Other,London
2054,Department for Education,Department for Education,Regions Group: West Midlands,DFE-2406,Senior Executive Officer - National,42806,47047,Senior Executive Officer - Regions Group: West Midlands Grade 7-West Midlands,1.0,Other,West Midlands
2055,Department for Education,Department for Education,"Education Estates Legal, Land and Planning",DFE-2207,Senior Executive Officer - National,42806,47047,"Senior Executive Officer - Education Estates Legal, Land and Planning SEO-North East",1.0,Other,North East
2056,Department for Education,Department for Education,"Construction Delivery North East, Yorkshire Humber and East Midlands",DFE-2603,HEO - National,36000,38229,"Higher Executive Officer - Construction Delivery North East, Yorkshire Humber and East Midlands HEO-North East",1.0,Other,North East
2057,Department for Education,Department for Education,"Capability, Investments, Analysis and Reporting",DFE-2162,Senior Executive Officer - National,42806,47047,"Senior Executive Officer - Capability, Investments, Analysis and Reporting SEO-North East",2.0,Other,North East
2058,Department for Education,Department for Education,Education Estates Data Collection and Analysis,DFE-2627,Grade 6 - National,70854,78241,Manager - Education Estates Data Collection and Analysis Grade 6-South West,1.0,Other,South West
2059,Department for Education,Department for Education,Education Estates Private Finance,DFE-2211,Grade 6 - London,74528,82869,Manager - Education Estates Private Finance Grade 6-London,1.0,Other,London
2060,Department for Education,Department for Education,"Education Estates Legal, Land and Planning",DFE-2207,Grade 7 - London,62336,72057,"Manager - Education Estates Legal, Land and Planning Grade 7-London",1.0,Other,London
2061,Department for Education,Department for Education,Education Estates Portfolio Oversight and Directorate Support,DFE-2648,Grade 7 - London,62336,72057,Manager - Education Estates Portfolio Oversight and Directorate Support Grade 7-London,3.0,Other,London
2062,Department for Education,Department for Education,Private Office,DFE-2698,Grade 6 - London,74528,82869,Manager - Private Office Grade 6-London,3.0,Other,London
2063,Department for Education,Department for Education,Sustainability and Strategic Projects,DFE-2311,Grade 7 - National,58185,67219,Manager - Disadvantage and Strategic Policy Grade 7-Yorkshire and The Humber,1.86,Other,Yorkshire and The Humber
2064,Department for Education,Department for Education,"CSC Outcomes, Care Leavers and Capital",DFE-2347,Grade 7 - National,58185,67219,"Manager - CSC Outcomes, Care Leavers and Capital Grade 7-Yorkshire and The Humber",0.91,Other,Yorkshire and The Humber
2065,Department for Education,Department for Education,CSC Child Protection and Safeguarding,DFE-2337,Grade 6 - National,70854,78241,Manager - CSC Child Protection and Safeguarding Grade 6-Yorkshire and The Humber,2.0,Other,Yorkshire and The Humber
2066,Department for Education,Department for Education,CSC Child Protection and Safeguarding,DFE-2337,Senior Executive Officer - National,42806,47047,Senior Executive Officer - CSC Child Protection and Safeguarding SEO-North East,1.0,Other,North East
2067,Department for Education,Department for Education,CSC Looked After Children Placements,DFE-2582,Grade 6 - National,70854,78241,Manager - CSC Looked After Children Placements Grade 6-North West,1.0,Other,North West
2068,Department for Education,Department for Education,"Admissions, School Organisation, Transport",DFE-2346,HEO - National,36000,38229,"Higher Executive Officer - Admissions, School Organisation, Transport HEO-Yorkshire and The Humber",1.0,Other,Yorkshire and The Humber
2069,Department for Education,Department for Education,Teachers' Pension Scheme,DFE-2675,Grade 7 - London,62336,72057,Manager - Teachers' Pension Scheme Grade 7-London,1.0,Other,London
2070,Department for Education,Department for Education,Strategy and Qualifications,DFE-2341,Grade 6 - National,70854,78241,Manager - Strategy and Qualifications Grade 6-East Midlands,1.0,Other,East Midlands
2071,Department for Education,Department for Education,Digital Strategy,DFE-2694,Senior Executive Officer - National,42806,47047,Senior Executive Officer - Digital Strategy SEO-North East,0.81,Other,North East
2072,Department for Education,Department for Education,CS Policy Profession Unit,DFE-2498,Grade 7 - National,58185,67219,Manager - CS Policy Profession Unit Grade 7-North West,2.0,Other,North West
2073,Department for Education,Department for Education,CSC Regional Cooperatives and Fostering,DFE-2443,Grade 6 - National,70854,78241,Manager - CSC Regional Cooperatives and Fostering Grade 6-North West,1.0,Other,North West
2074,Department for Education,Department for Education,DfE Covid-19 Inquiry Response,DFE-2369,Grade 7 - National,58185,67219,Manager - DfE Covid-19 Inquiry Response Grade 7-North West,3.0,Other,North West
2075,Department for Education,Department for Education,High Quality Curriculum,DFE-2324,HEO - National,36000,38229,Higher Executive Officer - High Quality Curriculum HEO-North West,0.66,Other,North West
2076,Department for Education,Standard and Testing Agency,"Standards, Testing and Regulation Directorate",DFE-2135,Grade 7 - National,58185,67219,Manager - Assessment Operations and Services Grade 7-North West,1.59,Other,North West
2077,Department for Education,Department for Education,Get Into Teaching,DFE-2677,EO - National,31479,31479,Executive Officer - Get Into Teaching EO-North West,1.0,Other,North West
2078,Department for Education,Department for Education,International Placements,DFE-2491,Grade 6 - National,70854,78241,Manager - International Placements Grade 6-North West,1.0,Other,North West
2079,Department for Education,Department for Education,"English, Maths, Music & Arts",DFE-2418,Grade 7 - National,58185,67219,"Manager - English, Maths, Music & Arts Grade 7-North West",1.0,Other,North West
2080,Department for Education,Department for Education,Developing Teachers and Leaders,DFE-2670,EO - National,31479,31479,Executive Officer - Developing Teachers and Leaders EO-North West,1.0,Other,North West
2081,Department for Education,Department for Education,Life Skills,DFE-2456,Grade 7 - National,58185,67219,Manager - Life Skills Grade 7-North West,3.0,Other,North West
2082,Department for Education,Department for Education,"Access, Participation and Applications",DFE-2231,Grade 7 - National,58185,67219,"Manager - Access, Participation and Applications​ Grade 7-North West",1.0,Other,North West
2083,Department for Education,Department for Education,Construction Delivery North West and West Midlands,DFE-2646,Grade 7 - National,58185,67219,Manager - School Rebuilding Grade 7-Unknown,1.0,Other,Unknown
2084,Department for Education,Department for Education,Education Estates Portfolio Oversight and Directorate Support,DFE-2648,Grade 7 - National,58185,67219,Manager - Education Estates Portfolio Oversight and Directorate Support Grade 7-North West,1.0,Other,North West
2085,Department for Education,Department for Education,Education Estates Portfolio Oversight and Directorate Support,DFE-2648,Grade 6 - National,70854,78241,Manager - Education Estates Portfolio Oversight and Directorate Support Grade 6-North West,1.0,Other,North West
2086,Department for Education,Department for Education,Strategic Communications and Campaigns,DFE-2163,HEO - National,36000,38229,Higher Executive Officer - Strategic Communications and Campaigns HEO-North West,2.0,Other,North West
2087,Department for Education,Department for Education,Operations and Infrastructure Group,DFE-2536,Grade 7 - National,58185,67219,Manager - Commercial Specialist - Skills Grade 7-North West,1.0,Other,North West
2088,Department for Education,Department for Education,Major Projects and Risk,DFE-2608,Senior Executive Officer - National,42806,47047,Senior Executive Officer - Major Projects and Risks SEO-North West,2.0,Other,North West
2089,Department for Education,Department for Education,"FE Support, Improvement and Provider Engagement",DFE-2394,Grade 7 - National,58185,67219,"Manager - FE Support, Improvement and Provider Engagement Grade 7-North West",1.0,Other,North West
2090,Department for Education,Department for Education,Higher Education Oversight,DFE-2660,Grade 7 - National,58185,67219,Manager - Lifelong Loan Entitlement Grade 7-North West,0.9,Other,North West
2091,Department for Education,Department for Education,Infrastructure & Platforms,DFE-2281,Grade 6 - National,70854,78241,Manager - Infrastructure & Platforms Grade 6-North West,3.0,Other,North West
2092,Department for Education,Department for Education,Schools Regulation and Quality,DFE-2212,HEO - National,36000,38229,Higher Executive Officer - Schools Regulation and Quality HEO-North West,1.34,Other,North West
2093,Department for Education,Department for Education,HR Services & Specialist Advice,DFE-2001,Grade 7 - National,58185,67219,Manager - HR Services & Specialist Advice Grade 7-East Midlands,2.0,Other,East Midlands
2094,Department for Education,Standard and Testing Agency,"Standards, Testing and Regulation Directorate",DFE-2135,HEO - National,36000,38229,Higher Executive Officer - Assessment Operations and Services HEO-East Midlands,0.75,Other,East Midlands
2095,Department for Education,Department for Education,Financial Reporting,DFE-2454,G7 (Accountant) - National,58437,67219,Manager - Financial Reporting Grade 7-East Midlands,1.0,Other,East Midlands
2096,Department for Education,Department for Education,"Financial Business Partnering: Schools, Families, Regions and Hub",DFE-2151,Grade 7 - National,58185,67219,"Manager - Financial Business Partnering: Schools, Families, Regions and Hub Grade 7-East Midlands",0.6,Other,East Midlands
2097,Department for Education,Department for Education,Teacher Training and Recruitment,DFE-2541,Grade 7 - National,58185,67219,Manager - Teacher Training and Recruitment Grade 7-West Midlands,2.0,Other,West Midlands
2098,Department for Education,Department for Education,Schools Productivity Unit,DFE-2651,HEO - National,36000,38229,Higher Executive Officer - Schools Productivity Unit HEO-West Midlands,2.0,Other,West Midlands
2099,Department for Education,Department for Education,Technology Directorate,DFE-2553,Senior Executive Officer - National,42806,47047,Senior Executive Officer - Technology Directorate Private Office - SEO-West Midlands,1.0,Other,West Midlands
2100,Department for Education,Department for Education,Assurance,DFE-2192,EO - National,31479,31479,Executive Officer - Assurance EO-North West,1.0,Other,North West
2101,Department for Education,Department for Education,Digital Strategy,DFE-2694,Grade 6 - National,70854,78241,Manager - Digital Strategy Grade 6-West Midlands,1.0,Other,West Midlands
2102,Department for Education,Department for Education,Schools Regulation and Quality,DFE-2212,HEO - National,36000,38229,Higher Executive Officer - Schools Regulation and Quality HEO-South West,1.0,Other,South West
2103,Department for Education,Department for Education,"CSC Social Worker Training, Development and Leadership",DFE-2558,HEO - National,36000,38229,"Higher Executive Officer - CSC Social Worker Training, Development and Leadership HEO-Yorkshire and The Humber",3.0,Other,Yorkshire and The Humber
2104,Department for Education,Department for Education,CSC Regional Cooperatives and Fostering,DFE-2443,HEO - National,36000,38229,Higher Executive Officer - CSC Regional Cooperatives and Fostering HEO-Yorkshire and The Humber,0.94,Other,Yorkshire and The Humber
2105,Department for Education,Department for Education,Schools Productivity Unit,DFE-2651,Grade 7 - National,58185,67219,Manager - Schools Productivity Unit Grade 7-East Midlands,1.0,Other,East Midlands
2106,Department for Education,Department for Education,Sustainability and Strategic Projects,DFE-2311,HEO - National,36000,38229,Higher Executive Officer - Sustainability and Strategic Projects HEO-West Midlands,0.52,Other,West Midlands
2107,Department for Education,Department for Education,Inclusive Mainstream,DFE-2647,Grade 7 - London,62336,72057,Manager - Inclusive Mainstream Grade 7-East Midlands,1.0,Other,East Midlands
2108,Department for Education,Department for Education,Counter Extremism and Non-School Education,DFE-2398,Grade 7 - National,58185,67219,Manager - Counter Extremism and Non-School Education Grade 7-North West,1.0,Other,North West
2109,Department for Education,Department for Education,Specialist Restructuring,DFE-2173,HEO (Accountant) - National,44467,47346,Higher Executive Officer - Specialist Restructuring HEO-Yorkshire and The Humber,1.0,Other,Yorkshire and The Humber
2110,Department for Education,Department for Education,"Estates, Security and People",DFE-2025,EO - National,31479,31479,Executive Officer - Central Business Services EO-Yorkshire and The Humber,2.0,Other,Yorkshire and The Humber
2111,Department for Education,Department for Education,"Education Estates Legal, Land and Planning",DFE-2207,EO - London,35438,35438,"Executive Officer - Education Estates Legal, Land and Planning EO-London",1.0,Other,London
2112,Department for Education,Department for Education,Operations and Infrastructure Group,DFE-2536,Grade 7 - National,58185,67219,Manager - Schools Commercial Strategy Grade 7-North West,1.0,Other,North West
2113,Department for Education,Department for Education,"Growth and Skills Levy, Strategy and Engagement",DFE-2642,Grade 7 - National,58185,67219,"Manager - Growth and Skills Levy, Strategy and Engagement Grade 7-East Midlands",1.0,Other,East Midlands
2114,Department for Education,Department for Education,Regions Group: National,DFE-2021,EA - National,27244,27244,Executive Assistant - Regions Group: National EA-North East,1.0,Other,North East
2115,Department for Education,Department for Education,Counter Fraud  and Prevention,DFE-2290,Senior Executive Officer - National,42806,47047,Senior Executive Officer - Counter Fraud and Prevention SEO-North East,3.0,Other,North East
2116,Department for Education,Department for Education,Infrastructure & Platforms,DFE-2281,Senior Executive Officer - National,42806,47047,Senior Executive Officer - Infrastructure & Platforms SEO-North East,1.0,Other,North East
2117,Department for Education,Department for Education,SFSO Operational Delivery - South,DFE-2085,HEO - National,36000,38229,Higher Executive Officer - SFSO Operational Delivery - South HEO-West Midlands,3.0,Other,West Midlands
2118,Department for Education,Department for Education,HR Services & Specialist Advice,DFE-2001,EA - National,27244,27244,Executive Assistant - HR Services & Specialist Advice EA-North East,4.6,Other,North East
2119,Department for Education,Department for Education,"Education Estates Design, Engineering, Cost and Building Technology",DFE-2208,Senior Executive Officer - National,42806,47047,Senior Executive Officer - Technical Standards SEO-North West,1.0,Other,North West
2120,Department for Education,Department for Education,HR Services & Specialist Advice,DFE-2001,EO - National,31479,31479,Executive Officer - HR Services & Specialist Advice EO-North East,5.02,Other,North East
2121,Department for Education,Department for Education,CSC Regional Cooperatives and Fostering,DFE-2443,HEO - London,40132,42699,Higher Executive Officer - CSC Regional Cooperatives and Fostering HEO-London,1.0,Other,London
2122,Department for Education,Department for Education,Central Strategic Finance,DFE-2604,Senior Executive Officer - London,46971,51973,Senior Executive Officer - Central Strategic Finance SEO-London,3.0,Other,London
2123,Department for Education,Department for Education,Technology Operations,DFE-2461,Senior Executive Officer - National,42806,47047,Senior Executive Officer - Technology Operations SEO-North West,3.0,Other,North West
2124,Department for Education,Department for Education,CSC Data and Digital,DFE-2010,HEO - London,40132,42699,Higher Executive Officer - CSC Data and Digital HEO-London,1.58,Other,London
2125,Department for Education,Department for Education,Strategy and Portfolio,DFE-2277,EO - London,35438,35438,Executive Officer - Strategy and Portfolio EO-London,1.0,Other,London
2126,Department for Education,Department for Education,"CSC Adoption, Family Justice and Alternatives to Care",DFE-2638,EA - London,30551,30551,"Executive Assistant - CSC Adoption, Family Justice and Alternatives to Care EA-London",1.0,Other,London
2127,Department for Education,Department for Education,Data Science (ESFA),DFE-2601,Grade 7 - National,58185,67219,Manager - Data Science (ESFA) Grade 7-North East,1.0,Other,North East
2128,Department for Education,Department for Education,Schools Digital,DFE-2504,EO - National,31479,31479,Executive Officer - Schools Digital EO-North East,1.0,Other,North East
2129,Department for Education,Department for Education,FE Provider Infrastructure,DFE-2387,Grade 7 - National,58185,67219,Manager - FE Provider Infrastructure Grade 7-North East,1.0,Other,North East
2130,Department for Education,Department for Education,Attendance,DFE-2533,HEO - National,36000,38229,Higher Executive Officer - Attendance HEO-North East,0.8,Other,North East
2131,Department for Education,Standard and Testing Agency,Assessment Research and Development,DFE-2535,EO - London,35438,35438,Executive Officer - Assessment Research and Development EO-London,2.0,Other,London
2132,Department for Education,Department for Education,"English, Maths, Music & Arts",DFE-2418,HEO - National,36000,38229,"Higher Executive Officer - English, Maths, Music & Arts SEO-North East",1.0,Other,North East
2133,Department for Education,Department for Education,Education Estates Strategy and Policy Unit,DFE-2072,HEO - London,40132,42699,Higher Executive Officer - Education Estates Strategy and Policy Unit HEO-London,0.79,Other,London
2134,Department for Education,Department for Education,"Behaviour, Exclusions and School Food",DFE-2662,Grade 7 - National,58185,67219,"Manager - Behaviour, Exclusions and School Food Grade 7-North East",1.0,Other,North East
2135,Department for Education,Department for Education,"HR Organisation Design, Development & Engagement",DFE-2407,Senior Executive Officer - National,42806,47047,"Senior Executive Officer - HR Organisation Design, Development & Engagement SEO-Yorkshire and The Humber",1.47,Other,Yorkshire and The Humber
2136,Department for Education,Department for Education,Infrastructure & Platforms,DFE-2281,Grade 6 - National,70854,78241,Manager - Infrastructure & Platforms Grade 6-Yorkshire and The Humber,2.0,Other,Yorkshire and The Humber
2137,Department for Education,Department for Education,Developing Teachers and Leaders,DFE-2670,Senior Executive Officer - London,46971,51973,Senior Executive Officer - Developing Teachers and Leaders SEO-London,2.0,Other,London
2138,Department for Education,Department for Education,Regions Group: London,DFE-2204,Grade 6 - London,74528,82869,Manager - Regions Group: London Grade 6-East Midlands,0.82,Other,East Midlands
2139,Department for Education,Department for Education,"FE Support, Improvement and Provider Engagement",DFE-2394,EO - London,35438,35438,"Executive Officer - FE Support, Improvement and Provider Engagement EO-London",2.0,Other,London
2140,Department for Education,Department for Education,Further Education Oversight,DFE-2019,Grade 6 - London,74528,82869,Manager - FE Overight Grade 6-London,0.8,Other,London
2141,Department for Education,Department for Education,"Strategic Analysis, Research, Data, Intelligence & Science (SARDIS)",DFE-2534,HEO - National,36000,38229,Higher Executive Officer - Strategy and Delivery Directorate HEO-Yorkshire and The Humber,0.81,Other,Yorkshire and The Humber
2142,Department for Education,Department for Education,Improvement and Insight,DFE-2223,HEO - National,36000,38229,Higher Executive Officer - Improvement and Insight HEO-Yorkshire and The Humber,1.0,Other,Yorkshire and The Humber
2143,Department for Education,Department for Education,Technology Operations,DFE-2461,EO - London,35438,35438,Executive Officer - Technology Operations EO-London,3.0,Other,London
2144,Department for Education,Department for Education,Technology Operations,DFE-2461,EO - National,31479,31479,Executive Officer - Technology Operations EO-North West,9.0,Other,North West
2145,Department for Education,Department for Education,SEND Strategy,DFE-2571,Senior Executive Officer - National,42806,47047,Senior Executive Officer - SEND Strategy SEO-Yorkshire and The Humber,1.0,Other,Yorkshire and The Humber
2146,Department for Education,Department for Education,Further Education Funding,DFE-2100,Grade 6 - National,70854,78241,Manager - FE Funding Grade 6-West Midlands,0.91,Other,West Midlands
2147,Department for Education,Department for Education,Construction Delivery South East and London,DFE-2222,HEO - London,40132,42699,"Higher Executive Officer - Construction Delivery East England, South West and London SEO-London",1.0,Other,London
2148,Department for Education,Department for Education,Cyber and Information Security (CISO),DFE-2485,Grade 7 - National,58185,67219,Manager - Cyber and Information Security (CISO) Grade 7-North East,4.0,Other,North East
2149,Department for Education,Department for Education,Higher Education Funding Integrity,DFE-2605,Grade 7 - London,62336,72057,Manager - Higher Education Funding Integrity Grade 7-London,1.0,Other,London
2150,Department for Education,Department for Education,CSC Serious Incidents and National Safeguarding Panel,DFE-2299,EA - London,30551,30551,Executive Assistant - CSC Serious Incidents and National Safeguarding Panel EA-London,1.0,Other,London
2151,Department for Education,Department for Education,Operations and Infrastructure Group,DFE-2536,HEO - National,36000,38229,Higher Executive Officer - Commercial School Resource Management (Protected) HEO-North East,1.0,Other,North East
2152,Department for Education,Department for Education,"Financial Business Partnering: Skills, OIG and Strategy",DFE-2652,Grade 7 - London,62336,72057,"Manager - Financial Business Partnering: Skills, OIG and Strategy Grade 7-London",4.0,Other,London
2153,Department for Education,Department for Education,T - Level Delivery ​,DFE-2626,EO - National,31479,31479,Executive Officer - T - Level Delivery ​ EO-Yorkshire and The Humber,1.48,Other,Yorkshire and The Humber
2154,Department for Education,Department for Education,International Evidence and Trade,DFE-2470,Grade 6 - National,70854,78241,Manager - International Evidence and Trade Grade 6-Yorkshire and The Humber,1.0,Other,Yorkshire and The Humber
2155,Department for Education,Department for Education,Education Estates Portfolio Oversight and Directorate Support,DFE-2648,Grade 7 - National,58185,67219,Manager - Education Estates Portfolio Oversight and Directorate Support Grade 7-North East,1.0,Other,North East
2156,Department for Education,Department for Education,Independent Education and School Safeguarding,DFE-2004,Grade 6 - London,74528,82869,Manager - Independent Education and School Safeguarding Grade 6-London,1.0,Other,London
2157,Department for Education,Department for Education,International Strategy & Partnerships,DFE-2432,EO - London,35438,35438,Executive Officer - International Strategy & Partnerships EO-London,1.0,Other,London
2158,Department for Education,Department for Education,Social Justice and Disadvantage,DFE-2519,Grade 6 - London,74528,82869,Manager - Social Justice and Disadvantage Grade 6-London,1.0,Other,London
2159,Department for Education,Department for Education,Inclusive Mainstream,DFE-2647,Grade 6 - National,70854,78241,Manager - Inclusive Mainstream Grade 6-Yorkshire and The Humber,1.0,Other,Yorkshire and The Humber
2160,Department for Education,Department for Education,Operations and Infrastructure Group,DFE-2536,EA - London,30551,30551,Executive Assistant - Commercial Specialist - Skills EA-London,0.58,Other,London
2161,Department for Education,Department for Education,Developing Teachers and Leaders,DFE-2670,HEO - London,40132,42699,Higher Executive Officer - Developing Teachers and Leaders HEO-London,1.0,Other,London
2162,Department for Education,Department for Education,Higher Education Strategy and Portfolio,DFE-2239,EO - London,35438,35438,Executive Officer - Higher Education Strategy and Portfolio EO-London,3.0,Other,London
2163,Department for Education,Department for Education,Regions Group: North East,DFE-2056,Grade 7 - National,58185,67219,Manager - Regions Group: North East Grade 7-Yorkshire and The Humber,0.81,Other,Yorkshire and The Humber
2164,Department for Education,Department for Education,CSC Strategy and Care System,DFE-2671,Grade 7 - National,58185,67219,Manager - CSC Portfolio and Funding Grade 7-North East,1.0,Other,North East
2165,Department for Education,Department for Education,"Early Years Quality, Recovery and Welfare",DFE-2240,HEO - National,36000,38229,"Higher Executive Officer - Early Years Quality, Recovery and Welfare HEO-North East",2.0,Other,North East
2166,Department for Education,Department for Education,Enterprise Data for Access and Sharing,DFE-2658,Grade 6 - National,70854,78241,Manager - Enterprise Data for Access and Sharing 6-North East,1.0,Other,North East
2167,Department for Education,Department for Education,"CSC Social Worker Training, Development and Leadership",DFE-2558,EO - National,31479,31479,"Executive Officer - CSC Social Worker Training, Development and Leadership EO-Yorkshire and The Humber",1.0,Other,Yorkshire and The Humber
2168,Department for Education,Department for Education,Regions Group: National,DFE-2577,Grade 6 - National,70854,78241,Manager - Regions Group: National Grade 6-North East,1.0,Other,North East
2169,Department for Education,Department for Education,Early Years Sufficiency and Entitlements,DFE-2225,Grade 7 - National,58185,67219,Manager - Early Years Sufficiency and Entitlements Grade 7-North East,1.0,Other,North East
2170,Department for Education,Department for Education,Attendance,DFE-2533,HEO - National,36000,38229,Higher Executive Officer - Attendance HEO-West Midlands,1.88,Other,West Midlands
2171,Department for Education,Department for Education,CSC Serious Incidents and National Safeguarding Panel,DFE-2299,Grade 6 - National,70854,78241,Manager - CSC Serious Incidents and National Safeguarding Panel Grade 6-Yorkshire and The Humber,0.6,Other,Yorkshire and The Humber
2172,Department for Education,Department for Education,Regions Group: North West,DFE-2514,Grade 7 - National,58185,67219,Manager - Regions Group: North West Grade 7-North East,2.54,Other,North East
2173,Department for Education,Department for Education,Skills Journey,DFE-2306,EO - London,35438,35438,Executive Officer - Skills Journey Directorate Business Support EO-London,1.0,Other,London
2174,Department for Education,Department for Education,Commercial Operations,DFE-2355,EA - London,30551,30551,Executive Assistant - Commercial Operations EA-London,0.44,Other,London
2175,Department for Education,Department for Education,Skills Strategy and Engagement,DFE-2596,Grade 6 - London,74528,82869,Manager - Skills Strategy and Engagement Grade 6-London,1.0,Other,London
2176,Department for Education,Standard and Testing Agency,Assessment Research and Development,DFE-2535,Grade 7 - National,58185,67219,Manager - Assessment Research and Development Grade 7-Yorkshire and The Humber,1.8,Other,Yorkshire and The Humber
2177,Department for Education,Department for Education,Skills Journey,DFE-2306,HEO - London,40132,42699,Higher Executive Officer - Skills Journey Directorate Business Support HEO-London,1.0,Other,London
2178,Department for Education,Department for Education,Improvement and Insight,DFE-2223,Grade 6 - National,70854,78241,Manager - Improvement and Insight Grade 6-Yorkshire and The Humber,2.0,Other,Yorkshire and The Humber
2179,Department for Education,Department for Education,"Breakfast Clubs, Wraparound Childcare and HAF",DFE-2544,Grade 6 - National,70854,78241,"Manager - Breakfast Clubs, Wraparound Childcare and HAF Grade 6-Yorkshire and The Humber",1.0,Other,Yorkshire and The Humber
2180,Department for Education,Department for Education,Inclusive Mainstream,DFE-2647,Senior Executive Officer - London,46971,51973,Senior Executive Officer - Inclusive Mainstream SEO-London,5.75,Other,London
2181,Department for Education,Department for Education,Skills Strategy and Engagement,DFE-2596,Grade 6 - National,70854,78241,Manager - Shadow Skills England Design & Operations Grade 6-Yorkshire and The Humber,0.86,Other,Yorkshire and The Humber
2182,Department for Education,Department for Education,Schools System Accountability,DFE-2224,Grade 7 - National,58185,67219,Manager - Schools System Accountability Grade 7-South West,1.0,Other,South West
2183,Department for Education,Department for Education,CSC Regional Cooperatives and Fostering,DFE-2443,Senior Executive Officer - London,46971,51973,Senior Executive Officer - CSC Regional Cooperatives and Fostering SEO-London,2.91,Other,London
2184,Department for Education,Department for Education,Independent Education and School Safeguarding,DFE-2004,EO - National,31479,31479,Executive Officer - Independent Education and School Safeguarding HEO-North East,1.0,Other,North East
2185,Department for Education,Department for Education,Digital Delivery - Funding Services,DFE-2610,Grade 7 - National,58185,67219,Manager - Digital Delivery - Schools Grade 7-North East,1.0,Other,North East
2186,Department for Education,Department for Education,Schools Digital,DFE-2504,Senior Executive Officer - National,42806,47047,Senior Executive Officer - Schools Digital SEO-North East,3.0,Other,North East
2187,Department for Education,Department for Education,Counter Fraud  and Prevention,DFE-2290,EO - London,35438,35438,Executive Officer - Counter Fraud and Prevention EO-London,1.0,Other,London
2188,Department for Education,Department for Education,DfE Covid-19 Inquiry Response,DFE-2369,Grade 7 - National,58185,67219,Manager - DfE Covid-19 Inquiry Response Grade 7-North East,1.0,Other,North East
2189,Department for Education,Department for Education,Central Analysis Unit,DFE-2238,SEO (Statistical Officer) - National,48999,53884,Senior Executive Officer - Central Analysis Unit SEO-North East,0.81,Other,North East
2190,Department for Education,Department for Education,"Financial Business Partnering: Schools, Families, Regions and Hub",DFE-2151,Senior Executive Officer - National,42806,47047,"Senior Executive Officer - Financial Business Partnering: Schools, Families, Regions and Hub SEO-Yorkshire and The Humber",1.0,Other,Yorkshire and The Humber
2191,Department for Education,Department for Education,T - Level Policy,DFE-2542,EO - London,35438,35438,Executive Officer - T - Level Delivery ​ EO-London,2.0,Other,London
2192,Department for Education,Department for Education,Family Support,DFE-2305,Grade 6 - National,70854,78241,Manager - Family Support Grade 6-South West,1.7,Other,South West
2193,Department for Education,Department for Education,"Payroll, Reward, Policies and ER",DFE-2527,EO - National,31479,31479,"Executive Officer - Payroll, Reward, Policies and ER EO-West Midlands",4.0,Other,West Midlands
2194,Department for Education,Department for Education,Improvement and Insight,DFE-2223,Senior Executive Officer - National,42806,47047,Senior Executive Officer - Improvement and Insight SEO-North West,2.0,Other,North West
2195,Department for Education,Department for Education,T - Level Policy,DFE-2542,Grade 7 - London,62336,72057,Manager - Technical Education Reform Operations Grade 7-London,1.0,Other,London
2196,Department for Education,Department for Education,Regions Group: North East and National SEND Improvement and Transformation,DFE-2701,Senior Executive Officer - National,42806,47047,Senior Executive Officer - Regions Group: North East and National SEND Improvement and Transformation SEO-West Midlands,1.0,Other,West Midlands
2197,Department for Education,Department for Education,Life Skills,DFE-2456,Senior Executive Officer - National,42806,47047,Senior Executive Officer - Life Skills SEO-North West,1.0,Other,North West
2198,Department for Education,Department for Education,Attainment Delivery,DFE-2666,Grade 6 - London,74528,82869,Manager - Attainment Delivery Grade 6-London,1.0,Other,London
2199,Department for Education,Department for Education,Infrastructure & Platforms,DFE-2281,HEO - National,36000,38229,Higher Executive Officer - Infrastructure & Platforms HEO-North West,4.0,Other,North West
2200,Department for Education,Department for Education,Capital Delivery,DFE-2568,Grade 7 - National,58185,67219,Manager - Commercial Specialist - Schools Grade 7-Unknown,2.0,Other,Unknown
2201,Department for Education,Department for Education,Capital Delivery,DFE-2568,Grade 7 - National,58185,67219,Manager - Commercial Specialist - Schools Grade 7 (Position Vacate:02/11/2025)-Unknown,1.0,Other,Unknown
2202,Department for Education,Department for Education,Early Years Markets and Strategy,DFE-2644,Grade 7 - National,58185,67219,Manager - Early Years Markets and Strategy Grade 7-South West,1.86,Other,South West
2203,Department for Education,Department for Education,HR Services & Specialist Advice,DFE-2001,EO - National,31479,31479,Executive Officer - HR Services & Specialist Advice EO-West Midlands,0.59,Other,West Midlands
2204,Department for Education,Department for Education,Early Years Sufficiency and Entitlements,DFE-2225,Grade 7 - National,58185,67219,Manager - Early Years Sufficiency and Entitlements Grade 7-Yorkshire and The Humber,1.0,Other,Yorkshire and The Humber
2205,Department for Education,Department for Education,Future Student Finance and Funding​,DFE-2665,Senior Executive Officer - National,42806,47047,Senior Executive Officer - Future Student Finance and Funding​ SEO-Yorkshire and The Humber,2.0,Other,Yorkshire and The Humber
2206,Department for Education,Department for Education,"Growth and Skills Levy, Strategy and Engagement",DFE-2642,Senior Executive Officer - National,42806,47047,"Senior Executive Officer - Growth and Skills Levy, Strategy and Engagement SEO-Yorkshire and The Humber",4.0,Other,Yorkshire and The Humber
2207,Department for Education,Department for Education,"CSC Outcomes, Care Leavers and Capital",DFE-2347,EO - National,31479,31479,"Executive Officer - CSC Outcomes, Care Leavers and Capital EO-Yorkshire and The Humber",1.0,Other,Yorkshire and The Humber
2208,Department for Education,Department for Education,Operations and Infrastructure Group,DFE-2536,Senior Executive Officer - National,42806,47047,Senior Executive Officer - Commercial Specialist - Families SEO-West Midlands,1.0,Other,West Midlands
2209,Department for Education,Department for Education,Student Funding Policy​,DFE-2516,Senior Executive Officer - National,42806,47047,Senior Executive Officer - Students Loans Company Sponsorship and LLE Engagement SEO-North West,1.81,Other,North West
2210,Department for Education,Department for Education,Commercial Operations,DFE-2355,EO - National,31479,31479,Executive Officer - Commercial Operations EO-North East,1.0,Other,North East
2211,Department for Education,Department for Education,Technology Operations,DFE-2461,Senior Executive Officer - National,42806,47047,Senior Executive Officer - Technology Operations SEO-Unknown,1.0,Other,Unknown
2212,Department for Education,Department for Education,Get Into Teaching,DFE-2677,HEO (Information Officer) - National,40044,42778,Higher Executive Officer - Get Into Teaching HEO-North West,2.0,Other,North West
2213,Department for Education,Department for Education,Supporting and Rewarding Teachers and Leaders,DFE-2637,HEO - National,36000,38229,Higher Executive Officer - Supporting and Rewarding Teachers and Leaders HEO-North West,4.0,Other,North West
2214,Department for Education,Department for Education,School Based Nursery Expansion,DFE-2640,HEO - London,40132,42699,Higher Executive Officer - School Based Nursery Expansion HEO-London,1.0,Other,London
2215,Department for Education,Department for Education,"Payroll, Reward, Policies and ER",DFE-2527,HEO - National,36000,38229,"Higher Executive Officer - Payroll, Reward, Policies and ER HEO-North East",0.8,Other,North East
2216,Department for Education,Department for Education,Rapid Response Co-ordination,DFE-2382,EO - London,35438,35438,Executive Officer - Rapid Response Co-ordination EO-London,1.0,Other,London
2217,Department for Education,Department for Education,Customer Experience & Design,DFE-2478,Senior Executive Officer - National,42806,47047,Senior Executive Officer - Customer Experience & Design SEO-North West,2.0,Other,North West
2218,Department for Education,Department for Education,"Growth and Skills Levy, Strategy and Engagement",DFE-2642,Grade 6 - London,74528,82869,"Manager - Growth and Skills Levy, Strategy and Engagement Grade 6-London",1.0,Other,London
2219,Department for Education,Department for Education,Strategy Unit,DFE-2618,Grade 6 - National,70854,78241,Manager - Strategy Unit Grade 6-Yorkshire and The Humber,1.0,Other,Yorkshire and The Humber
2220,Department for Education,Department for Education,Schools Digital,DFE-2504,Grade 6 - National,70854,78241,Manager - Schools Digital Grade 6-North West,2.0,Other,North West
2221,Department for Education,Department for Education,Schools Digital,DFE-2504,Senior Executive Officer - National,42806,47047,Senior Executive Officer - Schools Digital SEO-Yorkshire and The Humber,6.86,Other,Yorkshire and The Humber
2222,Department for Education,Department for Education,Digital Delivery - Regions,DFE-2327,Grade 6 - National,70854,78241,Manager - Digital Delivery - Regions Grade 6-North West,2.81,Other,North West
2223,Department for Education,Department for Education,Social Justice and Disadvantage,DFE-2519,Senior Executive Officer - National,42806,47047,Senior Executive Officer - Social Justice and Disadvantage SEO-North East,1.0,Other,North East
2224,Department for Education,Department for Education,Higher Education Strategy and Portfolio,DFE-2239,Grade 7 - National,58185,67219,Manager - Higher Education Strategy and Portfolio Grade 7-East Midlands,2.0,Other,East Midlands
2225,Department for Education,Department for Education,Counter Fraud  and Prevention,DFE-2290,HEO - National,36000,38229,Higher Executive Officer - Counter Fraud and Prevention HEO-South West,0.91,Other,South West
2226,Department for Education,Department for Education,Work Based Skills Operations and Performance,DFE-2423,Grade 7 - National,58185,67219,Manager - Work Based Skills Operations and Performance Grade 7-North West,1.0,Other,North West
2227,Department for Education,Department for Education,Higher Education Quality and Regulation,DFE-2649,Senior Executive Officer - National,42806,47047,Senior Executive Officer - Higher Education Quality and Regulation SEO-West Midlands,1.0,Other,West Midlands
2228,Department for Education,Department for Education,Operations and Infrastructure Group,DFE-2536,HEO - National,36000,38229,Higher Executive Officer - Commercial Specialist - ESFA HEO-North West,1.8,Other,North West
2229,Department for Education,Department for Education,Strategic Communications and Campaigns,DFE-2163,Grade 7 - National,58185,67219,Manager - Strategic Communications and Campaigns Grade 7-West Midlands,1.0,Other,West Midlands
2230,Department for Education,Department for Education,Future Student Finance and Funding​,DFE-2665,Grade 7 - National,58185,67219,Manager - Future Student Finance and Funding​ Grade 7-South West,1.0,Other,South West
2231,Department for Education,Department for Education,Digital Delivery - Funding Services,DFE-2610,HEO - National,36000,38229,Higher Executive Officer - Digital Delivery - Funding Services HEO-West Midlands,1.0,Other,West Midlands
2232,Department for Education,Department for Education,"Financial Business Partnering: Schools, Families, Regions and Hub",DFE-2151,Senior Executive Officer - National,42806,47047,"Senior Executive Officer - Financial Business Partnering: Schools, Families, Regions and Hub SEO-North East",1.0,Other,North East
2233,Department for Education,Department for Education,Independent Market Oversight,DFE-2507,HEO - London,40132,42699,Higher Executive Officer - Independent Market Oversight HEO-London,1.0,Other,London
2234,Department for Education,Department for Education,Stakeholder Engagement,DFE-2349,Grade 7 - London,62336,72057,Manager - Stakeholder Engagement Grade 7-London,4.0,Other,London
2235,Department for Education,Department for Education,Further Education Funding,DFE-2100,HEO - National,36000,38229,Higher Executive Officer - FE System and Oversight HEO-Yorkshire and The Humber,1.0,Other,Yorkshire and The Humber
2236,Department for Education,Department for Education,High Quality Curriculum,DFE-2324,EA - London,30551,30551,Executive Assistant - High Quality Curriculum EA-London,0.8,Other,London
2237,Department for Education,Department for Education,"Estates, Security and People",DFE-2025,EO - National,31479,31479,"Executive Officer - Estates, Security and People EO-North West",1.0,Other,North West
2238,Department for Education,Department for Education,Local Accountability and Improvement,DFE-2383,HEO - National,36000,38229,Higher Executive Officer - Local Accountability and Improvement HEO-East Midlands,0.81,Other,East Midlands
2239,Department for Education,Department for Education,"CSC Adoption, Family Justice and Alternatives to Care",DFE-2638,Senior Executive Officer - National,42806,47047,"Senior Executive Officer - CSC Adoption, Family Justice and Alternatives to Care SEO-North West",1.0,Other,North West
2240,Department for Education,Department for Education,Funding Policy Implementation,DFE-2609,Grade 6 - London,74528,82869,Manager - Funding Policy Implementation Grade 6-London,1.0,Other,London
2241,Department for Education,Department for Education,Improvement and Insight,DFE-2223,Grade 7 - National,58185,67219,Manager - Improvement and Insight Grade 7-Yorkshire and The Humber,1.9,Other,Yorkshire and The Humber
2242,Department for Education,Department for Education,Schools Productivity Unit,DFE-2651,Grade 7 - National,58185,67219,Manager - Schools Productivity Unit Grade 7-West Midlands,1.0,Other,West Midlands
2243,Department for Education,Department for Education,Regions Group: North East and National SEND Improvement and Transformation,DFE-2701,HEO - National,36000,38229,Higher Executive Officer - Regions Group: North East and National SEND Improvement and Transformation HEO-North East,1.0,Other,North East
2244,Department for Education,Skills England,Regions,DFE-2197,HEO - National,36000,38229,Higher Executive Officer - Regions HEO-Yorkshire and The Humber,1.0,Other,Yorkshire and The Humber
2245,Department for Education,Department for Education,International Strategy & Partnerships,DFE-2432,Grade 7 - National,58185,67219,Manager - International Strategy & Partnerships Grade 6-East Midlands,1.0,Other,East Midlands
2246,Department for Education,Department for Education,Future Student Finance and Funding​,DFE-2665,Grade 7 - London,62336,72057,Manager - Future Student Finance and Funding​ Grade 7-London,1.0,Other,London
2247,Department for Education,Department for Education,Digital Delivery - Vulnerable Families & Children,DFE-2503,EO - National,31479,31479,Executive Officer - Digital Delivery - Vulnerable Families & Children EO-North East,0.81,Other,North East
2248,Department for Education,Department for Education,Regions Group: National,DFE-2279,Grade 6 - National,70854,78241,Manager - Regions Group: National Grade 6-North West,1.0,Other,North West
2249,Department for Education,Department for Education,Supporting and Rewarding Teachers and Leaders,DFE-2637,HEO - National,36000,38229,Higher Executive Officer - Supporting and Rewarding Teachers and Leaders HEO-East Midlands,0.89,Other,East Midlands
2250,Department for Education,Department for Education,"Estates, Security and People",DFE-2025,Grade 7 - National,58185,67219,Manager - Private Office Grade 7-North West,1.0,Other,North West
2251,Department for Education,Department for Education,Higher Education Funding Integrity,DFE-2605,Senior Executive Officer - National,42806,47047,Senior Executive Officer - Higher Education Funding Integrity SEO-North East,1.0,Other,North East
2252,Department for Education,Department for Education,Digital Delivery - Vulnerable Families & Children,DFE-2503,Grade 6 - London,74528,82869,Manager - Digital Delivery - Vulnerable Families & Children Grade 6-London,1.0,Other,London
2253,Department for Education,Department for Education,"HR Organisation Design, Development & Engagement",DFE-2407,Senior Executive Officer - National,42806,47047,"Senior Executive Officer - HR Organisation Design, Development & Engagement SEO-West Midlands",1.0,Other,West Midlands
2254,Department for Education,Department for Education,Strategic Communications and Campaigns,DFE-2163,Grade 7 - London,62336,72057,Manager - Strategic Communications and Campaigns Grade 7 (Position Vacate:19/10/2025)-London,1.0,Other,London
2255,Department for Education,Department for Education,"Financial Business Partnering: Schools, Families, Regions and Hub",DFE-2151,Senior Executive Officer - National,42806,47047,"Senior Executive Officer - Financial Business Partnering: Schools, Families, Regions and Hub SEO-North West",2.0,Other,North West
2256,Department for Education,Department for Education,Regions Group: South West,DFE-2365,Grade 6 - National,70854,78241,Manager - Regions Group: South West Grade 6-East Midlands,1.0,Other,East Midlands
2257,Department for Education,Department for Education,Sustainability and Strategic Projects,DFE-2311,Senior Executive Officer - National,42806,47047,Senior Executive Officer - Sustainability and Strategic Projects SEO-North West,2.0,Other,North West
2258,Department for Education,Department for Education,Schools and Funding Analysis,DFE-2567,EO (Statistician Officer) - London,41095,41095,Executive Officer - Schools and Funding Analysis EO-London,2.0,Other,London
2259,Department for Education,Department for Education,Rapid Response Co-ordination,DFE-2382,HEO - London,40132,42699,Higher Executive Officer - Rapid Response Co-ordination HEO-London,1.0,Other,London
2260,Department for Education,Department for Education,Higher Education Analysis,DFE-2632,SEO (Statistical Officer) - National,48999,53884,Senior Executive Officer - HE Analysis SEO-North East,1.6,Other,North East
2261,Department for Education,Department for Education,Infrastructure & Platforms,DFE-2281,EO - National,31479,31479,Executive Officer - Infrastructure & Platforms EO-West Midlands,1.0,Other,West Midlands
2262,Department for Education,Department for Education,Education Estates Private Finance,DFE-2211,Grade 7 - National,58185,67219,Manager - Education Estates Private Finance Grade 7-Yorkshire and The Humber,0.6,Other,Yorkshire and The Humber
2263,Department for Education,Department for Education,"Behaviour, Exclusions and School Food",DFE-2662,Senior Executive Officer - National,42806,47047,"Senior Executive Officer - Behaviour, Exclusions and School Food SEO-East Midlands",1.0,Other,East Midlands
2264,Department for Education,Department for Education,Delivery Unit,DFE-2501,Grade 7 - London,62336,72057,Manager - Delivery Unit Grade 7-London,6.0,Other,London
2265,Department for Education,Department for Education,"CSC Social Worker Training, Development and Leadership",DFE-2558,Grade 6 - National,70854,78241,"Manager - CSC Social Worker Training, Development and Leadership Grade 6-North West",1.0,Other,North West
2266,Department for Education,Department for Education,Higher Education Analysis,DFE-2632,SEO (Scientific Officer) - National,48999,53884,Senior Executive Officer - HE Analysis SEO-West Midlands,1.0,Other,West Midlands
2267,Department for Education,Department for Education,Higher Education Quality and Regulation,DFE-2649,Grade 7 - London,62336,72057,Manager - Higher Education Quality and Regulation Grade 7-London,2.0,Other,London
2268,Department for Education,Department for Education,Central Capital Unit,DFE-2228,HEO - National,36000,38229,Higher Executive Officer - Central Capital Unit HEO-North West,2.0,Other,North West
2269,Department for Education,Department for Education,"Access, Participation and Applications",DFE-2231,Senior Executive Officer - National,42806,47047,"Senior Executive Officer - Access, Participation and Applications​ SEO-North West",0.67,Other,North West
2270,Department for Education,Department for Education,CSC Data and Digital,DFE-2010,SEO (Scientific Officer) - National,48999,53884,Senior Executive Officer - CSC Data and Digital SEO-North West,2.0,Other,North West
2271,Department for Education,Department for Education,International Evidence and Trade,DFE-2470,HEO - National,36000,38229,Higher Executive Officer - International Evidence and Trade HEO-North West,4.0,Other,North West
2272,Department for Education,Department for Education,"Estates, Security and People",DFE-2025,EO - National,31479,31479,"Executive Officer - Estates, Security and People EO-West Midlands",1.0,Other,West Midlands
2273,Department for Education,Department for Education,Delivery Unit,DFE-2501,Grade 7 - National,58185,67219,Manager - Delivery Unit Grade 7-East Midlands,1.0,Other,East Midlands
2274,Department for Education,Department for Education,Families Analysis,DFE-2152,Grade 7 - National,58185,67219,Manager - Families Analysis Grade 7 (Overlap)-South West,0.7,Other,South West
2275,Department for Education,Department for Education,Essential Skills and Multiply,DFE-2104,Senior Executive Officer - London,46971,51973,Senior Executive Officer - Essential Skills and Multiply SEO-London,2.0,Other,London
2276,Department for Education,Department for Education,Rapid Response Co-ordination,DFE-2382,Senior Executive Officer - National,42806,47047,Senior Executive Officer - Emergency Planning SEO-East Midlands,1.0,Other,East Midlands
2277,Department for Education,Department for Education,HR Services & Specialist Advice,DFE-2001,HEO - National,36000,38229,Higher Executive Officer - HR Services & Specialist Advice SEO-North East,1.0,Other,North East
2278,Department for Education,Department for Education,Strategy and Portfolio,DFE-2277,Grade 7 - National,58185,67219,Manager - Strategy and Portfolio Grade 7-Yorkshire and The Humber,2.0,Other,Yorkshire and The Humber
2279,Department for Education,Department for Education,Enterprise Data for Insight,DFE-2392,HEO - National,36000,38229,Higher Executive Officer - Enterprise Data for Insight HEO-North East,1.0,Other,North East
2280,Department for Education,Department for Education,International Evidence and Trade,DFE-2470,Grade 6 - London,74528,82869,Manager - International Evidence and Trade Grade 6-London,1.0,Other,London
2281,Department for Education,Department for Education,Higher Education Analysis,DFE-2632,EO - National,31479,31479,Executive Officer - HE Analysis EO-Yorkshire and The Humber,1.0,Other,Yorkshire and The Humber
2282,Department for Education,Department for Education,Teaching Workforce Teaching Analysis,DFE-2183,HEO (Economic Assistant) - National,40044,42778,Higher Executive Officer - Teaching Workforce Teaching Analysis HEO-North West,4.0,Other,North West
2283,Department for Education,Department for Education,CSC Serious Incidents and National Safeguarding Panel,DFE-2299,EO - National,31479,31479,Executive Officer - CSC Serious Incidents and National Safeguarding Panel EO-West Midlands,0.49,Other,West Midlands
2284,Department for Education,Department for Education,Private Office,DFE-2698,HEO - London,40132,42699,Higher Executive Officer - Private Office HEO-London,18.0,Other,London
2285,Department for Education,Department for Education,Education Estates Data Collection and Analysis,DFE-2627,HEO - National,36000,38229,Higher Executive Officer - Education Estates Data Collection and Analysis HEO-North West,1.0,Other,North West
2286,Department for Education,Department for Education,Counter Fraud  and Prevention,DFE-2290,HEO - National,36000,38229,Higher Executive Officer - Counter Fraud and Prevention HEO-East Midlands,1.0,Other,East Midlands
2287,Department for Education,Department for Education,Further Education Workforce,DFE-2218,HEO - National,36000,38229,Higher Executive Officer - FE Workforce HEO-North West,1.0,Other,North West
2288,Department for Education,Department for Education,CS Policy Profession Unit,DFE-2498,Grade 6 - London,74528,82869,Manager - CS Policy Profession Unit Grade 6-London,2.0,Other,London
2289,Department for Education,Department for Education,CS Policy Profession Unit,DFE-2498,Grade 7 - London,62336,72057,Manager - CS Policy Profession Unit Grade 7-London,6.56,Other,London
2290,Department for Education,Department for Education,Policy Lab,DFE-2631,EO - London,35438,35438,Executive Officer - Policy Lab EO-London,1.0,Other,London
2291,Department for Education,Department for Education,Open Innovation,DFE-2559,Grade 6 - London,74528,82869,Manager - Open Innovation Grade 6-London,4.0,Other,London
2292,Department for Education,Department for Education,CSC Serious Incidents and National Safeguarding Panel,DFE-2299,HEO - National,36000,38229,Higher Executive Officer - CSC Serious Incidents and National Safeguarding Panel HEO-North West,1.0,Other,North West
2293,Department for Education,Department for Education,Schools Regulation and Quality,DFE-2212,Grade 6 - London,74528,82869,Manager - Schools Regulation and Quality Grade 6 (Close:04/10/2025)-London,1.0,Other,London
2294,Department for Education,Department for Education,Insight and Statistics,DFE-2400,HEO - National,36000,38229,Higher Executive Officer - Insight and Statistics HEO-North West,2.86,Other,North West
2295,Department for Education,Skills England,Regions,DFE-2197,Senior Executive Officer - London,46971,51973,Senior Executive Officer - Regions SEO-London,1.0,Other,London
2296,Department for Education,Department for Education,Capital Delivery,DFE-2568,Senior Executive Officer - National,42806,47047,Senior Executive Officer - Construction and External Technical Services SEO-North East,1.0,Other,North East
2297,Department for Education,Department for Education,Families Analysis,DFE-2152,HEO (Economic Assistant) - National,40044,42778,Higher Executive Officer - Families Analysis HEO-North West,5.0,Other,North West
2298,Department for Education,Department for Education,Local Accountability and Improvement,DFE-2383,Senior Executive Officer - National,42806,47047,Senior Executive Officer - Local Accountability and Improvement SEO-North East,1.0,Other,North East
2299,Department for Education,Department for Education,Technical Education & Qualification Reforms,DFE-2093,HEO - National,36000,38229,Higher Executive Officer - Technical Education & Qualification Reform​s HEO-North West,1.0,Other,North West
2300,Department for Education,Department for Education,Regions Group: South East,DFE-2439,HEO - London,40132,42699,Higher Executive Officer - Regions Group: South East HEO-East Midlands,2.0,Other,East Midlands
2301,Department for Education,Department for Education,Central Capital Unit,DFE-2228,Grade 7 - National,58185,67219,Manager - Central Capital Unit Grade 7-West Midlands,1.0,Other,West Midlands
2302,Department for Education,Department for Education,Sustainability and Strategic Projects,DFE-2311,Grade 7 - National,58185,67219,Manager - Sustainability and Strategic Projects Grade 7-Yorkshire and The Humber,2.0,Other,Yorkshire and The Humber
2303,Department for Education,Department for Education,Life Skills,DFE-2456,EO - National,31479,31479,Executive Officer - Life Skills EO-Yorkshire and The Humber,1.86,Other,Yorkshire and The Humber
2304,Department for Education,Department for Education,Childcare Reform Delivery & Directorate Support,DFE-2576,EO - National,31479,31479,Executive Officer - Childcare Reform Delivery & Directorate Support EO-Yorkshire and The Humber,1.81,Other,Yorkshire and The Humber
2305,Department for Education,Department for Education,Families Group Central,DFE-2551,Grade 7 - London,62336,72057,"Manager - Vulnerable Children’s Unit, inc Covid Grade 7-London",1.0,Other,London
2306,Department for Education,Department for Education,Skills Strategy and Engagement,DFE-2596,Senior Executive Officer - National,42806,47047,Senior Executive Officer - Skills Strategy and Engagement Grade 7-North West,1.0,Other,North West
2307,Department for Education,Department for Education,Family Support,DFE-2305,Senior Executive Officer - National,42806,47047,Senior Executive Officer - Family Support Grade 7-Yorkshire and The Humber,1.0,Other,Yorkshire and The Humber
2308,Department for Education,Department for Education,"Behaviour, Exclusions and School Food",DFE-2662,Senior Executive Officer - National,42806,47047,"Senior Executive Officer - Behaviour, Exclusions and School Food SEO-Yorkshire and The Humber",1.9,Other,Yorkshire and The Humber
2309,Department for Education,Department for Education,Supporting and Rewarding Teachers and Leaders,DFE-2637,EO - National,31479,31479,Executive Officer - Supporting and Rewarding Teachers and Leaders EO-North East,1.0,Other,North East
2310,Department for Education,Department for Education,Digital Delivery - Vulnerable Families & Children,DFE-2503,Senior Executive Officer - National,42806,47047,Senior Executive Officer - Digital Delivery - Vulnerable Families & Children SEO-North West,1.0,Other,North West
2311,Department for Education,Standard and Testing Agency,"Standards, Testing and Regulation Directorate",DFE-2135,Grade 6 - London,74528,82869,Manager - Assessment Operations and Services Grade 6-London,1.0,Other,London
2312,Department for Education,Department for Education,HR Services & Specialist Advice,DFE-2001,EO - National,31479,31479,Executive Officer - HR Services & Specialist Advice EO-Yorkshire and The Humber,2.0,Other,Yorkshire and The Humber
2313,Department for Education,Department for Education,"Behaviour, Exclusions and School Food",DFE-2662,Senior Executive Officer - National,42806,47047,"Senior Executive Officer - Behaviour, Exclusions and School Food SEO-South West",1.0,Other,South West
2314,Department for Education,Department for Education,"Payroll, Reward, Policies and ER",DFE-2527,HEO - National,36000,38229,"Higher Executive Officer - Payroll, Reward, Policies and ER HEO-Yorkshire and The Humber",1.83,Other,Yorkshire and The Humber
2315,Department for Education,Department for Education,Funding Policy Implementation,DFE-2609,HEO - National,36000,38229,Higher Executive Officer - Funding Policy Implementation HEO-Yorkshire and The Humber,2.0,Other,Yorkshire and The Humber
2316,Department for Education,Department for Education,"Estates, Security and People",DFE-2025,HEO - National,36000,38229,Higher Executive Officer - Central Business Services HEO-South West,1.0,Other,South West
2317,Department for Education,Department for Education,"Behaviour, Exclusions and School Food",DFE-2662,HEO - National,36000,38229,"Higher Executive Officer - Behaviour, Exclusions and School Food SEO-North West",1.0,Other,North West
2318,Department for Education,Department for Education,"Capability, Investments, Analysis and Reporting",DFE-2162,Grade 6 - National,70854,78241,"Manager - Capability, Investments, Analysis and Reporting Grade 6-North East",1.0,Other,North East
2319,Department for Education,Department for Education,Delivery Unit,DFE-2501,Senior Executive Officer - London,46971,51973,Senior Executive Officer - Delivery Unit SEO-London,5.0,Other,London
2320,Department for Education,Department for Education,School Based Nursery Expansion,DFE-2640,Senior Executive Officer - National,42806,47047,Senior Executive Officer - School Based Nursery Expansion SEO-Unknown,1.0,Other,Unknown
2321,Department for Education,Department for Education,Operations and Infrastructure Group,DFE-2536,Senior Executive Officer - National,42806,47047,Senior Executive Officer - Commercial Specialist - Operations & Infrastructure SEO-East Midlands,2.0,Other,East Midlands
2322,Department for Education,Department for Education,Higher Education Analysis,DFE-2632,Grade 7 - National,58185,67219,Manager - HE Analysis Grade 7-South West,1.0,Other,South West
2323,Department for Education,Department for Education,Developing Teachers and Leaders,DFE-2670,Grade 7 - London,62336,72057,Manager - Teacher Services Grade 7-London,1.0,Other,London
2324,Department for Education,Department for Education,Digital Delivery - Regions,DFE-2327,HEO - National,36000,38229,Higher Executive Officer - Digital Delivery - Regions HEO-Yorkshire and The Humber,1.0,Other,Yorkshire and The Humber
2325,Department for Education,Department for Education,T - Level Policy,DFE-2542,Grade 7 - National,58185,67219,Manager - T - Level Delivery ​ Grade 7-North East,2.0,Other,North East
2326,Department for Education,Department for Education,News and Social Media,DFE-2145,HEO (Information Officer) - London,44424,47250,Higher Executive Officer - News and Social Media HEO-London,7.0,Other,London
2327,Department for Education,Department for Education,Strategy Unit,DFE-2618,Senior Executive Officer - National,42806,47047,Senior Executive Officer - Strategy Unit SEO-Yorkshire and The Humber,2.0,Other,Yorkshire and The Humber
2328,Department for Education,Department for Education,Strategy Unit,DFE-2618,Grade 7 - London,62336,72057,Manager - Strategy Unit Grade 7-London,5.7,Other,London
2329,Department for Education,Department for Education,CSC Serious Incidents and National Safeguarding Panel,DFE-2299,Grade 7 - National,58185,67219,Manager - CSC Serious Incidents and National Safeguarding Panel Grade 7-North West,3.0,Other,North West
2330,Department for Education,Department for Education,T - Level Policy,DFE-2542,Grade 6 - National,70854,78241,Manager - T - Level Policy​ Grade 6-Yorkshire and The Humber,1.0,Other,Yorkshire and The Humber
2331,Department for Education,Department for Education,"CSC Outcomes, Care Leavers and Capital",DFE-2347,HEO - National,36000,38229,"Higher Executive Officer - CSC Outcomes, Care Leavers and Capital SEO-North East",1.0,Other,North East
2332,Department for Education,Department for Education,HR Services & Specialist Advice,DFE-2001,Senior Executive Officer - National,42806,47047,Senior Executive Officer - HR Services & Specialist Advice Grade 7-Yorkshire and The Humber,1.0,Other,Yorkshire and The Humber
2333,Department for Education,Department for Education,T - Level Policy,DFE-2542,Grade 7 - National,58185,67219,Manager - T - Level Policy​ Grade 7-Yorkshire and The Humber,0.94,Other,Yorkshire and The Humber
2334,Department for Education,Department for Education,Strategy and Portfolio,DFE-2277,HEO - National,36000,38229,Higher Executive Officer - Strategy and Portfolio HEO-Yorkshire and The Humber,1.0,Other,Yorkshire and The Humber
2335,Department for Education,Standard and Testing Agency,STA Assessment DDaT,DFE-2607,Grade 7 - National,58185,67219,Manager - STA Assessment DDaT Grade 7-Yorkshire and The Humber,1.8,Other,Yorkshire and The Humber
2336,Department for Education,Department for Education,Technical Education & Qualification Reforms,DFE-2093,Grade 7 - London,62336,72057,Manager - Technical Education & Qualification Reform​s Grade 7-London,2.0,Other,London
2337,Department for Education,Department for Education,International Evidence and Trade,DFE-2470,HEO - National,36000,38229,Higher Executive Officer - International Evidence and Trade HEO-West Midlands,0.5,Other,West Midlands
2338,Department for Education,Department for Education,School Based Nursery Expansion,DFE-2640,Senior Executive Officer - London,46971,51973,Senior Executive Officer - School Based Nursery Expansion SEO-London,2.0,Other,London
2339,Department for Education,Department for Education,Work Based Skills Operations and Performance,DFE-2423,Senior Executive Officer - National,42806,47047,Senior Executive Officer - Work Based Skills Operations and Performance SEO-North East,1.0,Other,North East
2340,Department for Education,Department for Education,Schools Digital,DFE-2504,HEO - London,40132,42699,Higher Executive Officer - Schools Digital HEO-London,3.0,Other,London
2341,Department for Education,Department for Education,"Payroll, Reward, Policies and ER",DFE-2527,Grade 6 - National,70854,78241,"Manager - Payroll, Reward, Policies and ER Grade 6-North West",1.0,Other,North West
2342,Department for Education,Department for Education,"HR Organisation Design, Development & Engagement",DFE-2407,Grade 7 - National,58185,67219,"Manager - HR Organisation Design, Development & Engagement Grade 7-North East",2.0,Other,North East
2343,Department for Education,Department for Education,The Apprenticeships Service (DDAT)​,DFE-2486,Senior Executive Officer - National,42806,47047,Senior Executive Officer - The Apprenticeships Service (DDAT)​ SEO-Yorkshire and The Humber,3.0,Other,Yorkshire and The Humber
2344,Department for Education,Department for Education,"HR Organisation Design, Development & Engagement",DFE-2407,Senior Executive Officer - National,42806,47047,"Senior Executive Officer - HR Organisation Design, Development & Engagement SEO-North West",0.86,Other,North West
2345,Department for Education,Department for Education,Capital Delivery,DFE-2568,Grade 7 - National,58185,67219,Manager - Construction and External Technical Services Grade 7-North West,1.0,Other,North West
2346,Department for Education,Department for Education,Operational Excellence,DFE-2292,HEO - National,36000,38229,Higher Executive Officer - Operational Excellence HEO-East Midlands,2.0,Other,East Midlands
2347,Department for Education,Standard and Testing Agency,STA Assessment DDaT,DFE-2607,Senior Executive Officer - National,42806,47047,Senior Executive Officer - STA Assessment DDaT SEO-West Midlands,3.0,Other,West Midlands
2348,Department for Education,Department for Education,Infrastructure & Platforms,DFE-2281,Legacy Grade,1,150000,Manager - Infrastructure & Platforms (Legacy Grade)-North West,2.0,Other,North West
2349,Department for Education,Department for Education,Infrastructure & Platforms,DFE-2281,Legacy Grade,1,150000,Manager - Infrastructure & Platforms (Legacy Grade)-West Midlands,1.0,Other,West Midlands
2350,Department for Education,Department for Education,Enterprise Data for Access and Sharing,DFE-2658,Legacy Grade,1,150000,Manager - Enterprise Data for Access and Sharing (Legacy Grade)-North West,0.8,Other,North West
2351,Department for Education,Department for Education,Student Funding Policy​,DFE-2516,Senior Executive Officer - National,42806,47047,Senior Executive Officer - Student Funding Policy​ SEO-North West,1.0,Other,North West
2352,Department for Education,Department for Education,FE Workforce,DFE-2668,Senior Executive Officer - National,42806,47047,Senior Executive Officer - FE Workforce SEO-West Midlands,1.0,Other,West Midlands
2353,Department for Education,Department for Education,Sector Skills,DFE-2620,Grade 7 - National,58185,67219,Manager - Sector Skills Grade 7-North West,1.0,Other,North West
2354,Department for Education,Department for Education,SFSO Operational Delivery - South,DFE-2085,Senior Executive Officer - National,42806,47047,Senior Executive Officer - SFSO Operational Delivery - South SEO-South West,2.39,Other,South West
2355,Department for Education,Department for Education,Family Hubs and Early Years Interventions,DFE-2654,Senior Executive Officer - National,42806,47047,Senior Executive Officer - Family Hubs and Early Years Interventions Grade 7-North West,1.0,Other,North West
2356,Department for Education,Department for Education,"Early Years Quality, Recovery and Welfare",DFE-2240,Grade 7 - London,62336,72057,"Manager - Early Years Quality, Recovery and Welfare Grade 7-London",1.9,Other,London
2357,Department for Education,Department for Education,Counter Extremism and Non-School Education,DFE-2398,Senior Executive Officer - National,42806,47047,Senior Executive Officer - Counter Extremism and Non-School Education Grade 7-Unknown,1.0,Other,Unknown
2358,Department for Education,Department for Education,T - Level Delivery ​,DFE-2626,HEO - National,36000,38229,Higher Executive Officer - T - Level Delivery ​ HEO-North West,2.0,Other,North West
2359,Department for Education,Department for Education,Central Analysis Unit,DFE-2238,Grade 7 - National,58185,67219,Manager - Central Analysis Unit Grade 7-East Midlands,1.0,Other,East Midlands
2360,Department for Education,Department for Education,Regions Group: North East and National SEND Improvement and Transformation,DFE-2701,Senior Executive Officer - London,46971,51973,Senior Executive Officer - Regions Group: North East and National SEND Improvement and Transformation SEO-London,1.0,Other,London
2361,Department for Education,Department for Education,Funding Policy Unit,DFE-2009,Senior Executive Officer - London,46971,51973,Senior Executive Officer - Funding Policy Unit SEO-London,2.0,Other,London
2362,Department for Education,Department for Education,Financial Operations,DFE-2200,HEO - National,36000,38229,Higher Executive Officer - Financial Operations HEO-North West,1.0,Other,North West
2363,Department for Education,Department for Education,Social Justice and Disadvantage,DFE-2519,HEO - London,40132,42699,Higher Executive Officer - Social Justice and Disadvantage HEO-London,3.0,Other,London
2364,Department for Education,Department for Education,High Quality Curriculum,DFE-2324,HEO - National,36000,38229,Higher Executive Officer - High Quality Curriculum HEO-West Midlands,1.0,Other,West Midlands
2365,Department for Education,Department for Education,Legislation Division,DFE-2624,Senior Executive Officer - London,46971,51973,Senior Executive Officer - Legislation Division Grade 7-London,1.0,Other,London
2366,Department for Education,Department for Education,"HR Organisation Design, Development & Engagement",DFE-2407,Senior Executive Officer - National,42806,47047,"Senior Executive Officer - HR Organisation Design, Development & Engagement SEO-South West",1.0,Other,South West
2367,Department for Education,Department for Education,DDT Incubator,DFE-2475,Senior Executive Officer - National,42806,47047,Senior Executive Officer - DDT Incubator SEO-North East,2.81,Other,North East
2368,Department for Education,Department for Education,Enterprise Data for Access and Sharing,DFE-2658,HEO - National,36000,38229,Higher Executive Officer - Enterprise Data for Access and Sharing SEO-Yorkshire and The Humber,1.0,Other,Yorkshire and The Humber
2369,Department for Education,Department for Education,CS Policy Profession Unit,DFE-2498,HEO - London,40132,42699,Higher Executive Officer - CS Policy Profession Unit HEO-London,0.91,Other,London
2370,Department for Education,Department for Education,Attendance,DFE-2533,HEO - National,36000,38229,Higher Executive Officer - Attendance HEO-Yorkshire and The Humber,1.0,Other,Yorkshire and The Humber
2371,Department for Education,Department for Education,FE Provider Infrastructure,DFE-2387,EO - London,35438,35438,Executive Officer - FE Provider Infrastructure EO-London,1.0,Other,London
2372,Department for Education,Department for Education,Regions Group: North East and National SEND Improvement and Transformation,DFE-2701,Grade 7 - National,58185,67219,Manager - Regions Group: North East and National SEND Improvement and Transformation Grade 7-North East,1.0,Other,North East
2373,Department for Education,Department for Education,SEND Strategy,DFE-2571,Senior Executive Officer - National,42806,47047,Senior Executive Officer - SEND Strategy Grade 7-West Midlands,1.0,Other,West Midlands
2374,Department for Education,Department for Education,Further Education Workforce,DFE-2218,Grade 7 - National,58185,67219,Manager - FE Workforce Grade 7-North East,0.81,Other,North East
2375,Department for Education,Department for Education,"Breakfast Clubs, Wraparound Childcare and HAF",DFE-2544,Grade 7 - National,58185,67219,"Manager - Breakfast Clubs, Wraparound Childcare and HAF Grade 7-South West",1.0,Other,South West
2376,Department for Education,Department for Education,Digital Delivery - Regions,DFE-2327,Grade 6 - National,70854,78241,Manager - Digital Delivery - Regions Grade 6-West Midlands,1.0,Other,West Midlands
2377,Department for Education,Department for Education,SFSO Operational Delivery - North,DFE-2084,Grade 7 - National,58185,67219,Manager - SFSO Operational Delivery - North Grade 7-North West,1.0,Other,North West
2378,Department for Education,Department for Education,Childcare Reform Delivery & Directorate Support,DFE-2576,HEO - National,36000,38229,Higher Executive Officer - Childcare Reform Delivery & Directorate Support HEO-North West,1.91,Other,North West
2379,Department for Education,Department for Education,Regions Group: London,DFE-2204,Grade 7 - National,58185,67219,Manager - Regions Group: London Grade 7-South West,1.0,Other,South West
2380,Department for Education,Department for Education,International Evidence and Trade,DFE-2470,EO - National,31479,31479,Executive Officer - International Evidence and Trade EO-West Midlands,1.0,Other,West Midlands
2381,Department for Education,Department for Education,Strategy Unit,DFE-2618,Grade 6 - National,70854,78241,Manager - Strategy Unit Grade 6-South West,1.0,Other,South West
2382,Department for Education,Department for Education,"Payroll, Reward, Policies and ER",DFE-2527,Grade 6 - National,70854,78241,"Manager - Payroll, Reward, Policies and ER Grade 6-Yorkshire and The Humber",0.81,Other,Yorkshire and The Humber
2383,Department for Education,Department for Education,SFSO Operational Delivery - South,DFE-2085,EO - National,31479,31479,Executive Officer - SFSO Operational Delivery - South EO-South West,1.0,Other,South West
2384,Department for Education,Department for Education,Schools Digital,DFE-2504,EO - London,35438,35438,Executive Officer - Schools Digital EO-London,1.0,Other,London
2385,Department for Education,Department for Education,SFSO Operational Delivery - North,DFE-2084,EO - National,31479,31479,Executive Officer - SFSO Operational Delivery - North EO-North West,1.62,Other,North West
2386,Department for Education,Standard and Testing Agency,Assessment Research and Development,DFE-2535,SEO (Senior Prof & Technical Officer) - London,52799,58810,Senior Executive Officer - Assessment Research and Development Grade 7-London,1.0,Other,London
2387,Department for Education,Department for Education,CSC Looked After Children Placements,DFE-2582,Grade 7 - National,58185,67219,Manager - CSC Looked After Children Placements Grade 7-East Midlands,1.0,Other,East Midlands
2388,Department for Education,Department for Education,Family Support,DFE-2305,Senior Executive Officer - National,42806,47047,Senior Executive Officer - Family Support SEO-North West,1.0,Other,North West
2389,Department for Education,Department for Education,Work Based Skills Operations and Performance,DFE-2423,HEO - London,40132,42699,Higher Executive Officer - Work Based Skills Operations and Performance HEO-London,1.0,Other,London
2390,Department for Education,Department for Education,Regions Group: National,DFE-2279,Senior Executive Officer - National,42806,47047,Senior Executive Officer - Regions Group: National SEO (Position Vacate:02/01/2026)-North East,0.8,Other,North East
2391,Department for Education,Department for Education,Education Estates Portfolio Oversight and Directorate Support,DFE-2648,Senior Executive Officer - National,42806,47047,Senior Executive Officer - Education Estates Portfolio Oversight and Directorate Support SEO-North West,1.0,Other,North West
2392,Department for Education,Department for Education,"Access, Participation and Applications",DFE-2231,Grade 7 - London,62336,72057,"Manager - Access, Participation and Applications​ Grade 7-London",2.91,Other,London
2393,Department for Education,Department for Education,Digital Delivery - Regions,DFE-2327,Senior Executive Officer - National,42806,47047,Senior Executive Officer - Digital Delivery - Regions SEO-North West,1.0,Other,North West
2394,Department for Education,Department for Education,School Strategy and System,DFE-2639,Senior Executive Officer - National,42806,47047,Senior Executive Officer - School Strategy and System SEO-North East,1.0,Other,North East
2395,Department for Education,Department for Education,CSC Looked After Children Placements,DFE-2582,Grade 6 - National,70854,78241,Manager - CSC Looked After Children Placements Grade 6-Yorkshire and The Humber,0.69,Other,Yorkshire and The Humber
2396,Department for Education,Department for Education,Revenue Funding and Demographic Analysis,DFE-2645,HEO (Higher Statistical Officer) - National,40044,42778,Higher Executive Officer - Revenue Funding and Demography Analysis HEO-West Midlands,1.0,Other,West Midlands
2397,Department for Education,Department for Education,Skills Strategy and Delivery,DFE-2570,Grade 6 - National,70854,78241,Manager - Skills Strategy and Delivery Grade 6-South West,0.6,Other,South West
2398,Department for Education,Department for Education,Further Education Funding,DFE-2100,Senior Executive Officer - National,42806,47047,Senior Executive Officer - FE System and Oversight SEO-South West,1.0,Other,South West
2399,Department for Education,Department for Education,Strategy and Qualifications,DFE-2341,Senior Executive Officer - National,42806,47047,Senior Executive Officer - Strategy and Qualifications SEO-East Midlands,1.0,Other,East Midlands
2400,Department for Education,Department for Education,Teaching Workforce Teaching Analysis,DFE-2183,Grade 6 - London,74528,82869,Manager - Teaching Workforce Teaching Analysis Grade 6-London,1.0,Other,London
2401,Department for Education,Department for Education,Inclusive Mainstream,DFE-2647,EO - London,35438,35438,Executive Officer - Inclusive Mainstream EO-London,1.0,Other,London
2402,Department for Education,Department for Education,CSC Strategy and System,DFE-2401,EO - London,35438,35438,Executive Officer - CSC Strategy and System EO-London,1.0,Other,London
2403,Department for Education,Department for Education,"Governance, Assurance and Partnerships",DFE-2611,Grade 7 - National,58185,67219,"Manager - Governance, Assurance and Partnerships Grade 7-East Midlands",1.0,Other,East Midlands
2404,Department for Education,Department for Education,Supporting and Rewarding Teachers and Leaders,DFE-2637,HEO - National,36000,38229,Higher Executive Officer - Supporting and Rewarding Teachers and Leaders SEO-Yorkshire and The Humber,1.0,Other,Yorkshire and The Humber
2405,Department for Education,Department for Education,Specialist Sector Reform,DFE-2353,HEO - London,40132,42699,Higher Executive Officer - Specialist Sector Reform HEO-London,1.0,Other,London
2406,Department for Education,Department for Education,Operations and Infrastructure Group,DFE-2536,EO - National,31479,31479,Executive Officer - Commercial School Resource Management (Protected) EO-Yorkshire and The Humber,2.0,Other,Yorkshire and The Humber
2407,Department for Education,Department for Education,Family Hubs and Early Years Interventions,DFE-2654,Senior Executive Officer - National,42806,47047,Senior Executive Officer - Family Hubs and Early Years Interventions SEO-South West,1.91,Other,South West
2408,Department for Education,Department for Education,Strategy Unit,DFE-2618,Grade 7 - National,58185,67219,Manager - Strategy Unit Grade 7-Yorkshire and The Humber,2.0,Other,Yorkshire and The Humber
2409,Department for Education,Department for Education,CSC Strategy and Care System,DFE-2671,EO - National,31479,31479,Executive Officer - CSC Portfolio and Funding EO-Yorkshire and The Humber,1.0,Other,Yorkshire and The Humber
2410,Department for Education,Department for Education,Family Hubs and Early Years Interventions,DFE-2393,Grade 7 - National,58185,67219,Manager - Family Hubs and Early Years Interventions Grade 7-South West,1.0,Other,South West
2411,Department for Education,Department for Education,Central Analysis Unit,DFE-2238,Grade 6 - National,70854,78241,Manager - Central Analysis Unit Grade 6-East Midlands,1.0,Other,East Midlands
2412,Department for Education,Standard and Testing Agency,"Standards, Testing and Regulation Directorate",DFE-2135,HEO - National,36000,38229,Higher Executive Officer - Assessment Operations and Services SEO-West Midlands,1.0,Other,West Midlands
2413,Department for Education,Department for Education,"Estates, Security and People",DFE-2025,Grade 6 - London,74528,82869,"Manager - Estates, Security and People Grade 6-London",2.0,Other,London
2414,Department for Education,Department for Education,Skills Strategy and Delivery,DFE-2570,Senior Executive Officer - National,42806,47047,Senior Executive Officer - Skills Strategy and Delivery SEO-West Midlands,2.0,Other,West Midlands
2415,Department for Education,Department for Education,Inclusive Mainstream,DFE-2647,Grade 7 - National,58185,67219,Manager - Inclusive Mainstream Grade 7-Yorkshire and The Humber,3.8,Other,Yorkshire and The Humber
2416,Department for Education,Department for Education,Data Science (ESFA),DFE-2601,EO - National,31479,31479,Executive Officer - Data Science (ESFA) EO-West Midlands,1.0,Other,West Midlands
2417,Department for Education,Department for Education,Central Strategic Finance,DFE-2604,Grade 7 - National,58185,67219,Manager - Central Capital Unit Grade 7-North West,1.9,Other,North West
2418,Department for Education,Department for Education,"Education Estates Legal, Land and Planning",DFE-2207,Senior Executive Officer - National,42806,47047,"Senior Executive Officer - Education Estates Legal, Land and Planning SEO-Yorkshire and The Humber",1.0,Other,Yorkshire and The Humber
2419,Department for Education,Department for Education,Insight and Statistics,DFE-2400,Grade 6 - National,70854,78241,Manager - Insight and Statistics Grade 6-South West,1.0,Other,South West
2420,Department for Education,Department for Education,"Payroll, Reward, Policies and ER",DFE-2527,Grade 7 - National,58185,67219,"Manager - Payroll, Reward, Policies and ER Grade 7-North East",1.0,Other,North East
2421,Department for Education,Skills England,Reform and Development,DFE-2689,Grade 7 - National,58185,67219,Manager - Development and Innovation Grade 7-Yorkshire and The Humber,1.0,Other,Yorkshire and The Humber
2422,Department for Education,Department for Education,Family Support,DFE-2305,HEO - National,36000,38229,Higher Executive Officer - Family Support HEO-North West,1.0,Other,North West
2423,Department for Education,Department for Education,SFSO Operational Delivery - North,DFE-2084,Senior Executive Officer - National,42806,47047,Senior Executive Officer - SFSO Operational Delivery - North SEO-South West,0.7,Other,South West
2424,Department for Education,Department for Education,Sector Skills,DFE-2620,Grade 6 - National,70854,78241,Manager - Sector Skills Grade 6-East Midlands,0.86,Other,East Midlands
2425,Department for Education,Department for Education,"Behaviour, Exclusions and School Food",DFE-2662,Senior Executive Officer - National,42806,47047,"Senior Executive Officer - Behaviour, Exclusions and School Food SEO-West Midlands",1.91,Other,West Midlands
2426,Department for Education,Department for Education,Social Justice and Disadvantage,DFE-2519,HEO - National,36000,38229,Higher Executive Officer - Social Justice and Disadvantage HEO-North West,1.0,Other,North West
2427,Department for Education,Department for Education,Inclusive Mainstream,DFE-2647,HEO - National,36000,38229,Higher Executive Officer - Inclusive Mainstream HEO-North West,2.0,Other,North West
2428,Department for Education,Department for Education,"Estates, Security and People",DFE-2025,HEO - National,36000,38229,Higher Executive Officer - Central Business Services HEO-Yorkshire and The Humber,1.0,Other,Yorkshire and The Humber
2429,Department for Education,Department for Education,"Construction Grants, Assurance and Response",DFE-2344,HEO - National,36000,38229,"Higher Executive Officer - Construction Grants, Assurance and Response HEO-North West",2.43,Other,North West
2430,Department for Education,Department for Education,CS Policy Profession Unit,DFE-2498,Grade 7 - National,58185,67219,Manager - CS Policy Profession Unit Grade 7-South West,0.6,Other,South West
2431,Department for Education,Department for Education,"Early Years Quality, Recovery and Welfare",DFE-2240,Grade 7 - National,58185,67219,"Manager - Early Years Quality, Recovery and Welfare Grade 7-North West",1.72,Other,North West
2432,Department for Education,Department for Education,Digital Delivery - Schools,DFE-2664,Grade 7 - National,58185,67219,Manager - Digital Delivery - Schools Grade 7-Yorkshire and The Humber,3.0,Other,Yorkshire and The Humber
2433,Department for Education,Department for Education,CSC Data and Digital,DFE-2010,Senior Executive Officer - National,42806,47047,Senior Executive Officer - CSC Portfolio and Funding SEO-West Midlands,1.0,Other,West Midlands
2434,Department for Education,Department for Education,"Early Years Quality, Recovery and Welfare",DFE-2240,HEO - National,36000,38229,"Higher Executive Officer - Early Years Quality, Recovery and Welfare SEO-East Midlands",1.0,Other,East Midlands
2435,Department for Education,Department for Education,Open Innovation,DFE-2559,SEO (Senior Research Officer) - National,48999,53884,Senior Executive Officer - Open Innovation SEO-Yorkshire and The Humber,1.0,Other,Yorkshire and The Humber
2436,Department for Education,Department for Education,Enterprise Data for Access and Sharing,DFE-2658,EO - National,31479,31479,Executive Officer - Enterprise Data for Access and Sharing HEO-West Midlands,1.0,Other,West Midlands
2437,Department for Education,Department for Education,Inclusive Mainstream,DFE-2647,Grade 7 - National,58185,67219,Manager - Inclusive Mainstream Grade 7-North West,1.0,Other,North West
2438,Department for Education,Department for Education,Education Estates Portfolio Oversight and Directorate Support,DFE-2648,Grade 7 - National,58185,67219,Manager - Education Estates Portfolio Oversight and Directorate Support Grade 7-West Midlands,1.0,Other,West Midlands
2439,Department for Education,Department for Education,CSC Strategy and Care System,DFE-2671,Senior Executive Officer - National,42806,47047,Senior Executive Officer - CSC Portfolio and Funding SEO-Yorkshire and The Humber,1.0,Other,Yorkshire and The Humber
2440,Department for Education,Department for Education,Central Strategic Finance,DFE-2604,Grade 7 - National,58185,67219,Manager - Central Strategic Finance Grade 7-West Midlands,1.8,Other,West Midlands
2441,Department for Education,Department for Education,Commercial Operations,DFE-2355,HEO - National,36000,38229,Higher Executive Officer - Commercial Operations HEO-North West,2.0,Other,North West
2442,Department for Education,Department for Education,Digital Strategy,DFE-2694,HEO - National,36000,38229,Higher Executive Officer - Digital Strategy HEO-Yorkshire and The Humber,0.81,Other,Yorkshire and The Humber
2443,Department for Education,Department for Education,Regions Group: Yorkshire & Humber and National CSC and BSiL,DFE-2613,Senior Executive Officer - London,46971,51973,Senior Executive Officer - Regions Group: Yorkshire & Humber and National CSC and BSiL SEO-London,1.0,Other,London
2444,Department for Education,Department for Education,Work Based Skills Operational Delivery,DFE-2619,HEO - National,36000,38229,Higher Executive Officer - Work Based Skills Operational Delivery HEO-North East,1.0,Other,North East
2445,Department for Education,Skills England,Reform and Development,DFE-2689,Grade 6 - London,74528,82869,Manager - Development and Innovation Grade 6-London,3.8,Other,London
2446,Department for Education,Department for Education,Early Years Markets and Strategy,DFE-2644,Grade 7 - National,58185,67219,Manager - Early Years Sufficiency and Entitlements Grade 7-East Midlands,1.0,Other,East Midlands
2447,Department for Education,Department for Education,Insight and Statistics,DFE-2400,SEO (Statistical Officer) - National,48999,53884,Senior Executive Officer - Insight and Statistics Grade 7-North West,1.0,Other,North West
2448,Department for Education,Department for Education,Estates Private Finance,DFE-2688,Grade 6 - National,70854,78241,Manager - Education Estates Strategy and Policy Unit Grade 6-North West,1.0,Other,North West
2449,Department for Education,Department for Education,Schools and Funding Analysis,DFE-2567,SEO (Statistical Officer) - National,48999,53884,Senior Executive Officer - Schools and Funding Analysis SEO-North West,2.91,Other,North West
2450,Department for Education,Department for Education,Improvement and Insight,DFE-2223,EO - National,31479,31479,Executive Officer - Improvement and Insight SEO-North East,1.0,Other,North East
2451,Department for Education,Department for Education,Local Accountability and Improvement,DFE-2383,HEO - National,36000,38229,Higher Executive Officer - Local Accountability and Improvement SEO-Yorkshire and The Humber,1.0,Other,Yorkshire and The Humber
2452,Department for Education,Department for Education,Teacher Training and Recruitment,DFE-2541,Grade 7 - National,58185,67219,Manager - Teacher Training and Recruitment Grade 7-East Midlands,2.0,Other,East Midlands
2453,Department for Education,Department for Education,Operations and Infrastructure Group,DFE-2536,EO - National,31479,31479,Executive Officer - Commercial Specialist - Schools EO-Yorkshire and The Humber,0.67,Other,Yorkshire and The Humber
2454,Department for Education,Department for Education,Skills Journey,DFE-2306,EO - National,31479,31479,Executive Officer - Skills Journey Directorate Business Support EO-North West,1.0,Other,North West
2455,Department for Education,Department for Education,Data Science (ESFA),DFE-2601,Grade 7 - National,58185,67219,Manager - Data Science (ESFA) Grade 7-East Of England,1.0,Other,East Of England
2456,Department for Education,Department for Education,SEND Strategy,DFE-2571,Senior Executive Officer - National,42806,47047,Senior Executive Officer - SEND Strategy SEO-North West,1.91,Other,North West
2457,Department for Education,Department for Education,Families Analysis,DFE-2152,SEO (Statistical Officer) - National,48999,53884,Senior Executive Officer - Families Analysis SEO-North East,2.0,Other,North East
2458,Department for Education,Department for Education,International Placements,DFE-2491,Senior Executive Officer - National,42806,47047,Senior Executive Officer - Strategy Group - DG Office SEO-North West,1.0,Other,North West
2459,Department for Education,Department for Education,Technical Education & Qualification Reforms,DFE-2093,Grade 7 - National,58185,67219,Manager - Technical Education & Qualification Reform​s Grade 7-North West,1.64,Other,North West
2460,Department for Education,Department for Education,Digital Strategy,DFE-2694,Senior Executive Officer - National,42806,47047,Senior Executive Officer - Digital Strategy SEO-West Midlands,1.0,Other,West Midlands
2461,Department for Education,Department for Education,Strategy Unit,DFE-2618,Senior Executive Officer - London,46971,51973,Senior Executive Officer - Strategy Unit SEO-London,3.0,Other,London
2462,Department for Education,Department for Education,Families Analysis,DFE-2152,SEO (Statistical Officer) - National,48999,53884,Senior Executive Officer - Families Analysis SEO-East Of England,1.0,Other,East Of England
2463,Department for Education,Department for Education,CSC Data and Digital,DFE-2010,Grade 6 - National,70854,78241,Manager - CSC Data and Digital Grade 6-North West,1.0,Other,North West
2464,Department for Education,Department for Education,"Construction Grants, Assurance and Response",DFE-2344,Senior Executive Officer - National,42806,47047,"Senior Executive Officer - Construction Grants, Assurance and Response SEO-North East",1.0,Other,North East
2465,Department for Education,Department for Education,Major Projects and Risk,DFE-2608,Grade 6 - National,70854,78241,Manager - Major Projects and Risks Grade 6-Yorkshire and The Humber,0.7,Other,Yorkshire and The Humber
2466,Department for Education,Department for Education,Delivery Unit,DFE-2501,SEO (Statistical Officer) - National,48999,53884,Senior Executive Officer - Delivery Unit SEO-North West,1.0,Other,North West
2467,Department for Education,Teaching Regulation Agency,Teaching Regulation Agency,DFE-2215,EO - National,31479,31479,Executive Officer - Teaching Regulation Agency HEO-East Midlands,0.7,Other,East Midlands
2468,Department for Education,Department for Education,Technology Operations,DFE-2461,Grade 6 - National,70854,78241,Manager - Data Protection Office Grade 6-North East,1.0,Other,North East
2469,Department for Education,Department for Education,Enterprise Data for Insight,DFE-2392,HEO (Higher Statistical Officer) - National,40044,42778,Higher Executive Officer - Enterprise Data for Insight HEO-North West,2.0,Other,North West
2470,Department for Education,Department for Education,The Apprenticeships Service (DDAT)​,DFE-2486,Senior Executive Officer - National,42806,47047,Senior Executive Officer - The Apprenticeships Service (DDAT)​ SEO-North East,1.81,Other,North East
2471,Department for Education,Department for Education,CS Policy Profession Unit,DFE-2498,HEO - London,40132,42699,Higher Executive Officer - CS Policy Profession Unit SEO-London,1.0,Other,London
2472,Department for Education,Department for Education,Operations and Infrastructure Group,DFE-2536,Senior Executive Officer - National,42806,47047,Senior Executive Officer - Schools Commercial Strategy SEO-Yorkshire and The Humber,2.0,Other,Yorkshire and The Humber
2473,Department for Education,Department for Education,Inclusive Mainstream,DFE-2647,HEO - London,40132,42699,Higher Executive Officer - Inclusive Mainstream HEO-London,2.0,Other,London
2474,Department for Education,Department for Education,Families Analysis,DFE-2152,HEO (Higher Statistical Officer) - National,40044,42778,Higher Executive Officer - Families Analysis HEO-South West,2.81,Other,South West
2475,Department for Education,Department for Education,Essential Skills and Multiply,DFE-2104,HEO - National,36000,38229,Higher Executive Officer - Essential Skills and Multiply HEO-Yorkshire and The Humber,1.67,Other,Yorkshire and The Humber
2476,Department for Education,Department for Education,School Strategy and System,DFE-2639,HEO - National,36000,38229,Higher Executive Officer - School Strategy and System HEO-Unknown,1.0,Other,Unknown
2477,Department for Education,Department for Education,Schools Productivity Unit,DFE-2651,Senior Executive Officer - National,42806,47047,Senior Executive Officer - Schools Productivity Unit SEO-East Midlands,1.0,Other,East Midlands
2478,Department for Education,Department for Education,HR Services & Specialist Advice,DFE-2001,Grade 6 - National,70854,78241,Manager - HR Services & Specialist Advice Grade 6-East Midlands,1.0,Other,East Midlands
2479,Department for Education,Department for Education,"Education Estates Legal, Land and Planning",DFE-2207,Grade 6 - National,70854,78241,"Manager - Education Estates Legal, Land and Planning Grade 6 (Position Vacate:06/10/2025)-Unknown",1.0,Other,Unknown
2480,Department for Education,Department for Education,Insight and Statistics,DFE-2400,Grade 7 - National,58185,67219,Manager - Insight and Statistics Grade 7-North West,2.0,Other,North West
2481,Department for Education,Department for Education,T - Level Delivery ​,DFE-2626,Senior Executive Officer - National,42806,47047,Senior Executive Officer - T - Level Delivery ​ SEO-West Midlands,2.0,Other,West Midlands
2482,Department for Education,Department for Education,Capital Delivery,DFE-2568,HEO - National,36000,38229,Higher Executive Officer - Construction and External Technical Services HEO-North East,1.0,Other,North East
2483,Department for Education,Department for Education,Central Analysis Unit,DFE-2238,Grade 7 - National,58185,67219,Manager - Central Analysis Unit Grade 7-South West,0.83,Other,South West
2484,Department for Education,Department for Education,Funding Policy Unit,DFE-2009,Senior Executive Officer - National,42806,47047,Senior Executive Officer - Funding Policy Unit SEO-North West,1.0,Other,North West
2485,Department for Education,Department for Education,Teacher Training and Recruitment,DFE-2541,HEO - National,36000,38229,Higher Executive Officer - Teacher Training and Recruitment HEO-East Midlands,2.0,Other,East Midlands
2486,Department for Education,Department for Education,Strategy and Portfolio,DFE-2277,Grade 6 - National,70854,78241,Manager - Strategy and Portfolio Grade 6-North West,1.0,Other,North West
2487,Department for Education,Department for Education,SFSO Central Division,DFE-2202,Grade 7 - National,58185,67219,Manager - SFSO Central Division Gade 7-North West,1.0,Other,North West
2488,Department for Education,Department for Education,Policy Lab,DFE-2630,Senior Executive Officer - London,46971,51973,Senior Executive Officer - Policy Lab SEO-London,1.81,Other,London
2489,Department for Education,Department for Education,Attendance,DFE-2533,HEO - National,36000,38229,Higher Executive Officer - Attendance HEO-North West,2.0,Other,North West
2490,Department for Education,Department for Education,Teacher Training and Recruitment,DFE-2541,HEO - National,36000,38229,Higher Executive Officer - Teacher Training and Recruitment HEO-Yorkshire and The Humber,0.6,Other,Yorkshire and The Humber
2491,Department for Education,Department for Education,"Early Years Quality, Recovery and Welfare",DFE-2240,Senior Executive Officer - National,42806,47047,"Senior Executive Officer - Early Years Quality, Recovery and Welfare SEO-South West",1.8,Other,South West
2492,Department for Education,Department for Education,Essential Skills and Multiply,DFE-2104,Senior Executive Officer - National,42806,47047,Senior Executive Officer - Essential Skills and Multiply SEO-West Midlands,1.0,Other,West Midlands
2493,Department for Education,Department for Education,Advanced Analytics Division,DFE-2557,HEO - National,36000,38229,Higher Executive Officer - Advanced Analytics HEO-South West,1.0,Other,South West
2494,Department for Education,Department for Education,Cyber and Information Security (CISO),DFE-2485,Grade 7 - National,58185,67219,Manager - Cyber and Information Security (CISO) Grade 7-East Of England,1.0,Other,East Of England
2495,Department for Education,Department for Education,Strategy and Qualifications,DFE-2341,Senior Executive Officer - National,42806,47047,Senior Executive Officer - Strategy and Qualifications SEO-North West,1.0,Other,North West
2496,Department for Education,Department for Education,CS Policy Profession Unit,DFE-2498,Senior Executive Officer - National,42806,47047,Senior Executive Officer - CS Policy Profession Unit SEO-East Midlands,2.0,Other,East Midlands
2497,Department for Education,Department for Education,Technical Education & Qualification Reforms,DFE-2093,HEO - National,36000,38229,Higher Executive Officer - Technical Education & Qualification Reform​s HEO-North East,1.0,Other,North East
2498,Department for Education,Department for Education,Policy Lab,DFE-2630,Senior Executive Officer - National,42806,47047,Senior Executive Officer - Policy Lab SEO-West Midlands,1.0,Other,West Midlands
2499,Department for Education,Department for Education,Skills Strategy and Delivery,DFE-2570,Senior Executive Officer - National,42806,47047,Senior Executive Officer - Skills Strategy and Delivery SEO-South West,1.0,Other,South West
2500,Department for Education,Department for Education,Technology Operations,DFE-2461,EO - National,31479,31479,Executive Officer - Technology Operations EO-East Midlands,4.0,Other,East Midlands
2501,Department for Education,Department for Education,DfE Covid-19 Inquiry Response,DFE-2369,HEO - National,36000,38229,Higher Executive Officer - DfE Covid-19 Inquiry Response HEO-North East,1.0,Other,North East
2502,Department for Education,Department for Education,Commercial Operations,DFE-2355,HEO - National,36000,38229,Higher Executive Officer - Commercial Operations HEO-East Midlands,3.0,Other,East Midlands
2503,Department for Education,Department for Education,Customer Experience & Design,DFE-2478,Grade 6 - National,70854,78241,Manager - Customer Experience & Design Grade 6-Yorkshire and The Humber,1.0,Other,Yorkshire and The Humber
2504,Department for Education,Department for Education,Improvement and Insight,DFE-2223,Senior Executive Officer - National,42806,47047,Senior Executive Officer - Improvement and Insight Grade 7-Yorkshire and The Humber,1.0,Other,Yorkshire and The Humber
2505,Department for Education,Department for Education,Schools Regulation and Quality,DFE-2212,Senior Executive Officer - National,42806,47047,Senior Executive Officer - Schools Regulation and Quality SEO-South West,1.0,Other,South West
2506,Department for Education,Department for Education,Regions Group: National,DFE-2577,EO - National,31479,31479,Executive Officer - Regions Group: National EO-North East,14.0,Other,North East
2507,Department for Education,Department for Education,International Placements,DFE-2491,Senior Executive Officer - National,42806,47047,Senior Executive Officer - Strategy Group - DG Office SEO-Yorkshire and The Humber,1.0,Other,Yorkshire and The Humber
2508,Department for Education,Department for Education,Sustainability and Strategic Projects,DFE-2311,Grade 7 - National,58185,67219,Manager - Disadvantage and Strategic Policy Grade 7-South West,1.0,Other,South West
2509,Department for Education,Department for Education,Digital Strategy,DFE-2694,Grade 7 - National,58185,67219,Manager - Digital Strategy Grade 7-North West,3.0,Other,North West
2510,Department for Education,Department for Education,"Capability, Investments, Analysis and Reporting",DFE-2162,G7 (Accountant) - National,58437,67219,"Manager - Capability, Investments, Analysis and Reporting Grade 7-West Midlands",1.0,Other,West Midlands
2511,Department for Education,Department for Education,"English, Maths, Music & Arts",DFE-2418,EO - National,31479,31479,"Executive Officer - English, Maths, Music & Arts EO-Yorkshire and The Humber",3.0,Other,Yorkshire and The Humber
2512,Department for Education,Department for Education,Family Hubs and Early Years Interventions,DFE-2654,Grade 7 - National,58185,67219,Manager - Family Hubs and Early Years Interventions Grade 7-Yorkshire and The Humber,2.72,Other,Yorkshire and The Humber
2513,Department for Education,Department for Education,Skills Policy Analysis​,DFE-2520,Grade 7 - National,58185,67219,Manager - Skills Policy Analysis​ Grade 7-West Midlands,1.0,Other,West Midlands
2514,Department for Education,Department for Education,Digital Strategy,DFE-2694,Senior Executive Officer - National,42806,47047,Senior Executive Officer - Digital Strategy SEO-Yorkshire and The Humber,1.0,Other,Yorkshire and The Humber
2515,Department for Education,Department for Education,Life Skills,DFE-2456,Grade 7 - National,58185,67219,Manager - Life Skills Grade 7-North East,1.0,Other,North East
2516,Department for Education,Department for Education,Higher Education Strategy and Portfolio,DFE-2239,EO - National,31479,31479,Executive Officer - Higher Education Strategy and Portfolio EO-East Midlands,1.0,Other,East Midlands
2517,Department for Education,Department for Education,Schools Digital,DFE-2504,Senior Executive Officer - National,42806,47047,Senior Executive Officer - Schools Digital SEO-South West,1.0,Other,South West
2518,Department for Education,Department for Education,Central Capital Unit,DFE-2228,HEO - National,36000,38229,Higher Executive Officer - Central Capital Unit HEO-South West,0.64,Other,South West
2519,Department for Education,Department for Education,Open Innovation,DFE-2559,Grade 7 - London,62336,72057,Manager - Open Innovation Grade 7-London,7.0,Other,London
2520,Department for Education,Department for Education,CSC Child Protection and Safeguarding,DFE-2337,Grade 7 - National,58185,67219,Manager - CSC Child Protection and Safeguarding Grade 7-East Of England,1.0,Other,East Of England
2521,Department for Education,Department for Education,Technology Directorate,DFE-2553,Senior Executive Officer - National,42806,47047,Senior Executive Officer - Data Protection Office Grade 7-West Midlands,1.0,Other,West Midlands
2522,Department for Education,Department for Education,"Growth and Skills Levy, Strategy and Engagement",DFE-2642,HEO - National,36000,38229,"Higher Executive Officer - Growth and Skills Levy, Strategy and Engagement HEO-Yorkshire and The Humber",2.0,Other,Yorkshire and The Humber
2523,Department for Education,Department for Education,The Apprenticeships Service (DDAT)​,DFE-2486,EO - National,31479,31479,Executive Officer - The Apprenticeships Service (DDAT)​ HEO-West Midlands,1.0,Other,West Midlands
2524,Department for Education,Department for Education,Schools System Accountability,DFE-2224,Senior Executive Officer - National,42806,47047,Senior Executive Officer - Schools System Accountability SEO-North West,0.81,Other,North West
2525,Department for Education,Department for Education,Policy Lab,DFE-2631,Grade 7 - National,58185,67219,Manager - Policy Lab Grade 7-Yorkshire and The Humber,0.7,Other,Yorkshire and The Humber
2526,Department for Education,Department for Education,Strategic Communications and Campaigns,DFE-2163,HEO (Information Officer) - London,44424,47250,Higher Executive Officer - Strategic Communications and Campaigns HEO-London,3.0,Other,London
2527,Department for Education,Department for Education,Digital Strategy,DFE-2694,Grade 7 - National,58185,67219,Manager - Digital Strategy Grade 7-North East,0.7,Other,North East
2528,Department for Education,Department for Education,Rapid Response Co-ordination,DFE-2382,Senior Executive Officer - National,42806,47047,Senior Executive Officer - DfE Covid-19 Inquiry Response SEO-North East,1.0,Other,North East
2529,Department for Education,Department for Education,HR Services & Specialist Advice,DFE-2001,EO - National,31479,31479,Executive Officer - HR Services & Specialist Advice HEO-North West,1.0,Other,North West
2530,Department for Education,Department for Education,CS Policy Profession Unit,DFE-2498,EO - London,35438,35438,Executive Officer - CS Policy Profession Unit EO-London,4.56,Other,London
2531,Department for Education,Department for Education,Strategic Communications and Campaigns,DFE-2163,EO - National,31479,31479,Executive Officer - Strategic Communications and Campaigns EO-Yorkshire and The Humber,1.0,Other,Yorkshire and The Humber
2532,Department for Education,Department for Education,Developing Teachers and Leaders,DFE-2670,HEO - National,36000,38229,Higher Executive Officer - Teacher Services HEO-West Midlands,1.0,Other,West Midlands
2533,Department for Education,Department for Education,School Based Nursery Expansion,DFE-2640,Senior Executive Officer - National,42806,47047,Senior Executive Officer - School Based Nursery Expansion SEO-North West,1.0,Other,North West
2534,Department for Education,Department for Education,Strategy and Qualifications,DFE-2341,Senior Executive Officer - National,42806,47047,Senior Executive Officer - Strategy and Qualifications SEO-Yorkshire and The Humber,1.0,Other,Yorkshire and The Humber
2535,Department for Education,Department for Education,News and Social Media,DFE-2145,SEO (Information Officer) - London,52799,58810,Senior Executive Officer - News and Social Media SEO-London,11.0,Other,London
2536,Department for Education,Department for Education,Teaching Workforce Teaching Analysis,DFE-2183,HEO (Higher Scientific Officer) - National,40044,42778,Higher Executive Officer - Teaching Workforce Teaching Analysis HEO-East Midlands,1.0,Other,East Midlands
2537,Department for Education,Skills England,Analysis and Insights,DFE-2434,Grade 6 - National,70854,78241,Manager - Analysis and Insight Grade 6-North West,1.0,Other,North West
2538,Department for Education,Department for Education,Essential Skills and Multiply,DFE-2104,HEO - National,36000,38229,Higher Executive Officer - Essential Skills and Multiply SEO-Yorkshire and The Humber,1.0,Other,Yorkshire and The Humber
2539,Department for Education,Department for Education,Life Skills,DFE-2456,Grade 7 - National,58185,67219,Manager - Life Skills Grade 7-South West,0.8,Other,South West
2540,Department for Education,Department for Education,Specialist Sector Reform,DFE-2353,HEO - National,36000,38229,Higher Executive Officer - Specialist Sector Reform HEO-Yorkshire and The Humber,1.0,Other,Yorkshire and The Humber
2541,Department for Education,Department for Education,Early Years Sufficiency and Entitlements,DFE-2225,HEO - National,36000,38229,Higher Executive Officer - Early Years Sufficiency and Entitlements HEO-North West,0.56,Other,North West
2542,Department for Education,Department for Education,Schools Digital,DFE-2504,Grade 7 - National,58185,67219,Manager - Schools Digital Grade 7-South West,2.0,Other,South West
2543,Department for Education,Department for Education,"Construction Programme Management, Planning and Assurance",DFE-2623,HEO - National,36000,38229,"Higher Executive Officer - Construction Programme Management, Planning and Assurance HEO-North East",2.0,Other,North East
2544,Department for Education,Department for Education,Cyber and Information Security (CISO),DFE-2485,Grade 7 - National,58185,67219,Manager - Cyber and Information Security (CISO) Grade 7-South West,0.72,Other,South West
2545,Department for Education,Department for Education,Higher Education Analysis,DFE-2632,Grade 6 - National,70854,78241,Manager - HE Analysis Grade 6-North West,1.0,Other,North West
2546,Department for Education,Department for Education,Legislation Division,DFE-2624,Senior Executive Officer - London,46971,51973,Senior Executive Officer - Legislation Division SEO-London,2.0,Other,London
2547,Department for Education,Department for Education,Technology Operations,DFE-2461,HEO - National,36000,38229,Higher Executive Officer - Technology Operations HEO-East Midlands,1.0,Other,East Midlands
2548,Department for Education,Department for Education,The Apprenticeships Service (DDAT)​,DFE-2486,EO - National,31479,31479,Executive Officer - Digital Outcome Portfolio NCS EO-North West,1.0,Other,North West
2549,Department for Education,Department for Education,Improvement and Insight,DFE-2223,SEO (Senior Research Officer) - National,48999,53884,Senior Executive Officer - Improvement and Insight SEO-East Midlands,0.8,Other,East Midlands
2550,Department for Education,Department for Education,HR Productive and Agile,DFE-2676,Grade 7 - National,58185,67219,Manager - HR Productive and Agile Grade 7-East Midlands,1.0,Other,East Midlands
2551,Department for Education,Department for Education,Independent Market Oversight,DFE-2507,EO - National,31479,31479,Executive Officer - Independent Market Oversight EO-East Of England,1.0,Other,East Of England
2552,Department for Education,Department for Education,Technology Directorate,DFE-2553,HEO - London,40132,42699,Higher Executive Officer - Data Protection Office SEO-London,1.0,Other,London
2553,Department for Education,Department for Education,"Financial Business Partnering: Schools, Families, Regions and Hub",DFE-2151,SEO (Accountant) - National,49615,54551,"Senior Executive Officer - Financial Business Partnering: Schools, Families, Regions and Hub SEO-East Midlands",1.0,Other,East Midlands
2554,Department for Education,Department for Education,Skills Policy Analysis​,DFE-2520,SEO (Senior Research Officer) - National,48999,53884,Senior Executive Officer - Skills Policy Analysis​ SEO-South West,1.0,Other,South West
2555,Department for Education,Department for Education,Regions Group: West Midlands,DFE-2406,HEO - National,36000,38229,Higher Executive Officer - Regions Group: West Midlands HEO-Yorkshire and The Humber,1.56,Other,Yorkshire and The Humber
2556,Department for Education,Department for Education,CSC Serious Incidents and National Safeguarding Panel,DFE-2299,Grade 6 - National,70854,78241,Manager - CSC Serious Incidents and National Safeguarding Panel Grade 6-Unknown,1.0,Other,Unknown
2557,Department for Education,Department for Education,Work Based Skills Operations and Performance,DFE-2423,HEO - National,36000,38229,Higher Executive Officer - Work Based Skills Operations and Performance HEO-North East,1.8,Other,North East
2558,Department for Education,Department for Education,Sector Skills,DFE-2620,HEO - National,36000,38229,Higher Executive Officer - Sector Skills HEO-North East,1.0,Other,North East
2559,Department for Education,Department for Education,"CSC Social Worker Training, Development and Leadership",DFE-2558,Senior Executive Officer - National,42806,47047,"Senior Executive Officer - CSC Social Worker Training, Development and Leadership SEO-North East",1.81,Other,North East
2560,Department for Education,Department for Education,Advanced Analytics Division,DFE-2557,HEO - National,36000,38229,Higher Executive Officer - Advanced Analytics HEO-Yorkshire and The Humber,2.0,Other,Yorkshire and The Humber
2561,Department for Education,Department for Education,International Placements,DFE-2491,EO - National,31479,31479,Executive Officer - International Placements EO-West Midlands,1.0,Other,West Midlands
2562,Department for Education,Department for Education,Regions Group: North West,DFE-2514,HEO - National,36000,38229,Higher Executive Officer - Regions Group: North West HEO-North East,2.0,Other,North East
2563,Department for Education,Department for Education,Digital Delivery - Schools,DFE-2664,HEO - National,36000,38229,Higher Executive Officer - Digital Delivery - Schools HEO-North East,0.8,Other,North East
2564,Department for Education,Department for Education,High Quality Curriculum,DFE-2324,Grade 7 - National,58185,67219,Manager - High Quality Curriculum Grade 7-West Midlands,1.0,Other,West Midlands
2565,Department for Education,Department for Education,SEND Strategy,DFE-2571,HEO - National,36000,38229,Higher Executive Officer - SEND Strategy HEO-Yorkshire and The Humber,2.0,Other,Yorkshire and The Humber
2566,Department for Education,Department for Education,Inclusive Mainstream,DFE-2647,Senior Executive Officer - National,42806,47047,Senior Executive Officer - Inclusive Mainstream SEO-North West,1.0,Other,North West
2567,Department for Education,Department for Education,Major Projects and Risk,DFE-2608,Grade 7 - National,58185,67219,Manager - Project Delivery Capability Lead-East Midlands,1.0,Other,East Midlands
2568,Department for Education,Standard and Testing Agency,"Standards, Testing and Regulation Directorate",DFE-2135,EO - National,31479,31479,Executive Officer - Assessment Operations and Services EO-Yorkshire and The Humber,3.8,Other,Yorkshire and The Humber
2569,Department for Education,Department for Education,Policy Lab,DFE-2631,Senior Executive Officer - National,42806,47047,Senior Executive Officer - Policy Lab SEO-Yorkshire and The Humber,0.9,Other,Yorkshire and The Humber
2570,Department for Education,Department for Education,Higher Education Analysis,DFE-2632,HEO (Higher Statistical Officer) - National,40044,42778,Higher Executive Officer - HE Analysis HEO-East Midlands,1.0,Other,East Midlands
2571,Department for Education,Department for Education,"Early Years Quality, Recovery and Welfare",DFE-2240,EO - National,31479,31479,"Executive Officer - Early Years Quality, Recovery and Welfare EO-East Midlands",0.86,Other,East Midlands
2572,Department for Education,Department for Education,Regions Group: East Midlands,DFE-2022,EO - National,31479,31479,Executive Officer - Regions Group: East Midlands EO-West Midlands,0.86,Other,West Midlands
2573,Department for Education,Department for Education,Teachers' Pension Scheme,DFE-2675,EO - National,31479,31479,Executive Officer - Teachers' Pension Scheme EO-Yorkshire and The Humber,1.0,Other,Yorkshire and The Humber
2574,Department for Education,Department for Education,Infrastructure & Platforms,DFE-2281,EO - National,31479,31479,Executive Officer - Infrastructure & Platforms EO-North West,1.0,Other,North West
2575,Department for Education,Department for Education,Advanced Analytics Division,DFE-2557,Senior Executive Officer - National,42806,47047,Senior Executive Officer - Advanced Analytics SEO-North West,4.0,Other,North West
2576,Department for Education,Department for Education,DDT Incubator,DFE-2475,Grade 7 - National,58185,67219,Manager - DDT Incubator Grade 7-South West,2.0,Other,South West
2577,Department for Education,Department for Education,Schools Digital,DFE-2504,Grade 7 - National,58185,67219,Manager - Schools Digital Grade 7-East Midlands,2.0,Other,East Midlands
2578,Department for Education,Department for Education,"Growth and Skills Levy, Strategy and Engagement",DFE-2642,HEO - National,36000,38229,"Higher Executive Officer - Growth and Skills Levy, Strategy and Engagement HEO-North West",2.0,Other,North West
2579,Department for Education,Department for Education,CSC Child Protection and Safeguarding,DFE-2337,HEO - National,36000,38229,Higher Executive Officer - CSC Child Protection and Safeguarding HEO-North West,1.75,Other,North West
2580,Department for Education,Skills England,Regions,DFE-2197,Grade 6 - National,70854,78241,Manager - Regions Grade 6-South West,1.0,Other,South West
2581,Department for Education,Department for Education,"Breakfast Clubs, Wraparound Childcare and HAF",DFE-2544,HEO - National,36000,38229,"Higher Executive Officer - Breakfast Clubs, Wraparound Childcare and HAF HEO-North West",1.0,Other,North West
2582,Department for Education,Department for Education,SFSO Central Division,DFE-2202,EO - National,31479,31479,Executive Officer - SFSO Central Division EO-North East,1.0,Other,North East
2583,Department for Education,Department for Education,"CSC Social Worker Training, Development and Leadership",DFE-2558,Grade 7 - National,58185,67219,"Manager - CSC Social Worker Training, Development and Leadership Grade 7-North East",1.0,Other,North East
2584,Department for Education,Department for Education,Digital Delivery - Vulnerable Families & Children,DFE-2503,HEO - National,36000,38229,Higher Executive Officer - Digital Delivery - Vulnerable Families & Children HEO-South West,1.0,Other,South West
2585,Department for Education,Department for Education,Higher Education Quality and Regulation,DFE-2649,Senior Executive Officer - National,42806,47047,Senior Executive Officer - Higher Education Quality and Regulation SEO-North East,1.0,Other,North East
2586,Department for Education,Department for Education,Regions Group: East Midlands,DFE-2022,EO - National,31479,31479,Executive Officer - Regions Group: East Midlands EO-East Midlands,1.0,Other,East Midlands
2587,Department for Education,Department for Education,Future Student Finance and Funding​,DFE-2665,Grade 7 - London,62336,72057,Manager - Future Student Finance and Funding​ Grade 6-London,1.0,Other,London
2588,Department for Education,Department for Education,Schools and Funding Analysis,DFE-2567,SEO (Statistical Officer) - National,48999,53884,Senior Executive Officer - Schools and Funding Analysis SEO-North East,1.0,Other,North East
2589,Department for Education,Department for Education,Operations and Infrastructure Group,DFE-2536,Senior Executive Officer - National,42806,47047,Senior Executive Officer - Commercial School Resource Management (Protected) SEO-West Midlands,2.0,Other,West Midlands
2590,Department for Education,Department for Education,Regions Group: North East and National SEND Improvement and Transformation,DFE-2701,Senior Executive Officer - National,42806,47047,Senior Executive Officer - Regions Group: North East and National SEND Improvement and Transformation SEO-Yorkshire and The Humber,2.0,Other,Yorkshire and The Humber
2591,Department for Education,Department for Education,Schools and Funding Analysis,DFE-2567,SEO (Scientific Officer) - National,48999,53884,Senior Executive Officer - Schools and Funding Analysis SEO-East Midlands,2.0,Other,East Midlands
2592,Department for Education,Department for Education,Major Projects and Risk,DFE-2608,Senior Executive Officer - National,42806,47047,Senior Executive Officer - Major Projects and Risks SEO-Yorkshire and The Humber,3.0,Other,Yorkshire and The Humber
2593,Department for Education,Department for Education,CS Policy Profession Unit,DFE-2498,HEO - National,36000,38229,Higher Executive Officer - CS Policy Profession Unit HEO-West Midlands,2.0,Other,West Midlands
2594,Department for Education,Department for Education,Capital Delivery,DFE-2568,Senior Executive Officer - National,42806,47047,Senior Executive Officer - Construction and External Technical Services SEO-Unknown,1.0,Other,Unknown
2595,Department for Education,Department for Education,Schools Digital,DFE-2504,HEO - National,36000,38229,Higher Executive Officer - Schools Digital HEO-North East,3.0,Other,North East
2596,Department for Education,Department for Education,Operations and Infrastructure Group,DFE-2536,Senior Executive Officer - National,42806,47047,Senior Executive Officer - Commercial Specialist - Families SEO-North East,2.0,Other,North East
2597,Department for Education,Department for Education,Enterprise Data for Access and Sharing,DFE-2658,Senior Executive Officer - National,42806,47047,Senior Executive Officer - Enterprise Data for Access and Sharing SEO-East Of England,2.0,Other,East Of England
2598,Department for Education,Department for Education,Delivery Unit,DFE-2501,Senior Executive Officer - National,42806,47047,Senior Executive Officer - Delivery Unit SEO-East Midlands,1.0,Other,East Midlands
2599,Department for Education,Department for Education,School Strategy and System,DFE-2639,HEO - National,36000,38229,Higher Executive Officer - School Strategy and System HEO-North West,1.0,Other,North West
2600,Department for Education,Department for Education,Technology Operations,DFE-2461,Grade 6 - National,70854,78241,Manager - Technology Operations Grade 6-North West,1.0,Other,North West
2601,Department for Education,Department for Education,Operations and Infrastructure Group,DFE-2536,Senior Executive Officer - National,42806,47047,Senior Executive Officer - Commercial School Resource Management (Protected) SEO-North East,2.0,Other,North East
2602,Department for Education,Department for Education,Independent Market Oversight,DFE-2507,Senior Executive Officer - National,42806,47047,Senior Executive Officer - Independent Market Oversight SEO-North East,0.81,Other,North East
2603,Department for Education,Standard and Testing Agency,"Standards, Testing and Regulation Directorate",DFE-2135,EO - National,31479,31479,Executive Officer - Assessment Operations and Services EO-East Midlands,1.0,Other,East Midlands
2604,Department for Education,Department for Education,Further Education Funding,DFE-2100,HEO - National,36000,38229,Higher Executive Officer - FE Funding HEO-Yorkshire and The Humber,1.28,Other,Yorkshire and The Humber
2605,Department for Education,Department for Education,"Growth and Skills Levy, Strategy and Engagement",DFE-2642,HEO - National,36000,38229,"Higher Executive Officer - Growth and Skills Levy, Strategy and Engagement HEO-East Midlands",1.0,Other,East Midlands
2606,Department for Education,Department for Education,Developing Teachers and Leaders,DFE-2670,Grade 7 - National,58185,67219,Manager - Developing Teachers and Leaders Grade 7-East Of England,1.0,Other,East Of England
2607,Department for Education,Department for Education,Central Strategic Finance,DFE-2604,HEO - National,36000,38229,Higher Executive Officer - Central Strategic Finance HEO-South West,1.0,Other,South West
2608,Department for Education,Standard and Testing Agency,STA Assessment DDaT,DFE-2607,HEO - National,36000,38229,Higher Executive Officer - STA Assessment DDaT HEO-Yorkshire and The Humber,2.0,Other,Yorkshire and The Humber
2609,Department for Education,Department for Education,Central Analysis Unit,DFE-2238,HEO (Higher Statistical Officer) - National,40044,42778,Higher Executive Officer - Central Research and Evaluation & Chief Social Researcher HEO-West Midlands,1.0,Other,West Midlands
2610,Department for Education,Standard and Testing Agency,"Standards, Testing and Regulation Directorate",DFE-2135,EO - National,31479,31479,Executive Officer - Assessment Operations and Services HEO-North East,1.0,Other,North East
2611,Department for Education,Department for Education,"Estates, Security and People",DFE-2025,HEO - National,36000,38229,Higher Executive Officer - Operations and Infrastructure DG Office SEO-North East,1.0,Other,North East
2612,Department for Education,Department for Education,Operations and Infrastructure Group,DFE-2536,Senior Executive Officer - National,42806,47047,Senior Executive Officer - Commercial Specialist - Families SEO-Yorkshire and The Humber,1.0,Other,Yorkshire and The Humber
2613,Department for Education,Department for Education,Developing Teachers and Leaders,DFE-2670,HEO - National,36000,38229,Higher Executive Officer - Developing Teachers and Leaders HEO-North East,1.0,Other,North East
2614,Department for Education,Department for Education,Construction Delivery North West and West Midlands,DFE-2646,HEO - National,36000,38229,Higher Executive Officer - Construction Delivery North West and West Midlands HEO-Unknown,2.0,Other,Unknown
2615,Department for Education,Department for Education,DDT Incubator,DFE-2475,Grade 6 - National,70854,78241,Manager - DDT Incubator Grade 6-North West,1.67,Other,North West
2616,Department for Education,Department for Education,Operations and Infrastructure Group,DFE-2536,EO - National,31479,31479,Executive Officer - Commercial Specialist - Skills EO-Yorkshire and The Humber,1.5,Other,Yorkshire and The Humber
2617,Department for Education,Department for Education,Operations and Infrastructure Group,DFE-2536,Senior Executive Officer - National,42806,47047,Senior Executive Officer - Schools Commercial Strategy SEO-North East,3.0,Other,North East
2618,Department for Education,Department for Education,Operations and Infrastructure Group,DFE-2536,EO - National,31479,31479,Executive Officer - Schools Commercial Strategy EO-North East,1.0,Other,North East
2619,Department for Education,Department for Education,Further Education Funding,DFE-2100,Grade 7 - London,62336,72057,Manager - FE System and Oversight Grade 7-London,1.0,Other,London
2620,Department for Education,Department for Education,Developing Teachers and Leaders,DFE-2670,HEO - National,36000,38229,Higher Executive Officer - Teacher Services HEO-North West,1.0,Other,North West
2621,Department for Education,Department for Education,Financial Reporting,DFE-2454,EO - National,31479,31479,Executive Officer - Financial Reporting EO-North West,1.8,Other,North West
2622,Department for Education,Department for Education,Curriculum & Assessment Review,DFE-2641,Senior Executive Officer - National,42806,47047,Senior Executive Officer - Curriculum & Assessment Review SEO (Position Vacate:06/10/2025)-North West,1.0,Other,North West
2623,Department for Education,Department for Education,Operations and Infrastructure Group,DFE-2536,EO - National,31479,31479,Executive Officer - Commercial Specialist - Skills EO-North East,0.64,Other,North East
2624,Department for Education,Department for Education,News and Social Media,DFE-2145,SEO (Information Officer) - National,48999,53884,Senior Executive Officer - News and Social Media SEO-Yorkshire and The Humber,1.0,Other,Yorkshire and The Humber
2625,Department for Education,Department for Education,Education Estates Strategy and Policy Unit,DFE-2072,HEO - National,36000,38229,Higher Executive Officer - Education Estates Strategy and Policy Unit HEO-West Midlands,1.0,Other,West Midlands
2626,Department for Education,Department for Education,Work Based Skills Operational Delivery,DFE-2619,HEO - National,36000,38229,Higher Executive Officer - Work Based Skills Operational Delivery HEO-West Midlands,1.0,Other,West Midlands
2627,Department for Education,Department for Education,Operations and Infrastructure Group,DFE-2536,Senior Executive Officer - National,42806,47047,Senior Executive Officer - Commercial Specialist - ESFA SEO-West Midlands,1.0,Other,West Midlands
2628,Department for Education,Department for Education,Open Innovation,DFE-2559,Grade 7 - National,58185,67219,Manager - Open Innovation Grade 7-North East,1.0,Other,North East
2629,Department for Education,Department for Education,"HR Business Partners, Workforce Skills and Strategy",DFE-2681,EA - National,27244,27244,"Executive Assistant - HR Business Partners, Workforce Skills and Strategy EA-West Midlands",1.0,Other,West Midlands
2630,Department for Education,Department for Education,Construction Delivery North West and West Midlands,DFE-2646,EO - National,31479,31479,Executive Officer - Construction Delivery North West and West Midlands EO-Unknown,1.0,Other,Unknown
2631,Department for Education,Department for Education,North Place Based Team & ESF,DFE-2332,EO - National,31479,31479,Executive Officer - North Place Based Team & ESF EO-North East,1.0,Other,North East
2632,Department for Education,Department for Education,Digital Strategy,DFE-2694,Senior Executive Officer - London,46971,51973,Senior Executive Officer - Digital Strategy SEO-London,2.0,Other,London
2633,Department for Education,Department for Education,"Education Estates Design, Engineering, Cost and Building Technology",DFE-2208,Grade 7 - National,58185,67219,"Manager - Education Estates Design, Engineering, Cost and Building Technology Grade 7-Yorkshire and The Humber",1.0,Other,Yorkshire and The Humber
2634,Department for Education,Department for Education,Central Analysis Unit,DFE-2238,Grade 6 - National,70854,78241,Manager - Central Analysis Unit Grade 6-Yorkshire and The Humber,1.0,Other,Yorkshire and The Humber
2635,Department for Education,Department for Education,HR Services & Specialist Advice,DFE-2001,EO - National,31479,31479,Executive Officer - HR Services & Specialist Advice EO-North West,4.0,Other,North West
2636,Department for Education,Department for Education,Technology Directorate,DFE-2553,Senior Executive Officer - London,46971,51973,Senior Executive Officer - DDT Central Operations SEO-London,1.0,Other,London
2637,Department for Education,Department for Education,Infrastructure & Platforms,DFE-2281,Grade 7 - London,62336,72057,Manager - Infrastructure & Platforms Grade 7-London,2.81,Other,London
2638,Department for Education,Department for Education,"Construction Programme Management, Planning and Assurance",DFE-2623,EO - National,31479,31479,"Executive Officer - Construction Programme Management, Planning and Assurance EO-Yorkshire and The Humber",1.0,Other,Yorkshire and The Humber
2639,Department for Education,Department for Education,Infrastructure & Platforms,DFE-2281,Grade 7 - National,58185,67219,Manager - Infrastructure & Platforms Grade 7-South West,2.0,Other,South West
2640,Department for Education,Department for Education,Funding Policy Unit,DFE-2009,Senior Executive Officer - National,42806,47047,Senior Executive Officer - Funding Policy Unit SEO-North East,1.0,Other,North East
2641,Department for Education,Department for Education,Digital Delivery - Funding Services,DFE-2610,HEO - National,36000,38229,Higher Executive Officer - Digital Delivery - Funding Services HEO-North West,1.0,Other,North West
2642,Department for Education,Department for Education,The Apprenticeships Service (DDAT)​,DFE-2486,Grade 7 - National,58185,67219,Manager - The Apprenticeships Service (DDAT)​ Grade 7-East Midlands,1.0,Other,East Midlands
2643,Department for Education,Department for Education,T - Level Policy,DFE-2542,Senior Executive Officer - National,42806,47047,Senior Executive Officer - T - Level Policy​ SEO-North West,1.0,Other,North West
2644,Department for Education,Department for Education,Curriculum & Assessment Review,DFE-2641,Grade 7 - London,62336,72057,Manager - Curriculum & Assessment Review Grade 7-London,3.0,Other,London
2645,Department for Education,Department for Education,"Estates, Security and People",DFE-2025,HEO - National,36000,38229,"Higher Executive Officer - Estates, Security and People HEO-South West",1.0,Other,South West
2646,Department for Education,Department for Education,Counter Fraud  and Prevention,DFE-2290,Grade 7 - National,58185,67219,Manager - Counter Fraud and Prevention Grade 7-South West,2.0,Other,South West
2647,Department for Education,Department for Education,Enterprise Data for Insight,DFE-2392,HEO - National,36000,38229,Higher Executive Officer - Enterprise Data for Insight HEO-West Midlands,1.0,Other,West Midlands
2648,Department for Education,Department for Education,CSC Serious Incidents and National Safeguarding Panel,DFE-2299,SEO (Statistical Officer) - National,48999,53884,Senior Executive Officer - CSC Serious Incidents and National Safeguarding Panel SEO-North West,1.0,Other,North West
2649,Department for Education,Department for Education,Schools Regulation and Quality,DFE-2212,Senior Executive Officer - National,42806,47047,Senior Executive Officer - Schools Regulation and Quality SEO-West Midlands,0.67,Other,West Midlands
2650,Department for Education,Department for Education,Supporting and Rewarding Teachers and Leaders,DFE-2637,Senior Executive Officer - National,42806,47047,Senior Executive Officer - Supporting and Rewarding Teachers and Leaders SEO-South West,1.0,Other,South West
2651,Department for Education,Department for Education,Central Capital Unit,DFE-2228,Grade 7 - National,58185,67219,Manager - Central Capital Unit Grade 7-South West,2.0,Other,South West
2652,Department for Education,Department for Education,Strategic Communications and Campaigns,DFE-2163,SEO (Information Officer) - National,48999,53884,Senior Executive Officer - Strategic Communications and Campaigns SEO (Position Vacate:02/11/2025)-North West,1.0,Other,North West
2653,Department for Education,Department for Education,Commercial Operations,DFE-2355,EO - National,31479,31479,Executive Officer - Commercial Operations HEO-West Midlands,1.0,Other,West Midlands
2654,Department for Education,Standard and Testing Agency,STA Assessment DDaT,DFE-2607,Grade 7 - National,58185,67219,Manager - STA Assessment DDaT Grade 7-North West,2.0,Other,North West
2655,Department for Education,Department for Education,"Behaviour, Exclusions and School Food",DFE-2662,HEO - National,36000,38229,"Higher Executive Officer - Behaviour, Exclusions and School Food HEO-Yorkshire and The Humber",3.0,Other,Yorkshire and The Humber
2656,Department for Education,Department for Education,Major Projects and Risk,DFE-2608,Senior Executive Officer - National,42806,47047,Senior Executive Officer - Major Projects and Risks SEO-North East,1.0,Other,North East
2657,Department for Education,Department for Education,Schools Productivity Unit,DFE-2651,EO - National,31479,31479,Executive Officer - Schools Productivity Unit EO-North West,1.0,Other,North West
2658,Department for Education,Department for Education,Regions Group: Yorkshire and the Humber,DFE-2375,Senior Executive Officer - National,42806,47047,Senior Executive Officer - Regions Group: Yorkshire and the Humber Grade 7-Yorkshire and The Humber,1.0,Other,Yorkshire and The Humber
2659,Department for Education,Department for Education,CSC Serious Incidents and National Safeguarding Panel,DFE-2299,Senior Executive Officer - National,42806,47047,Senior Executive Officer - CSC Serious Incidents and National Safeguarding Panel SEO-East Midlands,2.0,Other,East Midlands
2660,Department for Education,Department for Education,Skills Strategy and Delivery,DFE-2570,EO - National,31479,31479,Executive Officer - Skills Strategy and Delivery EO-East Midlands,1.0,Other,East Midlands
2661,Department for Education,Department for Education,Counter Fraud  and Prevention,DFE-2290,HEO - National,36000,38229,Higher Executive Officer - Counter Fraud and Prevention HEO-North West,2.0,Other,North West
2662,Department for Education,Department for Education,Operations and Infrastructure Group,DFE-2536,Senior Executive Officer - National,42806,47047,Senior Executive Officer - Commercial Specialist - Families SEO-North West,3.0,Other,North West
2663,Department for Education,Skills England,Analysis and Insights,DFE-2434,Grade 7 - National,58185,67219,Manager - Analysis and Insight Grade 7-West Midlands,2.51,Other,West Midlands
2664,Department for Education,Department for Education,Financial Reporting,DFE-2454,SEO (Accountant) - National,49615,54551,Senior Executive Officer - Strategy and Operations Financial Management SEO-Yorkshire and The Humber,1.0,Other,Yorkshire and The Humber
2665,Department for Education,Department for Education,Policy Lab,DFE-2631,Grade 7 - National,58185,67219,Manager - Policy Lab Grade 7-South West,2.0,Other,South West
2666,Department for Education,Department for Education,International Strategy & Partnerships,DFE-2432,HEO - London,40132,42699,Higher Executive Officer - International Strategy & Partnerships HEO-London,3.0,Other,London
2667,Department for Education,Department for Education,Regions Group: North East,DFE-2409,HEO - National,36000,38229,Higher Executive Officer - Regions Group: North East HEO-North West,2.0,Other,North West
2668,Department for Education,Department for Education,The Apprenticeships Service (DDAT)​,DFE-2486,EO - London,35438,35438,Executive Officer - The Apprenticeships Service (DDAT)​ EO-London,1.0,Other,London
2669,Department for Education,Department for Education,Work Based Skills Operational Delivery,DFE-2619,HEO - National,36000,38229,Higher Executive Officer - Work Based Skills Operational Delivery HEO-East Midlands,1.0,Other,East Midlands
2670,Department for Education,Department for Education,Customer Experience & Design,DFE-2478,EO - National,31479,31479,Executive Officer - Customer Experience & Design EO-West Midlands,1.0,Other,West Midlands
2671,Department for Education,Department for Education,"Early Years Quality, Recovery and Welfare",DFE-2240,HEO - National,36000,38229,"Higher Executive Officer - Early Years Quality, Recovery and Welfare HEO-South West",1.0,Other,South West
2672,Department for Education,Department for Education,Open Innovation,DFE-2559,HEO - National,36000,38229,Higher Executive Officer - Open Innovation HEO-North East,1.0,Other,North East
2673,Department for Education,Department for Education,Strategic Communications and Campaigns,DFE-2163,HEO (Information Officer) - National,40044,42778,Higher Executive Officer - Strategic Communications and Campaigns SEO-Yorkshire and The Humber,1.0,Other,Yorkshire and The Humber
2674,Department for Education,Department for Education,Essential Skills and Multiply,DFE-2104,Senior Executive Officer - National,42806,47047,Senior Executive Officer - Essential Skills and Multiply SEO-North East,1.0,Other,North East
2675,Department for Education,Department for Education,Sustainability and Strategic Projects,DFE-2311,Grade 7 - National,58185,67219,Manager - Disadvantage and Strategic Policy Grade 7-North West,1.0,Other,North West
2676,Department for Education,Department for Education,Central Analysis Unit,DFE-2238,HEO (Higher Scientific Officer) - National,40044,42778,Higher Executive Officer - Central Research and Evaluation & Chief Social Researcher HEO-South West,0.8,Other,South West
2677,Department for Education,Department for Education,Schools Digital,DFE-2504,Grade 6 - National,70854,78241,Manager - Schools Digital Grade 6-Yorkshire and The Humber,1.0,Other,Yorkshire and The Humber
2678,Department for Education,Department for Education,"English, Maths, Music & Arts",DFE-2418,Senior Executive Officer - National,42806,47047,"Senior Executive Officer - English, Maths, Music & Arts SEO-West Midlands",1.0,Other,West Midlands
2679,Department for Education,Department for Education,Operations and Infrastructure Group,DFE-2536,Senior Executive Officer - National,42806,47047,Senior Executive Officer - RPA Digital Lead-North West,1.0,Other,North West
2680,Department for Education,Department for Education,Enterprise Data for Insight,DFE-2392,Senior Executive Officer - National,42806,47047,Senior Executive Officer - Enterprise Data for Insight SEO-South West,2.0,Other,South West
2681,Department for Education,Department for Education,Technology Operations,DFE-2461,Grade 7 - National,58185,67219,Manager - Data Protection Office Grade 7-North West,0.86,Other,North West
2682,Department for Education,Department for Education,International Strategy & Partnerships,DFE-2432,Senior Executive Officer - National,42806,47047,Senior Executive Officer - International Strategy & Partnerships SEO-North West,1.0,Other,North West
2683,Department for Education,Department for Education,Regions Group: North East,DFE-2056,Grade 7 - National,58185,67219,Manager - Regions Group: North East Grade 7-North West,1.0,Other,North West
2684,Department for Education,Department for Education,CSC Strategy and System,DFE-2401,HEO - National,36000,38229,Higher Executive Officer - CSC Strategy and System HEO-Yorkshire and The Humber,2.0,Other,Yorkshire and The Humber
2685,Department for Education,Department for Education,Digital Delivery - Schools,DFE-2664,Grade 6 - National,70854,78241,Manager - Digital Delivery - Schools Grade 6-West Midlands,1.0,Other,West Midlands
2686,Department for Education,Department for Education,Family Support,DFE-2305,Senior Executive Officer - National,42806,47047,Senior Executive Officer - Family Support SEO-East Midlands,1.0,Other,East Midlands
2687,Department for Education,Department for Education,Counter Fraud  and Prevention,DFE-2290,Grade 6 - National,70854,78241,Manager - Counter Fraud and Prevention Grade 6-North East,1.0,Other,North East
2688,Department for Education,Department for Education,Education Estates Portfolio Oversight and Directorate Support,DFE-2648,HEO - National,36000,38229,Higher Executive Officer - Education Estates Portfolio Oversight and Directorate Support HEO-Yorkshire and The Humber,1.0,Other,Yorkshire and The Humber
2689,Department for Education,Department for Education,Operations and Infrastructure Group,DFE-2536,Senior Executive Officer - National,42806,47047,Senior Executive Officer - Commercial School Resource Management (Protected) SEO-East Midlands,1.0,Other,East Midlands
2690,Department for Education,Department for Education,Supporting and Rewarding Teachers and Leaders,DFE-2637,Senior Executive Officer - National,42806,47047,Senior Executive Officer - Supporting and Rewarding Teachers and Leaders Grade 7-Yorkshire and The Humber,1.0,Other,Yorkshire and The Humber
2691,Department for Education,Department for Education,Digital Strategy,DFE-2694,HEO - National,36000,38229,Higher Executive Officer - Digital Strategy HEO-West Midlands,1.0,Other,West Midlands
2692,Department for Education,Department for Education,Strategy and Portfolio,DFE-2277,Senior Executive Officer - National,42806,47047,Senior Executive Officer - Strategy and Portfolio SEO-North West,1.0,Other,North West
2693,Department for Education,Department for Education,"Education Estates Design, Engineering, Cost and Building Technology",DFE-2208,HEO - National,36000,38229,"Higher Executive Officer - Education Estates Design, Engineering, Cost and Building Technology HEO-Unknown",1.0,Other,Unknown
2694,Department for Education,Department for Education,Regions Group: North East and National SEND Improvement and Transformation,DFE-2701,Grade 7 - London,62336,72057,Manager - Regions Group: North East and National SEND Improvement and Transformation Grade 7-London,2.0,Other,London
2695,Department for Education,Department for Education,Financial Reporting,DFE-2454,Grade 7 - National,58185,67219,Manager - Financial Reporting Grade 7-South West,1.0,Other,South West
2696,Department for Education,Department for Education,"Growth and Skills Levy, Strategy and Engagement",DFE-2642,Senior Executive Officer - London,46971,51973,"Senior Executive Officer - Growth and Skills Levy, Strategy and Engagement Grade 7-London",1.0,Other,London
2697,Department for Education,Department for Education,Improvement and Insight,DFE-2223,Grade 7 - National,58185,67219,Manager - Improvement and Insight Grade 7-South West,1.0,Other,South West
2698,Department for Education,Department for Education,Further Education Funding,DFE-2100,Senior Executive Officer - National,42806,47047,Senior Executive Officer - FE Funding SEO-West Midlands,1.0,Other,West Midlands
2699,Department for Education,Department for Education,"Education Estates Legal, Land and Planning",DFE-2207,Grade 6 - National,70854,78241,"Manager - Education Estates Legal, Land and Planning Grade 6-West Midlands",1.0,Other,West Midlands
2700,Department for Education,Department for Education,The Apprenticeships Service (DDAT)​,DFE-2486,Senior Executive Officer - National,42806,47047,Senior Executive Officer - Digital Outcome Portfolio NCS SEO-North West,1.0,Other,North West
2701,Department for Education,Department for Education,The Apprenticeships Service (DDAT)​,DFE-2486,Senior Executive Officer - National,42806,47047,Senior Executive Officer - The Apprenticeships Service (DDAT)​ SEO-North West,4.0,Other,North West
2702,Department for Education,Department for Education,Get Into Teaching,DFE-2677,Grade 6 - London,74528,82869,Manager - Get Into Teaching Grade 6-London,1.0,Other,London
2703,Department for Education,Department for Education,Enterprise Data for Access and Sharing,DFE-2658,Senior Executive Officer - National,42806,47047,Senior Executive Officer - Enterprise Data for Access and Sharing SEO-East Midlands,1.0,Other,East Midlands
2704,Department for Education,Department for Education,"Payroll, Reward, Policies and ER",DFE-2527,Grade 7 - National,58185,67219,"Manager - Payroll, Reward, Policies and ER Grade 7-West Midlands",1.0,Other,West Midlands
2705,Department for Education,Department for Education,CSC Child Protection and Safeguarding,DFE-2337,HEO - National,36000,38229,Higher Executive Officer - CSC Child Protection and Safeguarding HEO-South West,0.7,Other,South West
2706,Department for Education,Department for Education,Supporting and Rewarding Teachers and Leaders,DFE-2637,HEO (Information Officer) - National,40044,42778,Higher Executive Officer - Supporting and Rewarding Teachers and Leaders HEO-West Midlands,1.0,Other,West Midlands
2707,Department for Education,Department for Education,The Apprenticeships Service (DDAT)​,DFE-2486,EO - London,35438,35438,Executive Officer - Digital Outcome Portfolio NCS EO-London,1.0,Other,London
2708,Department for Education,Department for Education,The Apprenticeships Service (DDAT)​,DFE-2486,Grade 7 - National,58185,67219,Manager - Digital Outcome Portfolio NCS Grade 7-South West,0.91,Other,South West
2709,Department for Education,Department for Education,Stakeholder Engagement,DFE-2349,EO - London,35438,35438,Executive Officer - Stakeholder Engagement EO-London,1.0,Other,London
2710,Department for Education,Department for Education,Technology Operations,DFE-2461,EO - National,31479,31479,Executive Officer - Technology Operations EO-West Midlands,4.0,Other,West Midlands
2711,Department for Education,Department for Education,Commercial Operations,DFE-2355,HEO - London,40132,42699,Higher Executive Officer - Commercial Operations HEO-London,1.0,Other,London
2712,Department for Education,Department for Education,Funding Policy Unit,DFE-2009,HEO - National,36000,38229,Higher Executive Officer - Funding Policy Unit HEO-Yorkshire and The Humber,0.86,Other,Yorkshire and The Humber
2713,Department for Education,Department for Education,School Strategy and System,DFE-2639,EO - National,31479,31479,"Executive Officer - Admissions, School Organisation, Transport EO-North West",2.0,Other,North West
2714,Department for Education,Department for Education,Sustainability and Strategic Projects,DFE-2311,Senior Executive Officer - National,42806,47047,Senior Executive Officer - Disadvantage and Strategic Policy SEO-South West,0.8,Other,South West
2715,Department for Education,Department for Education,Higher Education Analysis,DFE-2632,Grade 7 - National,58185,67219,Manager - HE Analysis Grade 7-North West,1.0,Other,North West
2716,Department for Education,Department for Education,School Based Nursery Expansion,DFE-2640,Senior Executive Officer - National,42806,47047,Senior Executive Officer - School Based Nursery Expansion SEO-South West,1.0,Other,South West
2717,Department for Education,Department for Education,Technology Operations,DFE-2461,Senior Executive Officer - National,42806,47047,Senior Executive Officer - Technology Operations SEO (Position Vacate:10/10/2025)-Yorkshire and The Humber,1.0,Other,Yorkshire and The Humber
2718,Department for Education,Department for Education,Families Group Central,DFE-2551,Grade 7 - National,58185,67219,Manager - Families Group Central Grade 7-Unknown,1.0,Other,Unknown
2719,Department for Education,Department for Education,Counter Fraud  and Prevention,DFE-2290,HEO (Higher Statistical Officer) - London,44424,47250,Higher Executive Officer - Counter Fraud and Prevention HEO-London,1.0,Other,London
2720,Department for Education,Department for Education,Central Strategic Finance,DFE-2604,Grade 7 - National,58185,67219,Manager - Central Strategic Finance Grade 7-South West,1.0,Other,South West
2721,Department for Education,Department for Education,Early Years Markets and Strategy,DFE-2644,HEO - National,36000,38229,Higher Executive Officer - Early Years Markets and Strategy HEO-East Midlands,1.0,Other,East Midlands
2722,Department for Education,Department for Education,School Strategy and System,DFE-2639,Grade 7 - London,62336,72057,"Manager - Admissions, School Organisation, Transport and FRU Grade 7 (Position Vacate:10/10/2025)-London",1.0,Other,London
2723,Department for Education,Department for Education,Teacher Training and Recruitment,DFE-2541,Senior Executive Officer - National,42806,47047,Senior Executive Officer - Teacher Training and Recruitment SEO-Yorkshire and The Humber,1.0,Other,Yorkshire and The Humber
2724,Department for Education,Department for Education,Regions Group: West Midlands,DFE-2406,EO - National,31479,31479,Executive Officer - Regions Group: West Midlands EO-West Midlands,3.67,Other,West Midlands
2725,Department for Education,Standard and Testing Agency,Assessment Research and Development,DFE-2535,HEO (Prof & Technical Officer) - National,40044,42778,Higher Executive Officer - Assessment Research and Development HEO-Yorkshire and The Humber,1.0,Other,Yorkshire and The Humber
2726,Department for Education,Department for Education,Digital Delivery - Funding Services,DFE-2610,Grade 7 - National,58185,67219,Manager - Senior Interaction Designer - Grade 7-North East,1.0,Other,North East
2727,Department for Education,Department for Education,Enterprise Data for Access and Sharing,DFE-2658,HEO - National,36000,38229,Higher Executive Officer - Enterprise Data for Access and Sharing HEO-North West,1.0,Other,North West
2728,Department for Education,Department for Education,Schools System Accountability,DFE-2224,Grade 7 - National,58185,67219,Manager - Schools System Accountability Grade 7-North West,1.0,Other,North West
2729,Department for Education,Department for Education,Operations and Infrastructure Group,DFE-2536,Senior Executive Officer - National,42806,47047,Senior Executive Officer - Commercial Specialist - Operations & Infrastructure SEO-West Midlands,2.0,Other,West Midlands
2730,Department for Education,Department for Education,International Strategy & Partnerships,DFE-2432,HEO - National,36000,38229,Higher Executive Officer - International Strategy & Partnerships HEO-North West,1.0,Other,North West
2731,Department for Education,Department for Education,Student Funding Policy​,DFE-2516,EO - National,31479,31479,Executive Officer - Student Funding Policy​ EO-North West,1.0,Other,North West
2732,Department for Education,Department for Education,Higher Education Analysis,DFE-2632,EO (Statistician Officer) - National,37136,37136,Executive Officer - HE Analysis EO-North West,1.0,Other,North West
2733,Department for Education,Department for Education,CSC Data and Digital,DFE-2010,Senior Executive Officer - London,46971,51973,Senior Executive Officer - CSC Portfolio and Funding SEO-London,1.0,Other,London
2734,Department for Education,Department for Education,"HR Organisation Design, Development & Engagement",DFE-2407,Grade 7 - National,58185,67219,"Manager - HR Organisation Design, Development & Engagement Grade 7-West Midlands",1.81,Other,West Midlands
2735,Department for Education,Department for Education,HR Services & Specialist Advice,DFE-2001,EA - National,27244,27244,Executive Assistant - HR Services & Specialist Advice EA-North West,1.0,Other,North West
2736,Department for Education,Department for Education,Data Science (ESFA),DFE-2601,HEO (Higher Statistical Officer) - National,40044,42778,Higher Executive Officer - Data Science (ESFA) HEO (Position Vacate:09/10/2025)-Yorkshire and The Humber,0.8,Other,Yorkshire and The Humber
2737,Department for Education,Department for Education,Policy Lab,DFE-2630,Senior Executive Officer - National,42806,47047,Senior Executive Officer - Policy Lab SEO-North West,1.6,Other,North West
2738,Department for Education,Department for Education,Policy Lab,DFE-2630,HEO - London,40132,42699,Higher Executive Officer - Policy Lab HEO-London,2.7,Other,London
2739,Department for Education,Department for Education,"CSC Adoption, Family Justice and Alternatives to Care",DFE-2638,HEO - National,36000,38229,"Higher Executive Officer - CSC Adoption, Family Justice and Alternatives to Care HEO-Yorkshire and The Humber",2.0,Other,Yorkshire and The Humber
2740,Department for Education,Department for Education,Social Justice and Disadvantage,DFE-2519,HEO - National,36000,38229,Higher Executive Officer - Social Justice and Disadvantage HEO-West Midlands,1.0,Other,West Midlands
2741,Department for Education,Department for Education,Higher Education Oversight,DFE-2660,Grade 7 - National,58185,67219,Manager - Lifelong Loan Entitlement Grade 7-South West,1.0,Other,South West
2742,Department for Education,Department for Education,Teacher Training and Recruitment,DFE-2541,EO - London,35438,35438,Executive Officer - Teacher Training and Recruitment EO-London,3.0,Other,London
2743,Department for Education,Department for Education,Central Analysis Unit,DFE-2238,SEO (Senior Research Officer) - National,48999,53884,Senior Executive Officer - Central Research and Evaluation & Chief Social Researcher SEO-North East,1.0,Other,North East
2744,Department for Education,Department for Education,Regions Group: National,DFE-2279,EA - National,27244,27244,Executive Assistant - Regions Group: National EA (Position Vacate:31/10/2025)-North East,0.8,Other,North East
2745,Department for Education,Department for Education,Family Hubs and Early Years Interventions,DFE-2393,Grade 6 - National,70854,78241,Manager - Family Hubs and Early Years Interventions Grade 6-South West,1.0,Other,South West
2746,Department for Education,Department for Education,Higher Education Quality and Regulation,DFE-2649,Senior Executive Officer - National,42806,47047,Senior Executive Officer - Higher Education Quality and Regulation SEO-North West,2.0,Other,North West
2747,Department for Education,Department for Education,Strategy Unit,DFE-2618,Grade 7 - National,58185,67219,Manager - Strategy Unit Grade 7-North East,1.0,Other,North East
2748,Department for Education,Department for Education,Higher Education Quality and Regulation,DFE-2649,Senior Executive Officer - National,42806,47047,Senior Executive Officer - Higher Education Quality and Regulation SEO-South West,0.83,Other,South West
2749,Department for Education,Department for Education,Work Based Skills Operations and Performance,DFE-2423,Grade 7 - National,58185,67219,Manager - Work Based Skills Operations and Performance Grade 7-East Midlands,2.0,Other,East Midlands
2750,Department for Education,Department for Education,Higher Education Analysis,DFE-2632,EO - London,35438,35438,Executive Officer - HE Analysis EO-London,1.0,Other,London
2751,Department for Education,Department for Education,Life Skills,DFE-2456,HEO - National,36000,38229,Higher Executive Officer - Life Skills HEO (Position Vacate:19/10/2025)-North East,1.0,Other,North East
2752,Department for Education,Department for Education,Work Based Skills Operations and Performance,DFE-2423,HEO - National,36000,38229,Higher Executive Officer - Work Based Skills Operations and Performance HEO-North West,1.81,Other,North West
2753,Department for Education,Skills England,Analysis and Insights,DFE-2434,Grade 7 - National,58185,67219,Manager - Analysis and Insight Grade 7-North West,3.0,Other,North West
2754,Department for Education,Department for Education,The Apprenticeships Service (DDAT)​,DFE-2486,HEO - National,36000,38229,Higher Executive Officer - The Apprenticeships Service (DDAT)​ HEO-Yorkshire and The Humber,0.67,Other,Yorkshire and The Humber
2755,Department for Education,Department for Education,CSC Child Protection and Safeguarding,DFE-2337,Senior Executive Officer - National,42806,47047,Senior Executive Officer - CSC Child Protection and Safeguarding SEO (Position Vacate:13/10/2025)-East Midlands,0.86,Other,East Midlands
2756,Department for Education,Department for Education,Operations and Infrastructure Group,DFE-2536,Senior Executive Officer - National,42806,47047,Senior Executive Officer - Commercial Specialist - Families SEO-East Midlands,1.0,Other,East Midlands
2757,Department for Education,Standard and Testing Agency,Assessment Research and Development,DFE-2535,SEO (Senior Prof & Technical Officer) - National,48999,53884,Senior Executive Officer - Assessment Research and Development SEO-South West,3.0,Other,South West
2758,Department for Education,Department for Education,Open Innovation,DFE-2559,HEO - London,40132,42699,Higher Executive Officer - Open Innovation HEO-London,1.0,Other,London
2759,Department for Education,Department for Education,Funding Policy Unit,DFE-2009,HEO - London,40132,42699,Higher Executive Officer - Funding Policy Unit HEO-London,2.0,Other,London
2760,Department for Education,Department for Education,Education Estates Data Collection and Analysis,DFE-2627,EO - National,31479,31479,Executive Officer - Education Estates Data Collection and Analysis EO-North West,1.0,Other,North West
2761,Department for Education,Department for Education,London & South East Place Based Team,DFE-2489,EO - London,35438,35438,Executive Officer - London & South East Place Based Team EO-London,1.0,Other,London
2762,Department for Education,Department for Education,"Education Estates Design, Engineering, Cost and Building Technology",DFE-2208,EO - National,31479,31479,"Executive Officer - Education Estates Design, Engineering, Cost and Building Technology EO-West Midlands",2.0,Other,West Midlands
2763,Department for Education,Department for Education,Further Education Workforce,DFE-2218,Grade 7 - National,58185,67219,Manager - FE Workforce Grade 7-South West,1.0,Other,South West
2764,Department for Education,Department for Education,HR Services & Specialist Advice,DFE-2001,HEO - London,40132,42699,Higher Executive Officer - HR Services & Specialist Advice SEO-London,1.0,Other,London
2765,Department for Education,Department for Education,Funding Policy Implementation,DFE-2609,HEO - National,36000,38229,Higher Executive Officer - Funding Policy Implementation HEO-North East,2.0,Other,North East
2766,Department for Education,Department for Education,Enterprise Data for Insight,DFE-2392,HEO - National,36000,38229,Higher Executive Officer - Enterprise Data for Insight HEO-East Midlands,1.0,Other,East Midlands
2767,Department for Education,Department for Education,Higher Education Oversight,DFE-2660,Senior Executive Officer - National,42806,47047,Senior Executive Officer - Lifelong Loan Entitlement SEO-North West,2.0,Other,North West
2768,Department for Education,Department for Education,"Education Estates Design, Engineering, Cost and Building Technology",DFE-2208,HEO - National,36000,38229,"Higher Executive Officer - Education Estates Design, Engineering, Cost and Building Technology HEO-East Midlands",1.0,Other,East Midlands
2769,Department for Education,Department for Education,Enterprise Data for Insight,DFE-2392,Senior Executive Officer - National,42806,47047,Senior Executive Officer - Enterprise Data for Insight SEO-East Midlands,2.0,Other,East Midlands
2770,Department for Education,Department for Education,Rapid Response Co-ordination,DFE-2382,HEO - National,36000,38229,Higher Executive Officer - Rapid Response Co-ordination SEO-North West,1.0,Other,North West
2771,Department for Education,Department for Education,Customer Experience & Design,DFE-2478,Senior Executive Officer - National,42806,47047,Senior Executive Officer - Customer Experience & Design SEO-Yorkshire and The Humber,2.0,Other,Yorkshire and The Humber
2772,Department for Education,Skills England,Reform and Development,DFE-2689,HEO - National,36000,38229,Higher Executive Officer - Development and Innovation HEO-East Midlands,1.0,Other,East Midlands
2773,Department for Education,Department for Education,CSC Looked After Children Placements,DFE-2582,HEO - London,40132,42699,Higher Executive Officer - CSC Looked After Children Placements HEO-London,2.0,Other,London
2774,Department for Education,Department for Education,Skills Policy Analysis​,DFE-2520,SEO (Senior Economic Assistant) - National,48999,53884,Senior Executive Officer - Skills Policy Analysis​ SEO-West Midlands,2.0,Other,West Midlands
2775,Department for Education,Department for Education,Education Estates Portfolio Oversight and Directorate Support,DFE-2648,Senior Executive Officer - National,42806,47047,Senior Executive Officer - Education Estates Portfolio Oversight and Directorate Support SEO-West Midlands,1.0,Other,West Midlands
2776,Department for Education,Department for Education,DfE Covid-19 Inquiry Response,DFE-2369,Senior Executive Officer - National,42806,47047,Senior Executive Officer - DfE Covid-19 Inquiry Response SEO-West Midlands,1.0,Other,West Midlands
2777,Department for Education,Department for Education,Attendance,DFE-2533,Senior Executive Officer - National,42806,47047,Senior Executive Officer - Attendance SEO-North East,0.81,Other,North East
2778,Department for Education,Department for Education,Operations and Infrastructure Group,DFE-2536,HEO - National,36000,38229,Higher Executive Officer - Commercial Specialist - Operations & Infrastructure HEO-North East,0.81,Other,North East
2779,Department for Education,Department for Education,SFSO Operational Delivery - North,DFE-2084,HEO - National,36000,38229,Higher Executive Officer - SFSO Operational Delivery - North HEO-West Midlands,1.0,Other,West Midlands
2780,Department for Education,Department for Education,SFSO Operational Delivery - South,DFE-2085,HEO - National,36000,38229,Higher Executive Officer - SFSO Operational Delivery - South HEO-South West,3.75,Other,South West
2781,Department for Education,Department for Education,"Payroll, Reward, Policies and ER",DFE-2527,Senior Executive Officer - National,42806,47047,"Senior Executive Officer - Payroll, Reward, Policies and ER SEO-West Midlands",1.0,Other,West Midlands
2782,Department for Education,Department for Education,"Payroll, Reward, Policies and ER",DFE-2527,EA - National,27244,27244,"Executive Assistant - Payroll, Reward, Policies and ER HEO-West Midlands",1.0,Other,West Midlands
2783,Department for Education,Department for Education,Schools and Funding Analysis,DFE-2567,HEO (Economic Assistant) - National,40044,42778,Higher Executive Officer - Schools and Funding Analysis HEO-East Midlands,2.0,Other,East Midlands
2784,Department for Education,Department for Education,"FE Support, Improvement and Provider Engagement",DFE-2394,Senior Executive Officer - National,42806,47047,"Senior Executive Officer - FE Support, Improvement and Provider Engagement SEO-South West",1.0,Other,South West
2785,Department for Education,Department for Education,Strategy Unit,DFE-2618,HEO - London,40132,42699,Higher Executive Officer - Strategy Unit HEO-London,1.0,Other,London
2786,Department for Education,Department for Education,Digital Delivery - Funding Services,DFE-2610,Grade 7 - London,62336,72057,Manager - Digital Delivery - Schools Grade 7 (Position Vacate:31/10/2025)-London,1.0,Other,London
2787,Department for Education,Department for Education,"CSC Adoption, Family Justice and Alternatives to Care",DFE-2638,HEO - National,36000,38229,"Higher Executive Officer - CSC Adoption, Family Justice and Alternatives to Care HEO-North West",1.0,Other,North West
2788,Department for Education,Standard and Testing Agency,"Standards, Testing and Regulation Directorate",DFE-2135,EO - National,31479,31479,Executive Officer - Assessment Operations and Services EO-West Midlands,3.0,Other,West Midlands
2789,Department for Education,Department for Education,Regions Group: North West,DFE-2514,EO - National,31479,31479,Executive Officer - Improvement and Intervention (North) EO-North West,1.0,Other,North West
2790,Department for Education,Department for Education,Teaching Workforce Teaching Analysis,DFE-2183,HEO (Higher Statistical Officer) - National,40044,42778,Higher Executive Officer - Teaching Workforce Teaching Analysis HEO-North East,1.0,Other,North East
2791,Department for Education,Department for Education,"Early Years Quality, Recovery and Welfare",DFE-2240,HEO - London,40132,42699,"Higher Executive Officer - Early Years Quality, Recovery and Welfare HEO-London",2.0,Other,London
2792,Department for Education,Department for Education,CSC Child Protection and Safeguarding,DFE-2337,Grade 7 - National,58185,67219,Manager - CSC Child Protection and Safeguarding Grade 7-Yorkshire and The Humber,1.0,Other,Yorkshire and The Humber
2793,Department for Education,Department for Education,Regions Group: West Midlands,DFE-2406,HEO - National,36000,38229,Higher Executive Officer - Regions Group: West Midlands HEO-East Midlands,3.0,Other,East Midlands
2794,Department for Education,Department for Education,International Placements,DFE-2491,EO - London,35438,35438,Executive Officer - International Placements EO-London,1.0,Other,London
2795,Department for Education,Department for Education,Teachers' Pension Scheme,DFE-2675,EO - National,31479,31479,Executive Officer - Teachers' Pension Scheme EO-North East,2.0,Other,North East
2796,Department for Education,Department for Education,Local Accountability and Improvement,DFE-2383,Senior Executive Officer - London,46971,51973,Senior Executive Officer - Local Accountability and Improvement SEO-London,1.0,Other,London
2797,Department for Education,Department for Education,Inclusive Mainstream,DFE-2647,Senior Executive Officer - National,42806,47047,Senior Executive Officer - Inclusive Mainstream SEO-South West,2.0,Other,South West
2798,Department for Education,Department for Education,SEND Strategy,DFE-2571,EO - London,35438,35438,Executive Officer - SEND Strategy EO-London,1.8,Other,London
2799,Department for Education,Department for Education,SFSO Central Division,DFE-2202,EO - National,31479,31479,Executive Officer - SFSO Central Division EO-North West,3.0,Other,North West
2800,Department for Education,Department for Education,"CSC Adoption, Family Justice and Alternatives to Care",DFE-2638,Grade 7 - National,58185,67219,"Manager - CSC Adoption, Family Justice and Alternatives to Care Grade 7-South West",1.0,Other,South West
2801,Department for Education,Department for Education,Supporting and Rewarding Teachers and Leaders,DFE-2637,HEO - National,36000,38229,Higher Executive Officer - Supporting and Rewarding Teachers and Leaders HEO-North East,1.0,Other,North East
2802,Department for Education,Department for Education,Strategy and Portfolio,DFE-2277,HEO - National,36000,38229,Higher Executive Officer - Strategy and Portfolio HEO-North West,1.0,Other,North West
2803,Department for Education,Department for Education,Curriculum & Assessment Review,DFE-2641,EO - National,31479,31479,Executive Officer - Curriculum & Assessment Review EO-West Midlands,1.0,Other,West Midlands
2804,Department for Education,Department for Education,Early Years Sufficiency and Entitlements,DFE-2225,Senior Executive Officer - National,42806,47047,Senior Executive Officer - Early Years Sufficiency and Entitlements SEO-South West,1.0,Other,South West
2805,Department for Education,Department for Education,Higher Education Strategy and Portfolio,DFE-2239,EO - National,31479,31479,Executive Officer - Higher Education Strategy and Portfolio EO-North West,1.0,Other,North West
2806,Department for Education,Department for Education,"Early Years Quality, Recovery and Welfare",DFE-2240,EO - National,31479,31479,"Executive Officer - Early Years Quality, Recovery and Welfare HEO-Yorkshire and The Humber",1.0,Other,Yorkshire and The Humber
2807,Department for Education,Department for Education,Revenue Funding and Demographic Analysis,DFE-2645,SEO (Statistical Officer) - National,48999,53884,Senior Executive Officer - Revenue Funding and Demography Analysis SEO-North East,1.0,Other,North East
2808,Department for Education,Department for Education,Data Science (ESFA),DFE-2601,HEO - National,36000,38229,Higher Executive Officer - Data Science (ESFA) HEO-North West,1.0,Other,North West
2809,Department for Education,Department for Education,"CSC Adoption, Family Justice and Alternatives to Care",DFE-2638,HEO - National,36000,38229,"Higher Executive Officer - CSC Adoption, Family Justice and Alternatives to Care HEO-West Midlands",1.0,Other,West Midlands
2810,Department for Education,Department for Education,HR Services & Specialist Advice,DFE-2001,EO - National,31479,31479,Executive Officer - HR Services & Specialist Advice EO-East Midlands,1.0,Other,East Midlands
2811,Department for Education,Department for Education,"Early Years Quality, Recovery and Welfare",DFE-2240,Grade 7 - National,58185,67219,"Manager - Early Years Quality, Recovery and Welfare Grade 7-South West",0.81,Other,South West
2812,Department for Education,Department for Education,Education Estates Data Collection and Analysis,DFE-2627,EO - National,31479,31479,Executive Officer - Education Estates Data Collection and Analysis EO-Yorkshire and The Humber,1.0,Other,Yorkshire and The Humber
2813,Department for Education,Department for Education,Teacher Training and Recruitment,DFE-2541,EA - National,27244,27244,Executive Assistant - Teacher Training and Recruitment EA-West Midlands,3.0,Other,West Midlands
2814,Department for Education,Department for Education,International Placements,DFE-2491,HEO - National,36000,38229,Higher Executive Officer - Strategy Group - DG Office HEO-East Midlands,1.0,Other,East Midlands
2815,Department for Education,Department for Education,Regions Group: Yorkshire & Humber and National CSC and BSiL,DFE-2613,HEO - National,36000,38229,Higher Executive Officer - Regions Group: Yorkshire & Humber and National CSC and BSiL HEO-South West,1.0,Other,South West
2816,Department for Education,Department for Education,Central Analysis Unit,DFE-2238,SEO (Senior Research Officer) - National,48999,53884,Senior Executive Officer - Central Research and Evaluation & Chief Social Researcher SEO-South West,0.8,Other,South West
2817,Department for Education,Department for Education,Childcare Reform Delivery & Directorate Support,DFE-2576,Senior Executive Officer - National,42806,47047,Senior Executive Officer - Childcare Reform Delivery & Directorate Support SEO-North West,1.0,Other,North West
2818,Department for Education,Department for Education,Regions Group: Yorkshire and the Humber,DFE-2572,EO - National,31479,31479,Executive Officer - Regions Group: Yorkshire and the Humber EO-North West,2.0,Other,North West
2819,Department for Education,Department for Education,Essential Skills and Multiply,DFE-2104,EA - National,27244,27244,Executive Assistant - Essential Skills and Multiply EA-Yorkshire and The Humber,1.0,Other,Yorkshire and The Humber
2820,Department for Education,Department for Education,Regions Group: East Midlands,DFE-2022,HEO - National,36000,38229,Higher Executive Officer - Regions Group: East Midlands HEO-East Midlands,2.0,Other,East Midlands
2821,Department for Education,Skills England,Analysis and Insights,DFE-2434,SEO (Senior Research Officer) - National,48999,53884,Senior Executive Officer - Analysis and Insight SEO-East Of England,1.0,Other,East Of England
2822,Department for Education,Department for Education,T - Level Delivery ​,DFE-2626,EO - National,31479,31479,Executive Officer - Professional and Technical Education - T Level Delivery EO-South West,1.0,Other,South West
2823,Department for Education,Department for Education,Central Analysis Unit,DFE-2238,SEO (Statistical Officer) - National,48999,53884,Senior Executive Officer - Central Analysis Unit SEO-South West,2.0,Other,South West
2824,Department for Education,Department for Education,"Payroll, Reward, Policies and ER",DFE-2527,EO - National,31479,31479,"Executive Officer - Payroll, Reward, Policies and ER EO-East Midlands",1.0,Other,East Midlands
2825,Department for Education,Department for Education,Regions Group: National,DFE-2279,EO - National,31479,31479,Executive Officer - Regions Group: National HEO-North West,1.0,Other,North West
2826,Department for Education,Department for Education,"Payroll, Reward, Policies and ER",DFE-2527,Grade 7 - National,58185,67219,"Manager - Payroll, Reward, Policies and ER Grade 7-South West",1.0,Other,South West
2827,Department for Education,Department for Education,Education Estates Portfolio Oversight and Directorate Support,DFE-2648,EO - National,31479,31479,Executive Officer - Education Estates Portfolio Oversight and Directorate Support EO-Yorkshire and The Humber,1.0,Other,Yorkshire and The Humber
2828,Department for Education,Skills England,Analysis and Insights,DFE-2434,Grade 7 - London,62336,72057,Manager - Analysis and Insight Grade 7-London,3.0,Other,London
2829,Department for Education,Department for Education,Ministerial and Public Communications Division,DFE-2249,HEO - National,36000,38229,Higher Executive Officer - Ministerial and Public Communications Division Lead Drafter-Yorkshire and The Humber,1.0,Other,Yorkshire and The Humber
2830,Department for Education,Department for Education,CSC Regional Cooperatives and Fostering,DFE-2443,EO - National,31479,31479,Executive Officer - CSC Regional Cooperatives and Fostering EO-North East,1.0,Other,North East
2831,Department for Education,Department for Education,Regions Group: West Midlands,DFE-2406,EO - National,31479,31479,Executive Officer - Regions Group: West Midlands EO-Yorkshire and The Humber,2.0,Other,Yorkshire and The Humber
2832,Department for Education,Skills England,Reform and Development,DFE-2689,HEO - National,36000,38229,Higher Executive Officer - Development and Innovation HEO-Yorkshire and The Humber,1.0,Other,Yorkshire and The Humber
2833,Department for Education,Department for Education,Teaching Workforce Teaching Analysis,DFE-2183,SEO (Senior Research Officer) - National,48999,53884,Senior Executive Officer - Teaching Workforce Teaching Analysis SEO-South West,1.0,Other,South West
2834,Department for Education,Department for Education,"Construction Delivery East England, South West and London",DFE-2003,Grade 7 - National,58185,67219,"Manager - Free Schools, FE and Skills Grade 7-Unknown",3.0,Other,Unknown
2835,Department for Education,Department for Education,Operations and Infrastructure Group,DFE-2536,HEO - National,36000,38229,Higher Executive Officer - Commercial Specialist - Operations & Infrastructure HEO-Yorkshire and The Humber,2.0,Other,Yorkshire and The Humber
2836,Department for Education,Department for Education,"Strategic Analysis, Research, Data, Intelligence & Science (SARDIS)",DFE-2534,EO - National,31479,31479,Executive Officer - Strategy and Delivery Directorate EO-South West,1.0,Other,South West
2837,Department for Education,Department for Education,Regions Group: National,DFE-2577,EO - National,31479,31479,Executive Officer - Regions Group: National HEO-West Midlands,1.0,Other,West Midlands
2838,Department for Education,Department for Education,Strategy Unit,DFE-2618,SEO (Senior Research Officer) - London,52799,58810,Senior Executive Officer - Strategy Unit SRO-London,1.0,Other,London
2839,Department for Education,Department for Education,Regions Group: North East and National SEND Improvement and Transformation,DFE-2701,HEO - National,36000,38229,Higher Executive Officer - Regions Group: North East and National SEND Improvement and Transformation SEO-West Midlands,1.0,Other,West Midlands
2840,Department for Education,Department for Education,Construction Delivery South East and London,DFE-2222,EO - National,31479,31479,"Executive Officer - Construction Programme Management, Planning and Assurance EO-North West",3.0,Other,North West
2841,Department for Education,Department for Education,Higher Education Quality and Regulation,DFE-2649,HEO - National,36000,38229,Higher Executive Officer - Higher Education Quality and Regulation HEO-South West,1.0,Other,South West
2842,Department for Education,Department for Education,"Products, Quality and Market",DFE-2127,Senior Executive Officer - London,46971,51973,"Senior Executive Officer - Products, Quality and Market SEO-London",1.0,Other,London
2843,Department for Education,Department for Education,"Estates, Security and People",DFE-2025,EO - National,31479,31479,Executive Officer - Central Business Services EO-North East,1.0,Other,North East
2844,Department for Education,Department for Education,Strategy Unit,DFE-2618,EO - London,35438,35438,Executive Officer - Strategy Unit EO-London,2.0,Other,London
2845,Department for Education,Department for Education,"Early Years Quality, Recovery and Welfare",DFE-2240,HEO - National,36000,38229,"Higher Executive Officer - Early Years Quality, Recovery and Welfare HEO-Yorkshire and The Humber",2.0,Other,Yorkshire and The Humber
2846,Department for Education,Department for Education,Major Projects and Risk,DFE-2608,EO - National,31479,31479,Executive Officer - Major Projects and Risks EO-Yorkshire and The Humber,1.0,Other,Yorkshire and The Humber
2847,Department for Education,Skills England,Reform and Development,DFE-2689,EO - National,31479,31479,Executive Officer - Development and Innovation EO-Yorkshire and The Humber,1.0,Other,Yorkshire and The Humber
2848,Department for Education,Department for Education,Schools System Accountability,DFE-2224,Senior Executive Officer - National,42806,47047,Senior Executive Officer - Schools System Accountability SEO-West Midlands,1.0,Other,West Midlands
2849,Department for Education,Department for Education,"Construction Delivery East England, South West and London",DFE-2003,Senior Executive Officer - National,42806,47047,"Senior Executive Officer - Free Schools, FE and Skills SEO-Unknown",1.0,Other,Unknown
2850,Department for Education,Department for Education,Regions Group: West Midlands,DFE-2406,EO - National,31479,31479,Executive Officer - Regions Group: West Midlands EO-East Midlands,2.0,Other,East Midlands
2851,Department for Education,Department for Education,School Strategy and System,DFE-2639,EO - London,35438,35438,"Executive Officer - Admissions, School Organisation, Transport EO-London",2.0,Other,London
2852,Department for Education,Department for Education,Digital Delivery - Vulnerable Families & Children,DFE-2503,Senior Executive Officer - London,46971,51973,Senior Executive Officer - Digital Delivery - Vulnerable Families & Children SEO-London,3.0,Other,London
2853,Department for Education,Department for Education,"Estates, Security and People",DFE-2025,EO - National,31479,31479,"Executive Officer - Estates, Security and People EO-Yorkshire and The Humber",1.91,Other,Yorkshire and The Humber
2854,Department for Education,Department for Education,Improvement and Insight,DFE-2223,EO - National,31479,31479,Executive Officer - Improvement and Insight EO-North West,2.0,Other,North West
2855,Department for Education,Department for Education,Higher Education Strategy and Portfolio,DFE-2239,HEO - National,36000,38229,Higher Executive Officer - Higher Education Strategy and Portfolio HEO-North West,1.0,Other,North West
2856,Department for Education,Department for Education,Central Capital Unit,DFE-2228,HEO - London,40132,42699,Higher Executive Officer - Central Capital Unit HEO-London,1.0,Other,London
2857,Department for Education,Department for Education,Teaching Workforce Teaching Analysis,DFE-2183,Grade 7 - National,58185,67219,Manager - Teaching Workforce Teaching Analysis Grade 7-South West,1.0,Other,South West
2858,Department for Education,Department for Education,Sustainability and Strategic Projects,DFE-2311,Senior Executive Officer - London,46971,51973,Senior Executive Officer - Disadvantage and Strategic Policy SEO-London,2.0,Other,London
2859,Department for Education,Department for Education,Delivery Unit,DFE-2501,HEO - National,36000,38229,Higher Executive Officer - Delivery Unit HEO-North West,1.0,Other,North West
2860,Department for Education,Department for Education,Family Support,DFE-2305,Senior Executive Officer - National,42806,47047,Senior Executive Officer - Family Support SEO-North East,0.81,Other,North East
2861,Department for Education,Department for Education,Cyber and Information Security (CISO),DFE-2485,HEO - National,36000,38229,Higher Executive Officer - Cyber and Information Security (CISO) HEO-West Midlands,1.0,Other,West Midlands
2862,Department for Education,Department for Education,Capital Delivery,DFE-2568,EO - National,31479,31479,Executive Officer - Construction and External Technical Services EO-North West,1.0,Other,North West
2863,Department for Education,Department for Education,Education Estates Portfolio Oversight and Directorate Support,DFE-2648,EO - National,31479,31479,Executive Officer - Education Estates Portfolio Oversight and Directorate Support EO-East Midlands,1.91,Other,East Midlands
2864,Department for Education,Department for Education,CSC Data and Digital,DFE-2010,Grade 7 - National,58185,67219,Manager - CSC Data and Digital Grade 7-Yorkshire and The Humber,0.9,Other,Yorkshire and The Humber
2865,Department for Education,Department for Education,Supporting and Rewarding Teachers and Leaders,DFE-2637,EO - London,35438,35438,Executive Officer - Supporting and Rewarding Teachers and Leaders EO-London,1.0,Other,London
2866,Department for Education,Department for Education,Technology Operations,DFE-2461,Senior Executive Officer - National,42806,47047,Senior Executive Officer - Data Protection Office SEO-North East,1.0,Other,North East
2867,Department for Education,Department for Education,"Behaviour, Exclusions and School Food",DFE-2662,Senior Executive Officer - National,42806,47047,"Senior Executive Officer - Behaviour, Exclusions and School Food SEO-North West",1.0,Other,North West
2868,Department for Education,Department for Education,Developing Teachers and Leaders,DFE-2670,EO - National,31479,31479,Executive Officer - Developing Teachers and Leaders EO (Position Vacate:01/11/2025)-East Midlands,1.0,Other,East Midlands
2869,Department for Education,Department for Education,Sector Reporting,DFE-2185,HEO - National,36000,38229,Higher Executive Officer - Sector Reporting HEO-North West,2.0,Other,North West
2870,Department for Education,Department for Education,Sector Skills,DFE-2620,EO - National,31479,31479,Executive Officer - Sector Skills EO-North East,1.0,Other,North East
2871,Department for Education,Department for Education,International Strategy & Partnerships,DFE-2432,Senior Executive Officer - London,46971,51973,Senior Executive Officer - International Strategy & Partnerships SEO-London,2.0,Other,London
2872,Department for Education,Department for Education,Teacher Training and Recruitment,DFE-2541,Senior Executive Officer - National,42806,47047,Senior Executive Officer - Teacher Training and Recruitment SEO-South West,1.0,Other,South West
2873,Department for Education,Department for Education,Higher Education Strategy and Portfolio,DFE-2239,EO - National,31479,31479,Executive Officer - Higher Education Policy EO-West Midlands,1.0,Other,West Midlands
2874,Department for Education,Department for Education,Operations and Infrastructure Group,DFE-2536,HEO - National,36000,38229,Higher Executive Officer - Commercial Specialist - Operations & Infrastructure HEO-West Midlands,1.0,Other,West Midlands
2875,Department for Education,Department for Education,Regions Group: Yorkshire and the Humber,DFE-2572,HEO - National,36000,38229,Higher Executive Officer - Regions Group: Yorkshire and the Humber HEO-North East,2.0,Other,North East
2876,Department for Education,Department for Education,Internal Comms and GCS Change,DFE-2368,SEO (Information Officer) - London,52799,58810,Senior Executive Officer - Internal Comms and GCS Change SEO-London,1.0,Other,London
2877,Department for Education,Department for Education,Further Education Funding,DFE-2100,HEO - National,36000,38229,Higher Executive Officer - FE Funding HEO-West Midlands,1.0,Other,West Midlands
2878,Department for Education,Department for Education,Regions Group: National,DFE-2279,EA - National,27244,27244,Executive Assistant - Regions Group: National EA-Yorkshire and The Humber,0.81,Other,Yorkshire and The Humber
2879,Department for Education,Department for Education,Funding Policy Unit,DFE-2009,EO - National,31479,31479,Executive Officer - Funding Policy Unit EO-North West,1.0,Other,North West
2880,Department for Education,Department for Education,Skills Strategy and Engagement,DFE-2596,HEO - National,36000,38229,Higher Executive Officer - Skills Strategy and Engagement HEO-North West,1.0,Other,North West
2881,Department for Education,Department for Education,Regions Group: East of England,DFE-2672,EO - London,35438,35438,Executive Officer - Regions Group: East of England EO-East Midlands,1.0,Other,East Midlands
2882,Department for Education,Department for Education,Improvement and Insight,DFE-2223,EO - National,31479,31479,Executive Officer - Improvement and Insight EO-Yorkshire and The Humber,1.0,Other,Yorkshire and The Humber
2883,Department for Education,Department for Education,CSC Regional Cooperatives and Fostering,DFE-2443,EO - National,31479,31479,Executive Officer - CSC Regional Cooperatives and Fostering EO-North West,1.0,Other,North West
2884,Department for Education,Department for Education,Childcare Reform Delivery & Directorate Support,DFE-2576,EO - National,31479,31479,Executive Officer - Families Analysis EO-North East,2.0,Other,North East
2885,Department for Education,Department for Education,Teaching Workforce Teaching Analysis,DFE-2183,EO - London,35438,35438,Executive Officer - Teaching Workforce Teaching Analysis EO-London,2.0,Other,London
2886,Department for Education,Department for Education,CSC Strategy and Care System,DFE-2671,EO - National,31479,31479,Executive Officer - CSC Portfolio and Funding EO-East Midlands,0.6,Other,East Midlands
2887,Department for Education,Department for Education,Regions Group: Yorkshire and the Humber,DFE-2572,HEO - National,36000,38229,Higher Executive Officer - Regions Group: Yorkshire and the Humber HEO-North West,4.0,Other,North West
2888,Department for Education,Department for Education,Childcare Reform Delivery & Directorate Support,DFE-2576,HEO - National,36000,38229,Higher Executive Officer - Childcare Reform Delivery & Directorate Support HEO-Yorkshire and The Humber,1.0,Other,Yorkshire and The Humber
2889,Department for Education,Department for Education,Advanced Analytics Division,DFE-2557,HEO - National,36000,38229,Higher Executive Officer - Advanced Analytics HEO-North West,3.0,Other,North West
2890,Department for Education,Department for Education,Ministerial and Public Communications Division,DFE-2249,HEO (Information Officer) - National,40044,42778,Higher Executive Officer - Ministerial and Public Communications Division HEO-East Midlands,2.0,Other,East Midlands
2891,Department for Education,Department for Education,"Payroll, Reward, Policies and ER",DFE-2527,EO - National,31479,31479,"Executive Officer - Payroll, Reward, Policies and ER EO-North West",1.0,Other,North West
2892,Department for Education,Department for Education,Regions Group: North East,DFE-2056,HEO - National,36000,38229,Higher Executive Officer - Regions Group: North East HEO-Yorkshire and The Humber,1.0,Other,Yorkshire and The Humber
2893,Department for Education,Department for Education,Central Analysis Unit,DFE-2238,SEO (Senior Research Officer) - National,48999,53884,Senior Executive Officer - Central Research and Evaluation & Chief Social Researcher SEO-North West,1.0,Other,North West
2894,Department for Education,Department for Education,Regions Group: Yorkshire & Humber and National CSC and BSiL,DFE-2613,EO - National,31479,31479,Executive Officer - Regions Group: Yorkshire & Humber and National CSC and BSiL EO-East Midlands,0.6,Other,East Midlands
2895,Department for Education,Department for Education,Operations and Infrastructure Group,DFE-2536,HEO - National,36000,38229,Higher Executive Officer - Commercial Specialist - ESFA HEO-West Midlands,1.0,Other,West Midlands
2896,Department for Education,Department for Education,CS Policy Profession Unit,DFE-2498,HEO (Information Officer) - National,40044,42778,Higher Executive Officer - CS Policy Profession Unit HEO-Yorkshire and The Humber,3.0,Other,Yorkshire and The Humber
2897,Department for Education,Department for Education,Local Accountability and Improvement,DFE-2383,EO - London,35438,35438,Executive Officer - Local Accountability and Improvement EO-London,2.0,Other,London
2898,Department for Education,Department for Education,International Evidence and Trade,DFE-2470,Grade 7 - London,62336,72057,Manager - International Evidence and Trade Grade 7-London,1.0,Other,London
2899,Department for Education,Department for Education,"Early Years Quality, Recovery and Welfare",DFE-2240,HEO - National,36000,38229,"Higher Executive Officer - Early Years Quality, Recovery and Welfare HEO-East Midlands",2.0,Other,East Midlands
2900,Department for Education,Department for Education,"Breakfast Clubs, Wraparound Childcare and HAF",DFE-2544,HEO - London,40132,42699,"Higher Executive Officer - Breakfast Clubs, Wraparound Childcare and HAF HEO-London",0.81,Other,London
2901,Department for Education,Department for Education,Regions Group: West Midlands,DFE-2406,HEO - National,36000,38229,Higher Executive Officer - Regions Group: West Midlands HEO (Position Vacate:09/10/2025)-Yorkshire and The Humber,1.0,Other,Yorkshire and The Humber
2902,Department for Education,Department for Education,Enterprise Data for Insight,DFE-2392,Grade 7 - National,58185,67219,Manager - Enterprise Data for Insight Grade 7-South West,0.78,Other,South West
2903,Department for Education,Department for Education,Major Projects and Risk,DFE-2608,HEO - National,36000,38229,Higher Executive Officer - Major Projects and Risks HEO-North West,1.0,Other,North West
2904,Department for Education,Department for Education,Supporting and Rewarding Teachers and Leaders,DFE-2637,EO - National,31479,31479,Executive Officer - Supporting and Rewarding Teachers and Leaders EO-North West,2.0,Other,North West
2905,Department for Education,Department for Education,Legislation Division,DFE-2624,HEO - London,40132,42699,Higher Executive Officer - Legislation Division HEO-London,2.0,Other,London
2906,Department for Education,Department for Education,Central Analysis Unit,DFE-2238,EO - London,35438,35438,Executive Officer - Central Analysis Unit EO-London,1.0,Other,London
2907,Department for Education,Department for Education,"Payroll, Reward, Policies and ER",DFE-2527,EA - National,27244,27244,"Executive Assistant - Payroll, Reward, Policies and ER EA-West Midlands",1.0,Other,West Midlands
2908,Department for Education,Department for Education,"FE Support, Improvement and Provider Engagement",DFE-2394,EO - National,31479,31479,"Executive Officer - FE Support, Improvement and Provider Engagement EO-West Midlands",2.0,Other,West Midlands
2909,Department for Education,Department for Education,Schools and Funding Analysis,DFE-2567,HEO (Information Officer) - National,40044,42778,Higher Executive Officer - Schools and Funding Analysis HEO-Yorkshire and The Humber,2.0,Other,Yorkshire and The Humber
2910,Department for Education,Department for Education,Data Science (ESFA),DFE-2601,HEO - National,36000,38229,Higher Executive Officer - Data Science (ESFA) HEO-Yorkshire and The Humber,1.0,Other,Yorkshire and The Humber
2911,Department for Education,Department for Education,Technology Operations,DFE-2461,EO - National,31479,31479,Executive Officer - Knowledge and Information Management EO-East Midlands,1.0,Other,East Midlands
2912,Department for Education,Department for Education,Developing Teachers and Leaders,DFE-2670,EO - National,31479,31479,Executive Officer - Developing Teachers and Leaders EO-Yorkshire and The Humber,0.81,Other,Yorkshire and The Humber
2913,Department for Education,Department for Education,Central Analysis Unit,DFE-2238,SEO (Senior Economic Assistant) - London,52799,58810,Senior Executive Officer - Central Analysis Unit SEO-London,4.0,Other,London
2914,Department for Education,Department for Education,CSC Child Protection and Safeguarding,DFE-2337,Senior Executive Officer - National,42806,47047,Senior Executive Officer - CSC Child Protection and Safeguarding SEO-East Midlands,2.0,Other,East Midlands
2915,Department for Education,Department for Education,CS Policy Profession Unit,DFE-2498,HEO - National,36000,38229,Higher Executive Officer - CS Policy Profession Unit HEO-South West,1.0,Other,South West
2916,Department for Education,Department for Education,"Construction Programme Management, Planning and Assurance",DFE-2623,EO - National,31479,31479,"Executive Officer - Construction Programme Management, Planning and Assurance EO-East Midlands",1.0,Other,East Midlands
2917,Department for Education,Department for Education,Regions Group: North West,DFE-2514,EO - National,31479,31479,Executive Officer - Regions Group: North West EO-North East,1.0,Other,North East
2918,Department for Education,Department for Education,Strategic Communications and Campaigns,DFE-2163,HEO (Information Officer) - London,44424,47250,Higher Executive Officer - Strategic Communications and Campaigns SEO-London,0.9,Other,London
2919,Department for Education,Department for Education,Supporting and Rewarding Teachers and Leaders,DFE-2637,Grade 7 - National,58185,67219,Manager - Supporting and Rewarding Teachers and Leaders Grade 7-West Midlands,1.0,Other,West Midlands
2920,Department for Education,Department for Education,Revenue Funding and Demographic Analysis,DFE-2645,SEO (Statistical Officer) - National,48999,53884,Senior Executive Officer - Revenue Funding and Demography Analysis SEO-South West,1.0,Other,South West
2921,Department for Education,Department for Education,Early Years Markets and Strategy,DFE-2644,HEO - National,36000,38229,Higher Executive Officer - Early Years Markets and Strategy HEO-South West,1.0,Other,South West
2922,Department for Education,Department for Education,Strategic Communications and Campaigns,DFE-2163,SEO (Information Officer) - National,48999,53884,Senior Executive Officer - Strategic Communications and Campaigns SEO-West Midlands,2.0,Other,West Midlands
2923,Department for Education,Department for Education,News and Social Media,DFE-2145,HEO (Information Officer) - London,44424,47250,Higher Executive Officer - News and Social Media SEO-London,2.0,Other,London
2924,Department for Education,Department for Education,CS Policy Profession Unit,DFE-2498,Grade 7 - London,62336,72057,Manager - CS Policy Profession Unit Grade 7 (Position Vacate:12/10/2025)-London,1.0,Other,London
2925,Department for Education,Department for Education,Work Based Skills Operations and Performance,DFE-2423,HEO - National,36000,38229,Higher Executive Officer - Work Based Skills Operations and Performance HEO-East Midlands,1.0,Other,East Midlands
2926,Department for Education,Department for Education,Private Office,DFE-2698,EO - London,35438,35438,Executive Officer - Private Office HEO-London,1.0,Other,London
2927,Department for Education,Department for Education,SFSO Operational Delivery - South,DFE-2085,EO - London,35438,35438,Executive Officer - SFSO Operational Delivery - South EO-London,2.0,Other,London
2928,Department for Education,Department for Education,Advanced Analytics Division,DFE-2557,HEO - National,36000,38229,Higher Executive Officer - Advanced Analytics HEO-West Midlands,5.0,Other,West Midlands
2929,Department for Education,Department for Education,Sustainability and Strategic Projects,DFE-2311,HEO (Higher Scientific Officer) - National,40044,42778,Higher Executive Officer - Central Analysis Unit HEO-North West,2.0,Other,North West
2930,Department for Education,Department for Education,CSC Child Protection and Safeguarding,DFE-2337,Senior Executive Officer - National,42806,47047,Senior Executive Officer - CSC Child Protection and Safeguarding SEO-South West,1.0,Other,South West
2931,Department for Education,Department for Education,Operations and Infrastructure Group,DFE-2536,EO - National,31479,31479,Executive Officer - Commercial Operations EO-West Midlands,1.0,Other,West Midlands
2932,Department for Education,Department for Education,Sustainability and Strategic Projects,DFE-2311,EO - National,31479,31479,Executive Officer - Disadvantage and Strategic Policy EO-Yorkshire and The Humber,1.0,Other,Yorkshire and The Humber
2933,Department for Education,Department for Education,Schools System Accountability,DFE-2224,Senior Executive Officer - National,42806,47047,Senior Executive Officer - Schools System Accountability SEO-South West,1.8,Other,South West
2934,Department for Education,Department for Education,Essential Skills and Multiply,DFE-2104,HEO - London,40132,42699,Higher Executive Officer - Essential Skills and Multiply HEO-London,1.0,Other,London
2935,Department for Education,Department for Education,Regions Group: National,DFE-2279,HEO - National,36000,38229,Higher Executive Officer - Regions Group: National SEO-South West,1.0,Other,South West
2936,Department for Education,Department for Education,Regions Group: South East,DFE-2439,EO - London,35438,35438,Executive Officer - Regions Group: South East EO-London,1.0,Other,London
2937,Department for Education,Department for Education,Operations and Infrastructure Group,DFE-2536,EO - National,31479,31479,Executive Officer - Schools Commercial Strategy EO-East Midlands,1.0,Other,East Midlands
2938,Department for Education,Department for Education,Schools Digital,DFE-2504,HEO - National,36000,38229,Higher Executive Officer - Schools Digital HEO-Yorkshire and The Humber,1.0,Other,Yorkshire and The Humber
2939,Department for Education,Department for Education,"HR Business Partners, Workforce Skills and Strategy",DFE-2681,Grade 7 - National,58185,67219,"Manager - HR Business Partners, Workforce Skills and Strategy Grade 7-North West",1.0,Other,North West
2940,Department for Education,Department for Education,Technology Operations,DFE-2461,EO - National,31479,31479,Executive Officer - Knowledge and Information Management EO-North West,0.64,Other,North West
2941,Department for Education,Department for Education,Education Estates Data Collection and Analysis,DFE-2627,EO - National,31479,31479,Executive Officer - Education Estates Data Collection and Analysis EO-South West,1.0,Other,South West
2942,Department for Education,Department for Education,FE Workforce,DFE-2668,HEO - London,40132,42699,Higher Executive Officer - FE Workforce HEO-London,1.0,Other,London
2943,Department for Education,Department for Education,Digital Delivery - Vulnerable Families & Children,DFE-2503,Senior Executive Officer - National,42806,47047,Senior Executive Officer - Digital Delivery - Vulnerable Families & Children SEO-Yorkshire and The Humber,1.0,Other,Yorkshire and The Humber
2944,Department for Education,Department for Education,DDT Incubator,DFE-2475,EO - National,31479,31479,Executive Officer - DDT Incubator EO-Yorkshire and The Humber,1.0,Other,Yorkshire and The Humber
2945,Department for Education,Department for Education,Specialist Sector Reform,DFE-2353,HEO - London,40132,42699,Higher Executive Officer - Specialist Sector Reform HEO (Position Vacate:13/11/2025)-London,1.0,Other,London
2946,Department for Education,Department for Education,SEND Strategy,DFE-2571,HEO - London,40132,42699,Higher Executive Officer - SEND Strategy HEO-London,3.0,Other,London
2947,Department for Education,Department for Education,Local Accountability and Improvement,DFE-2383,HEO - National,36000,38229,Higher Executive Officer - Local Accountability and Improvement HEO-South West,1.0,Other,South West
2948,Department for Education,Department for Education,Insight and Statistics,DFE-2400,EO (Statistician Officer) - National,37136,37136,Executive Officer - Insight and Statistics EO-East Midlands,0.81,Other,East Midlands
2949,Department for Education,Department for Education,Advanced Analytics Division,DFE-2557,Grade 7 - National,58185,67219,Manager - Advanced Analytics Grade 7 (Position Vacate:31/12/2025)-North West,1.0,Other,North West
2950,Department for Education,Department for Education,"Breakfast Clubs, Wraparound Childcare and HAF",DFE-2544,EO - National,31479,31479,"Executive Officer - Breakfast Clubs, Wraparound Childcare and HAF EO-North West",1.0,Other,North West
2951,Department for Education,Department for Education,CSC Data and Digital,DFE-2010,EO - National,31479,31479,Executive Officer - CSC Data and Digital HEO-East Midlands,1.0,Other,East Midlands
2952,Department for Education,Skills England,Analysis and Insights,DFE-2434,SEO (Statistical Officer) - National,48999,53884,Senior Executive Officer - Analysis and Insight SEO-Yorkshire and The Humber,1.0,Other,Yorkshire and The Humber
2953,Department for Education,Department for Education,Work Based Skills,DFE-2129,EA - National,27244,27244,Executive Assistant - Work Based Skills Operations and Performance EA-North West,1.0,Other,North West
2954,Department for Education,Department for Education,Customer Success & Shared Service Operations,DFE-2334,Grade 7 - National,58185,67219,Manager - Customer Success & Shared Service Operations Grade 7-North East,1.0,Other,North East
2955,Department for Education,Department for Education,Teacher Training and Recruitment,DFE-2541,HEO - National,36000,38229,Higher Executive Officer - Teacher Training and Recruitment HEO (Position Vacate:04/10/2025)-Yorkshire and The Humber,1.0,Other,Yorkshire and The Humber
2956,Department for Education,Department for Education,T - Level Delivery ​,DFE-2626,EO - National,31479,31479,Executive Officer - T - Level Delivery ​ EO-North West,1.0,Other,North West
2957,Department for Education,Department for Education,Major Projects and Risk,DFE-2608,Senior Executive Officer - London,46971,51973,Senior Executive Officer - Major Projects and Risks SEO-London,1.0,Other,London
2958,Department for Education,Department for Education,Skills Strategy and Delivery,DFE-2570,Senior Executive Officer - National,42806,47047,Senior Executive Officer - Skills Strategy and Delivery SEO-East Midlands,1.0,Other,East Midlands
2959,Department for Education,Department for Education,Higher Education Oversight,DFE-2660,HEO - National,36000,38229,Higher Executive Officer - Lifelong Loan Entitlement HEO-North West,1.0,Other,North West
2960,Department for Education,Department for Education,Regions Group: Yorkshire and the Humber,DFE-2572,EO - National,31479,31479,Executive Officer - Regions Group: Yorkshire and the Humber EO-Yorkshire and The Humber,1.0,Other,Yorkshire and The Humber
2961,Department for Education,Department for Education,Regions Group: National,DFE-2577,EO - National,31479,31479,Executive Officer - Regions Group: National EO (Position Vacate:13/10/2025)-North West,1.0,Other,North West
2962,Department for Education,Department for Education,High Quality Curriculum,DFE-2324,HEO - National,36000,38229,Higher Executive Officer - High Quality Curriculum HEO-North East,1.0,Other,North East
2963,Department for Education,Department for Education,"Estates, Security and People",DFE-2025,EO - National,31479,31479,Executive Officer - Central Business Services EO-North West,2.0,Other,North West
2964,Department for Education,Department for Education,Regions Group: North West,DFE-2514,HEO - National,36000,38229,Higher Executive Officer - Regions Group: North West HEO (Position Vacate:27/10/2025)-North West,1.0,Other,North West
2965,Department for Education,Department for Education,Legislation Division,DFE-2624,EO - National,31479,31479,Executive Officer - Legislation Division EO-South West,0.89,Other,South West
2966,Department for Education,Department for Education,Families Group Central,DFE-2551,EO - London,35438,35438,Executive Officer - Families Group Central EO-London,1.0,Other,London
2967,Department for Education,Department for Education,Sector Skills,DFE-2620,EO - National,31479,31479,Executive Officer - Sector Skills EO-West Midlands,1.0,Other,West Midlands
2968,Department for Education,Department for Education,Family Support,DFE-2305,EO - National,31479,31479,Executive Officer - Family Support EO-Yorkshire and The Humber,1.0,Other,Yorkshire and The Humber
2969,Department for Education,Department for Education,Higher Education Strategy and Portfolio,DFE-2239,HEO - National,36000,38229,Higher Executive Officer - Higher Education Policy HEO-Yorkshire and The Humber,1.0,Other,Yorkshire and The Humber
2970,Department for Education,Department for Education,Operations and Infrastructure Group,DFE-2536,Senior Executive Officer - National,42806,47047,Senior Executive Officer - Commercial Specialist - Skills SEO-North West,2.0,Other,North West
2971,Department for Education,Department for Education,Policy Lab,DFE-2630,HEO - National,36000,38229,Higher Executive Officer - Policy Lab HEO-Yorkshire and The Humber,1.0,Other,Yorkshire and The Humber
2972,Department for Education,Department for Education,Operations and Infrastructure Group,DFE-2536,HEO - National,36000,38229,Higher Executive Officer - Commercial Specialist - Skills HEO-North West,2.0,Other,North West
2973,Department for Education,Department for Education,CS Policy Profession Unit,DFE-2498,HEO (Information Officer) - National,40044,42778,Higher Executive Officer - CS Policy Profession Unit HEO-North East,1.0,Other,North East
2974,Department for Education,Department for Education,Regions Group: North East and National SEND Improvement and Transformation,DFE-2701,HEO - London,40132,42699,Higher Executive Officer - Regions Group: North East and National SEND Improvement and Transformation HEO-London,1.0,Other,London
2975,Department for Education,Department for Education,Family Hubs and Early Years Interventions,DFE-2654,EO - National,31479,31479,Executive Officer - Family Hubs and Early Years Interventions EO-Yorkshire and The Humber,1.0,Other,Yorkshire and The Humber
2976,Department for Education,Department for Education,CSC Regional Cooperatives and Fostering,DFE-2443,HEO - London,40132,42699,Higher Executive Officer - CSC Regional Cooperatives and Fostering SEO-London,1.0,Other,London
2977,Department for Education,Department for Education,Operations and Infrastructure Group,DFE-2536,Senior Executive Officer - National,42806,47047,Senior Executive Officer - Commercial Specialist - ESFA SEO-North West,1.0,Other,North West
2978,Department for Education,Department for Education,Skills Strategy and Delivery,DFE-2570,HEO - National,36000,38229,Higher Executive Officer - Skills Strategy and Delivery HEO-South West,1.0,Other,South West
2979,Department for Education,Department for Education,HR Services & Specialist Advice,DFE-2001,EO - National,31479,31479,Executive Officer - HR Services & Specialist Advice HEO-North East,1.0,Other,North East
2980,Department for Education,Department for Education,Major Projects and Risk,DFE-2608,Grade 6 - London,74528,82869,Manager - Major Projects and Risks Grade 6-London,1.0,Other,London
2981,Department for Education,Department for Education,DDT Incubator,DFE-2475,HEO (Information Officer) - National,40044,42778,Higher Executive Officer - DDT Incubator HEO-Yorkshire and The Humber,0.81,Other,Yorkshire and The Humber
2982,Department for Education,Department for Education,Future Student Finance and Funding​,DFE-2665,HEO - London,40132,42699,Higher Executive Officer - Future Student Finance and Funding​ HEO-London,1.0,Other,London
2983,Department for Education,Department for Education,Education Estates Data Collection and Analysis,DFE-2627,HEO - National,36000,38229,Higher Executive Officer - Education Estates Data Collection and Analysis HEO-East Of England,1.0,Other,East Of England
2984,Department for Education,Department for Education,DfE Covid-19 Inquiry Response,DFE-2369,HEO - National,36000,38229,Higher Executive Officer - DfE Covid-19 Inquiry Response HEO-West Midlands,1.0,Other,West Midlands
2985,Department for Education,Department for Education,Schools and Funding Analysis,DFE-2567,HEO (Higher Scientific Officer) - National,40044,42778,Higher Executive Officer - Schools and Funding Analysis HEO-West Midlands,2.0,Other,West Midlands
2986,Department for Education,Department for Education,Financial Operations,DFE-2200,HEO - National,36000,38229,"Higher Executive Officer - Central Operations, Finance & Performance HEO-North West",1.0,Other,North West
2987,Department for Education,Department for Education,Teachers' Pension Scheme,DFE-2675,HEO - National,36000,38229,Higher Executive Officer - Teachers' Pension Scheme HEO-North West,2.0,Other,North West
2988,Department for Education,Department for Education,Regions Group: National,DFE-2021,EO - National,31479,31479,Executive Officer - Regions Group: National EO-South West,1.0,Other,South West
2989,Department for Education,Department for Education,"Construction Grants, Assurance and Response",DFE-2344,EO - National,31479,31479,Executive Officer - Condition Funding & Response EO-North West,1.0,Other,North West
2990,Department for Education,Department for Education,Capital Delivery,DFE-2568,EO - National,31479,31479,Executive Officer - Construction and External Technical Services EO-Yorkshire and The Humber,1.0,Other,Yorkshire and The Humber
2991,Department for Education,Department for Education,"HR Business Partners, Workforce Skills and Strategy",DFE-2681,Grade 7 - National,58185,67219,"Manager - HR Business Partners, Workforce Skills and Strategy Grade 7-East Midlands",0.64,Other,East Midlands
2992,Department for Education,Department for Education,"Construction Grants, Assurance and Response",DFE-2344,EO - National,31479,31479,"Executive Officer - Construction Grants, Assurance and Response EO-Yorkshire and The Humber",1.0,Other,Yorkshire and The Humber
2993,Department for Education,Department for Education,SEND Strategy,DFE-2571,EO - National,31479,31479,Executive Officer - SEND Strategy EO-North West,1.0,Other,North West
2994,Department for Education,Department for Education,Schools Digital,DFE-2504,Senior Executive Officer - National,42806,47047,Senior Executive Officer - Schools Digital Grade 7-North West,1.0,Other,North West
2995,Department for Education,Department for Education,Strategy and Portfolio,DFE-2277,EO - National,31479,31479,Executive Officer - Strategy and Portfolio EO-North West,1.0,Other,North West
2996,Department for Education,Department for Education,"CSC Outcomes, Care Leavers and Capital",DFE-2347,HEO - National,36000,38229,"Higher Executive Officer - CSC Outcomes, Care Leavers and Capital HEO-West Midlands",1.0,Other,West Midlands
2997,Department for Education,Department for Education,HR Services & Specialist Advice,DFE-2001,EO - National,31479,31479,Executive Officer - HR Services & Specialist Advice HEO-Yorkshire and The Humber,2.0,Other,Yorkshire and The Humber
2998,Department for Education,Department for Education,Enterprise Data for Insight,DFE-2392,Senior Executive Officer - National,42806,47047,Senior Executive Officer - Enterprise Data for Insight SEO-Unknown,1.0,Other,Unknown
2999,Department for Education,Department for Education,Enterprise Data for Insight,DFE-2392,Legacy Grade,1,150000,Manager - Enterprise Data for Insight (Legacy Grade)-Unknown,3.46,Other,Unknown
3000,Department for Education,Department for Education,Skills Strategy and Delivery,DFE-2570,HEO - National,36000,38229,Higher Executive Officer - Skills Strategy and Delivery HEO-Yorkshire and The Humber,1.0,Other,Yorkshire and The Humber
3001,Department for Education,Standard and Testing Agency,STA Assessment DDaT,DFE-2607,Grade 7 - National,58185,67219,Manager - STA Assessment DDaT Grade 7 (Position Vacate:10/11/2025)-South West,0.75,Other,South West
3002,Department for Education,Department for Education,Essential Skills and Multiply,DFE-2104,Grade 7 - National,58185,67219,Manager - Essential Skills and Multiply Grade 7-West Midlands,0.89,Other,West Midlands
3003,Department for Education,Department for Education,Digital Delivery - Schools,DFE-2664,HEO - National,36000,38229,"Higher Executive Officer - Free Schools, FE and Skills HEO-Yorkshire and The Humber",1.0,Other,Yorkshire and The Humber
3004,Department for Education,Department for Education,Customer Experience & Design,DFE-2478,Senior Executive Officer - National,42806,47047,Senior Executive Officer - Customer Experience & Design SEO-East Midlands,1.0,Other,East Midlands
3005,Department for Education,Department for Education,Operational Excellence,DFE-2292,EO - National,31479,31479,Executive Officer - Operational Excellence EO-East Midlands,1.0,Other,East Midlands
3006,Department for Education,Department for Education,Customer Experience & Design,DFE-2478,Senior Executive Officer - National,42806,47047,Senior Executive Officer - Customer Experience & Design SEO-West Midlands,1.0,Other,West Midlands
3007,Department for Education,Department for Education,"Estates, Security and People",DFE-2025,EO - London,35438,35438,"Executive Officer - Estates, Security and People EO-London",1.0,Other,London
3008,Department for Education,Department for Education,Work Based Skills,DFE-2129,Senior Executive Officer - National,42806,47047,"Senior Executive Officer - Apprenticeships, Operations and Performance SEO-Yorkshire and The Humber",1.0,Other,Yorkshire and The Humber
3009,Department for Education,Department for Education,SEND Strategy,DFE-2571,Senior Executive Officer - National,42806,47047,Senior Executive Officer - SEND Strategy SEO-East Of England,0.81,Other,East Of England
3010,Department for Education,Department for Education,Customer Success & Shared Service Operations,DFE-2334,EO - National,31479,31479,Executive Officer - Customer Success & Shared Service Operations HEO-North East,1.0,Other,North East
3011,Department for Education,Department for Education,Sector Skills,DFE-2620,EO - National,31479,31479,Executive Officer - Sector Skills EO-Yorkshire and The Humber,1.0,Other,Yorkshire and The Humber
3012,Department for Education,Standard and Testing Agency,STA Assessment DDaT,DFE-2607,Senior Executive Officer - National,42806,47047,Senior Executive Officer - STA Assessment DDaT SEO (Position Vacate:05/10/2025)-Yorkshire and The Humber,1.0,Other,Yorkshire and The Humber
3013,Department for Education,Department for Education,Schools System Accountability,DFE-2224,HEO - National,36000,38229,Higher Executive Officer - Schools System Accountability HEO-West Midlands,1.0,Other,West Midlands
3014,Department for Education,Department for Education,Developing Teachers and Leaders,DFE-2670,EO - National,31479,31479,Executive Officer - Teacher Services EO-West Midlands,1.0,Other,West Midlands
3015,Department for Education,Department for Education,"HR Organisation Design, Development & Engagement",DFE-2407,Senior Executive Officer - National,42806,47047,"Senior Executive Officer - HR Business Partners, Workforce Skills and Strategy SEO-North West",1.0,Other,North West
3016,Department for Education,Department for Education,Student Funding Policy​,DFE-2516,HEO - National,36000,38229,Higher Executive Officer - Student Funding Policy​ HEO-North East,2.0,Other,North East
3017,Department for Education,Department for Education,SFSO Operational Delivery - North,DFE-2084,EO - National,31479,31479,Executive Officer - SFSO Operational Delivery - North EO-Yorkshire and The Humber,2.0,Other,Yorkshire and The Humber
3018,Department for Education,Department for Education,Funding Policy Implementation,DFE-2609,EO - National,31479,31479,Executive Officer - Funding Policy Implementation EO-West Midlands,1.0,Other,West Midlands
3019,Department for Education,Department for Education,Families Group Central,DFE-2551,HEO - National,36000,38229,Higher Executive Officer - Counter Extremism and Non-School Education HEO-North West,1.0,Other,North West
3020,Department for Education,Department for Education,Education Estates Data Collection and Analysis,DFE-2627,SEO (Scientific Officer) - National,48999,53884,Senior Executive Officer - Education Estates Data Collection and Analysis SEO-North East,1.0,Other,North East
3021,Department for Education,Department for Education,Regions Group: Yorkshire & Humber and National CSC and BSiL,DFE-2613,EO - National,31479,31479,Executive Officer - Regions Group: Yorkshire & Humber and National CSC and BSiL EO-North West,1.0,Other,North West
3022,Department for Education,Department for Education,Central Capital Unit,DFE-2228,HEO - National,36000,38229,Higher Executive Officer - Central Capital Unit HEO-West Midlands,1.0,Other,West Midlands
3023,Department for Education,Department for Education,Stakeholder Engagement,DFE-2349,HEO - London,40132,42699,Higher Executive Officer - Stakeholder Engagement HEO-London,2.0,Other,London
3024,Department for Education,Department for Education,Attainment Delivery,DFE-2666,Grade 7 - London,62336,72057,Manager - Attainment Delivery Grade 7-London,1.0,Other,London
3025,Department for Education,Department for Education,International Placements,DFE-2491,HEO - London,40132,42699,Higher Executive Officer - Strategy Group - DG Office HEO-London,1.0,Other,London
3026,Department for Education,Department for Education,CSC Looked After Children Placements,DFE-2582,Senior Executive Officer - National,42806,47047,Senior Executive Officer - CSC Looked After Children Placements SEO-South West,1.0,Other,South West
3027,Department for Education,Department for Education,Policy Lab,DFE-2631,HEO - National,36000,38229,Higher Executive Officer - Policy Lab HEO-South West,0.6,Other,South West
3028,Department for Education,Department for Education,Work Based Skills Operations and Performance,DFE-2423,Senior Executive Officer - National,42806,47047,Senior Executive Officer - Work Based Skills Operations and Performance SEO-North West,1.0,Other,North West
3029,Department for Education,Department for Education,Regions Group: National,DFE-2279,EA - National,27244,27244,Executive Assistant - Regions Group: National EA-West Midlands,1.0,Other,West Midlands
3030,Department for Education,Standard and Testing Agency,"Standards, Testing and Regulation Directorate",DFE-2135,EO - National,31479,31479,Executive Officer - Assessment Operations and Services EO-North West,1.0,Other,North West
3031,Department for Education,Department for Education,Insight and Statistics,DFE-2400,Grade 7 - London,62336,72057,Manager - Insight and Statistics Grade 7-London,1.0,Other,London
3032,Department for Education,Department for Education,Developing Teachers and Leaders,DFE-2670,Grade 7 - London,62336,72057,Manager - Schools Digital Grade 7 (Position Vacate:26/11/2025)-London,1.0,Other,London
3033,Department for Education,Department for Education,Families Analysis,DFE-2152,HEO (Higher Statistical Officer) - National,40044,42778,Higher Executive Officer - Families Analysis SEO-South West,1.0,Other,South West
3034,Department for Education,Department for Education,Data Science (ESFA),DFE-2601,Senior Executive Officer - London,46971,51973,Senior Executive Officer - Data Science (ESFA) SEO-London,1.0,Other,London
3035,Department for Education,Department for Education,Funding Policy Implementation,DFE-2609,HEO - London,40132,42699,Higher Executive Officer - Funding Policy Implementation HEO-London,1.0,Other,London
3036,Department for Education,Department for Education,T - Level Delivery ​,DFE-2626,Grade 7 - National,58185,67219,Manager - T - Level Delivery ​ Grade 7-North West,1.0,Other,North West
3037,Department for Education,Department for Education,Cyber and Information Security (CISO),DFE-2485,Grade 7 - National,58185,67219,Manager - Cyber and Information Security (CISO) Grade 7-East Midlands,1.0,Other,East Midlands
3038,Department for Education,Department for Education,Funding Policy Implementation,DFE-2609,HEO - National,36000,38229,Higher Executive Officer - Funding Policy Implementation HEO-South West,1.0,Other,South West
3039,Department for Education,Department for Education,Curriculum & Assessment Review,DFE-2641,HEO (Higher Statistical Officer) - London,44424,47250,Higher Executive Officer - Curriculum & Assessment Review HEO-London,1.0,Other,London
3040,Department for Education,Department for Education,Digital Delivery - Funding Services,DFE-2610,Grade 6 - National,70854,78241,Manager - Advanced British Standards (Programme and Project Management) Grade 6-North West,1.0,Other,North West
3041,Department for Education,Department for Education,Digital Delivery - Schools,DFE-2664,HEO - National,36000,38229,Higher Executive Officer - Digital Delivery - Schools HEO-West Midlands,0.54,Other,West Midlands
3042,Department for Education,Department for Education,Higher Education Analysis,DFE-2632,HEO (Higher Scientific Officer) - National,40044,42778,Higher Executive Officer - HE Analysis HEO-North East,1.0,Other,North East
3043,Department for Education,Department for Education,Family Support,DFE-2305,Grade 7 - National,58185,67219,Manager - Family Support Grade 7-North East,1.0,Other,North East
3044,Department for Education,Department for Education,Family Support,DFE-2305,EO - London,35438,35438,Executive Officer - Family Support EO-London,1.0,Other,London
3045,Department for Education,Department for Education,Operational Excellence,DFE-2292,HEO - London,40132,42699,Higher Executive Officer - Work Based Skills Operational Delivery HEO-London,1.0,Other,London
3046,Department for Education,Department for Education,Enterprise Data for Insight,DFE-2392,HEO - London,40132,42699,Higher Executive Officer - Enterprise Data for Insight HEO-London,1.0,Other,London
3047,Department for Education,Department for Education,Skills Policy Analysis​,DFE-2520,HEO (Higher Statistical Officer) - London,44424,47250,Higher Executive Officer - Skills Policy Analysis​ HEO-London,3.0,Other,London
3048,Department for Education,Department for Education,Family Support,DFE-2305,HEO - London,40132,42699,Higher Executive Officer - Family Support HEO-East Midlands,1.0,Other,East Midlands
3049,Department for Education,Department for Education,Local Accountability and Improvement,DFE-2383,EO - National,31479,31479,Executive Officer - Local Accountability and Improvement EO-North West,1.0,Other,North West
3050,Department for Education,Department for Education,Families Analysis,DFE-2152,EO - National,31479,31479,Executive Officer - Families Analysis EO-South West,1.0,Other,South West
3051,Department for Education,Department for Education,Improvement and Insight,DFE-2223,Senior Executive Officer - National,42806,47047,Senior Executive Officer - Improvement and Insight SEO-West Midlands,1.0,Other,West Midlands
3052,Department for Education,Standard and Testing Agency,STA Assessment DDaT,DFE-2607,Grade 6 - National,70854,78241,Manager - STA Assessment DDaT Grade 6-Yorkshire and The Humber,1.0,Other,Yorkshire and The Humber
3053,Department for Education,Department for Education,"Educational Engagement, Access and Wellbeing (EEAW)",DFE-2326,EO - London,35438,35438,Executive Officer - Families Analysis EO-London,1.0,Other,London
3054,Department for Education,Department for Education,Funding Policy Unit,DFE-2009,EO - National,31479,31479,Executive Officer - Funding Policy Unit EO-Yorkshire and The Humber,1.0,Other,Yorkshire and The Humber
3055,Department for Education,Standard and Testing Agency,Assessment Research and Development,DFE-2535,Grade 6 - National,70854,78241,Manager - Assessment Research and Development Grade 6-North West,1.0,Other,North West
3056,Department for Education,Department for Education,Childcare Reform Delivery & Directorate Support,DFE-2576,Legacy Grade,1,150000,Manager - Families Analysis HEO (Position Vacate:05/10/2025)-London,1.0,Other,London
3057,Department for Education,Department for Education,Customer Experience & Design,DFE-2478,Senior Executive Officer - London,46971,51973,Senior Executive Officer - Customer Experience & Design SEO-London,1.6,Other,London
3058,Department for Education,Department for Education,Central Analysis Unit,DFE-2238,HEO (Economic Assistant) - London,44424,47250,Higher Executive Officer - Central Analysis Unit HEO-London,2.55,Other,London
3059,Department for Education,Department for Education,Central Analysis Unit,DFE-2238,HEO (Economic Assistant) - National,40044,42778,Higher Executive Officer - Central Analysis Unit HEO-West Midlands,1.0,Other,West Midlands
3060,Department for Education,Department for Education,CS Policy Profession Unit,DFE-2498,Grade 7 - National,58185,67219,Manager - CS Policy Profession Unit Grade 7-East Midlands,1.0,Other,East Midlands
3061,Department for Education,Department for Education,Delivery Unit,DFE-2501,Grade 7 - National,58185,67219,Manager - Delivery Unit Grade 7-North West,1.0,Other,North West
3062,Department for Education,Department for Education,News and Social Media,DFE-2145,EA - London,30551,30551,Executive Assistant - News and Social Media EA-London,1.0,Other,London
3063,Department for Education,Department for Education,Education Estates Data Collection and Analysis,DFE-2627,SEO (Senior Economic Assistant) - National,48999,53884,Senior Executive Officer - Strategy & Intelligence SEO-Yorkshire and The Humber,1.0,Other,Yorkshire and The Humber
3064,Department for Education,Department for Education,Schools and Funding Analysis,DFE-2567,SEO (Senior Economic Assistant) - National,48999,53884,Senior Executive Officer - Schools and Funding Analysis SEO-West Midlands,1.0,Other,West Midlands
3065,Department for Education,Department for Education,Curriculum & Assessment Review,DFE-2641,SEO (Statistical Officer) - National,48999,53884,Senior Executive Officer - Curriculum & Assessment Review SEO-South West,1.0,Other,South West
3066,Department for Education,Department for Education,"HR Business Partners, Workforce Skills and Strategy",DFE-2681,SEO (Statistical Officer) - National,48999,53884,"Senior Executive Officer - HR Business Partners, Workforce Skills and Strategy SEO-North East",1.0,Other,North East
3067,Department for Education,Department for Education,"Education Estates Legal, Land and Planning",DFE-2207,Grade 6 - National,70854,78241,Manager - Legal & Transactions Grade 6-Unknown,1.9,Other,Unknown
3068,Department for Education,Department for Education,International Placements,DFE-2491,Legacy Grade,1,150000,Manager - Specialist Team Manager - Transactional Management-Unknown,1.0,Other,Unknown
3069,Department for Education,Department for Education,International Placements,DFE-2491,HEO - National,36000,38229,Higher Executive Officer - Grant Manager HEO-North East,1.0,Other,North East
3070,Department for Education,Department for Education,International Placements,DFE-2491,Legacy Grade,1,150000,Manager - Grant Officer-Unknown,6.4,Other,Unknown
3071,Department for Education,Department for Education,Schools Productivity Unit,DFE-2651,Legacy Grade,1,150000,Manager - Senior Marketing & Communications Manager-Unknown,1.0,Other,Unknown
3072,Department for Education,Department for Education,International Placements,DFE-2491,Legacy Grade,1,150000,Manager - Finance Manager-Unknown,0.8,Other,Unknown
3073,Department for Education,Department for Education,International Placements,DFE-2491,HEO - National,36000,38229,Higher Executive Officer - International Placements HEO-North West,1.0,Other,North West
3074,Department for Education,Department for Education,International Placements,DFE-2491,Legacy Grade,1,150000,Manager - Senior Manager - Transactional Management-Unknown,1.0,Other,Unknown
3075,Department for Education,Department for Education,Policy Lab,DFE-2631,HEO - National,36000,38229,Higher Executive Officer - Policy Lab HEO-North West,1.0,Other,North West
3076,Department for Education,Department for Education,"HR Organisation Design, Development & Engagement",DFE-2407,EO - National,31479,31479,"Executive Officer - HR Organisation Design, Development & Engagement EO-Yorkshire and The Humber",1.0,Other,Yorkshire and The Humber
3077,Department for Education,Department for Education,Future Student Finance and Funding​,DFE-2665,Grade 7 - National,58185,67219,Manager - Future Student Finance and Funding​ Grade 6-South West,1.0,Other,South West
3078,Department for Education,Department for Education,Revenue Funding and Demographic Analysis,DFE-2645,HEO (Higher Statistical Officer) - National,40044,42778,Higher Executive Officer - Revenue Funding and Demography Analysis HEO-South West,1.0,Other,South West
3079,Department for Education,Department for Education,CS Policy Profession Unit,DFE-2498,Grade 7 - National,58185,67219,Manager - CS Policy Profession Unit Grade 7-Yorkshire and The Humber,0.8,Other,Yorkshire and The Humber
3080,Department for Education,Department for Education,Skills Policy Analysis​,DFE-2520,HEO (Higher Statistical Officer) - National,40044,42778,Higher Executive Officer - Skills Policy Analysis​ HEO-Yorkshire and The Humber,1.0,Other,Yorkshire and The Humber
3081,Department for Education,Department for Education,Teaching Workforce Teaching Analysis,DFE-2183,HEO (Higher Statistical Officer) - National,40044,42778,Higher Executive Officer - Teaching Workforce Teaching Analysis HEO-Yorkshire and The Humber,1.0,Other,Yorkshire and The Humber
3082,Department for Education,Skills England,"Creative, Digital, Finance and Business",DFE-2685,Grade 6 - National,70854,78241,"Manager - Creative, Digital, Finance and Business Grade 6-Yorkshire and The Humber",1.0,Other,Yorkshire and The Humber
3083,Department for Education,Skills England,Corporate Governance and Performance,DFE-2691,Senior Executive Officer - London,46971,51973,Senior Executive Officer - Corporate Governance and Performance SEO-London,2.0,Other,London
3084,Department for Education,Skills England,"Creative, Digital, Finance and Business",DFE-2685,Senior Executive Officer - London,46971,51973,"Senior Executive Officer - Creative, Digital, Finance and Business SEO-London",1.8,Other,London
3085,Department for Education,Skills England,Reform and Development,DFE-2689,EO - London,35438,35438,Executive Officer - Development and Innovation EO-London,0.6,Other,London
3086,Department for Education,Skills England,Corporate Governance and Performance,DFE-2691,EO - National,31479,31479,Executive Officer - Corporate Governance and Performance EO-West Midlands,1.0,Other,West Midlands
3087,Department for Education,Skills England,Delivery and Reform,DFE-2693,EO - National,31479,31479,Executive Officer - Delivery and Reform EO-West Midlands,1.0,Other,West Midlands
3088,Department for Education,Skills England,Reform and Development,DFE-2689,EO - National,31479,31479,Executive Officer - Development and Innovation EO-West Midlands,1.0,Other,West Midlands
3089,Department for Education,Skills England,Skills England - Deputy CEO,DFE-2682,Grade 6 - London,74528,82869,"Manager - Advanced Manufacturing, Defence and Construction Deputy Director-London",1.0,Other,London
3090,Department for Education,Skills England,Skills England - Deputy CEO,DFE-2682,Grade 6 - London,74528,82869,"Manager - Advanced Manufacturing, Defence and Construction Grade 6-London",1.0,Other,London
3091,Department for Education,Skills England,Corporate Governance and Performance,DFE-2691,Grade 6 - National,70854,78241,Manager - Corporate Governance and Performance Grade 6-West Midlands,1.0,Other,West Midlands
3092,Department for Education,Skills England,"Creative, Digital, Finance and Business",DFE-2685,Grade 6 - London,74528,82869,"Manager - Creative, Digital, Finance and Business Grade 6-London",1.0,Other,London
3093,Department for Education,Skills England,"Clean Energy, Life Sciences",DFE-2686,Grade 6 - London,74528,82869,"Manager - Clean Energy, Life Sciences Grade 6-London",3.0,Other,London
3094,Department for Education,Skills England,Delivery and Reform,DFE-2693,Grade 6 - National,70854,78241,Manager - Delivery Reform Grade 6-North East,2.0,Other,North East
3095,Department for Education,Skills England,Delivery and Reform,DFE-2693,Grade 6 - National,70854,78241,Manager - Delivery Reform Grade 6-West Midlands,1.0,Other,West Midlands
3096,Department for Education,Skills England,Skills England - Deputy CEO,DFE-2682,Grade 6 - National,70854,78241,"Manager - Advanced Manufacturing, Defence and Construction Grade 6-West Midlands",2.0,Other,West Midlands
3097,Department for Education,Skills England,"Creative, Digital, Finance and Business",DFE-2685,Grade 7 - London,62336,72057,"Manager - Creative, Digital, Finance and Business Grade 7-London",4.4,Other,London
3098,Department for Education,Skills England,Delivery and Reform,DFE-2693,Grade 6 - London,74528,82869,Manager - Delivery Reform Grade 6-London,1.0,Other,London
3099,Department for Education,Skills England,Corporate Governance and Performance,DFE-2691,Grade 6 - London,74528,82869,Manager - Corporate Governance and Performance Grade 6-London,1.0,Other,London
3100,Department for Education,Skills England,Delivery and Reform,DFE-2693,Grade 7 - London,62336,72057,Manager - Delivery and Reform Grade 7-London,4.51,Other,London
3101,Department for Education,Skills England,Corporate Governance and Performance,DFE-2691,Grade 7 - London,62336,72057,Manager - Corporate Governance and Performance Grade 7-London,2.0,Other,London
3102,Department for Education,Skills England,Corporate Governance and Performance,DFE-2691,Grade 7 - National,58185,67219,Manager - Corporate Governance and Performance Grade 7-West Midlands,5.0,Other,West Midlands
3103,Department for Education,Skills England,"Creative, Digital, Finance and Business",DFE-2685,Grade 7 - National,58185,67219,"Manager - Creative, Digital, Finance and Business Grade 7-West Midlands",7.81,Other,West Midlands
3104,Department for Education,Skills England,"Clean Energy, Life Sciences",DFE-2686,Grade 7 - London,62336,72057,"Manager - Clean Energy, Life Sciences Grade 7-London",3.0,Other,London
3105,Department for Education,Skills England,"Creative, Digital, Finance and Business",DFE-2685,Grade 7 - National,58185,67219,"Manager - Creative, Digital, Finance and Business Grade 6-West Midlands",1.0,Other,West Midlands
3106,Department for Education,Skills England,Reform and Development,DFE-2689,Grade 7 - National,58185,67219,Manager - Development and Innovation Grade 7-North West,1.91,Other,North West
3107,Department for Education,Skills England,Skills England - Deputy CEO,DFE-2682,Grade 7 - National,58185,67219,"Manager - Advanced Manufacturing, Defence and Construction Grade 7-North East",3.49,Other,North East
3108,Department for Education,Skills England,Reform and Development,DFE-2689,Grade 7 - National,58185,67219,Manager - Development and Innovation Grade 7-West Midlands,7.0,Other,West Midlands
3109,Department for Education,Skills England,"Creative, Digital, Finance and Business",DFE-2685,Grade 7 - National,58185,67219,"Manager - Creative, Digital, Finance and Business Grade 7-North West",1.0,Other,North West
3110,Department for Education,Skills England,Reform and Development,DFE-2689,Grade 7 - National,58185,67219,Manager - Development and Innovation Grade 7-North East,2.0,Other,North East
3111,Department for Education,Skills England,Skills England - Deputy CEO,DFE-2682,Grade 7 - National,58185,67219,"Manager - Advanced Manufacturing, Defence and Construction Grade 7-North West",1.0,Other,North West
3112,Department for Education,Skills England,"Clean Energy, Life Sciences",DFE-2686,Grade 7 - National,58185,67219,"Manager - Clean Energy, Life Sciences Grade 7-North East",4.0,Other,North East
3113,Department for Education,Skills England,"Clean Energy, Life Sciences",DFE-2686,Grade 7 - National,58185,67219,"Manager - Clean Energy, Life Sciences Grade 7-North West",2.0,Other,North West
3114,Department for Education,Skills England,"Clean Energy, Life Sciences",DFE-2686,Grade 7 - National,58185,67219,"Manager - Clean Energy, Life Sciences Grade 7-South West",1.0,Other,South West
3115,Department for Education,Department for Education,Digital and Analytical Services,DFE-2692,Grade 7 - National,58185,67219,Manager - Digital and Analytical Services Grade 7-West Midlands,3.75,Other,West Midlands
3116,Department for Education,Skills England,Delivery and Reform,DFE-2693,Grade 7 - National,58185,67219,Manager - Delivery and Reform Grade 7-South West,0.8,Other,South West
3117,Department for Education,Skills England,Corporate Governance and Performance,DFE-2691,Grade 7 - National,58185,67219,Manager - Corporate Governance and Performance Grade 7-Yorkshire and The Humber,1.0,Other,Yorkshire and The Humber
3118,Department for Education,Skills England,Corporate Governance and Performance,DFE-2691,Grade 7 - National,58185,67219,Manager - Corporate Governance and Performance Grade 7-North West,1.0,Other,North West
3119,Department for Education,Skills England,Corporate Governance and Performance,DFE-2691,HEO - London,40132,42699,Higher Executive Officer - Corporate Governance and Performance HEO-London,2.0,Other,London
3120,Department for Education,Skills England,Reform and Development,DFE-2689,HEO - National,36000,38229,Higher Executive Officer - Development and Innovation HEO-North West,1.8,Other,North West
3121,Department for Education,Skills England,Corporate Governance and Performance,DFE-2691,HEO - National,36000,38229,Higher Executive Officer - Corporate Governance and Performance HEO-West Midlands,2.0,Other,West Midlands
3122,Department for Education,Skills England,Corporate Governance and Performance,DFE-2691,HEO - National,36000,38229,Higher Executive Officer - Corporate Governance and Performance HEO-South West,1.0,Other,South West
3123,Department for Education,Skills England,Corporate Governance and Performance,DFE-2691,HEO - National,36000,38229,Higher Executive Officer - Corporate Governance and Performance HEO-North West,1.0,Other,North West
3124,Department for Education,Department for Education,CSC Looked After Children Placements,DFE-2582,HEO - National,36000,38229,Higher Executive Officer - CSC Looked After Children Placements HEO-West Midlands,1.0,Other,West Midlands
3125,Department for Education,Skills England,Reform and Development,DFE-2689,Senior Executive Officer - London,46971,51973,Senior Executive Officer - Development and Innovation SEO-London,2.0,Other,London
3126,Department for Education,Skills England,Corporate Governance and Performance,DFE-2691,Senior Executive Officer - National,42806,47047,Senior Executive Officer - Corporate Governance and Performance SEO-North West,2.0,Other,North West
3127,Department for Education,Skills England,Skills England - Deputy CEO,DFE-2682,Senior Executive Officer - London,46971,51973,"Senior Executive Officer - Advanced Manufacturing, Defence and Construction SEO-London",1.67,Other,London
3128,Department for Education,Skills England,"Clean Energy, Life Sciences",DFE-2686,Senior Executive Officer - London,46971,51973,"Senior Executive Officer - Clean Energy, Life Sciences SEO-London",2.0,Other,London
3129,Department for Education,Skills England,"Creative, Digital, Finance and Business",DFE-2685,Senior Executive Officer - National,42806,47047,"Senior Executive Officer - Creative, Digital, Finance and Business SEO-West Midlands",2.6,Other,West Midlands
3130,Department for Education,Skills England,Corporate Governance and Performance,DFE-2691,Senior Executive Officer - National,42806,47047,Senior Executive Officer - Corporate Governance and Performance SEO-West Midlands,2.0,Other,West Midlands
3131,Department for Education,Skills England,Corporate Governance and Performance,DFE-2691,Senior Executive Officer - National,42806,47047,Senior Executive Officer - Corporate Governance and Performance SEO-North East,1.0,Other,North East
3132,Department for Education,Skills England,"Creative, Digital, Finance and Business",DFE-2685,Senior Executive Officer - National,42806,47047,"Senior Executive Officer - Creative, Digital, Finance and Business SEO-North West",4.0,Other,North West
3133,Department for Education,Skills England,Reform and Development,DFE-2689,Senior Executive Officer - National,42806,47047,Senior Executive Officer - Development and Innovation SEO-West Midlands,3.75,Other,West Midlands
3134,Department for Education,Skills England,Skills England - Deputy CEO,DFE-2682,Senior Executive Officer - National,42806,47047,"Senior Executive Officer - Advanced Manufacturing, Defence and Construction SEO-North East",3.0,Other,North East
3135,Department for Education,Skills England,Skills England - Deputy CEO,DFE-2682,Senior Executive Officer - National,42806,47047,"Senior Executive Officer - Advanced Manufacturing, Defence and Construction SEO-West Midlands",4.0,Other,West Midlands
3136,Department for Education,Skills England,Skills England - Deputy CEO,DFE-2682,Senior Executive Officer - National,42806,47047,"Senior Executive Officer - Advanced Manufacturing, Defence and Construction SEO-South West",1.0,Other,South West
3137,Department for Education,Department for Education,Commercial Delivery,DFE-2684,Grade 6 - National,70854,78241,Manager - Commercial Delivery Grade 6-West Midlands,1.0,Other,West Midlands
3138,Department for Education,Skills England,"Clean Energy, Life Sciences",DFE-2686,Senior Executive Officer - National,42806,47047,"Senior Executive Officer - Clean Energy, Life Sciences SEO-North East",3.0,Other,North East
3139,Department for Education,Skills England,"Clean Energy, Life Sciences",DFE-2686,Senior Executive Officer - National,42806,47047,"Senior Executive Officer - Clean Energy, Life Sciences SEO-Yorkshire and The Humber",1.0,Other,Yorkshire and The Humber
3140,Department for Education,Skills England,Skills England - Deputy CEO,DFE-2682,Senior Executive Officer - National,42806,47047,"Senior Executive Officer - Advanced Manufacturing, Defence and Construction Grade 7-North East",1.0,Other,North East
3141,Department for Education,Skills England,"Creative, Digital, Finance and Business",DFE-2685,Senior Executive Officer - National,42806,47047,"Senior Executive Officer - Creative, Digital, Finance and Business SEO-South West",1.0,Other,South West
3142,Department for Education,Skills England,Delivery and Reform,DFE-2693,Senior Executive Officer - National,42806,47047,Senior Executive Officer - Delivery and Reform SEO-South West,1.0,Other,South West
3143,Department for Education,Department for Education,Commercial Delivery,DFE-2684,EO - National,31479,31479,Executive Officer - Commercial Delivery EO-West Midlands,1.0,Other,West Midlands
3144,Department for Education,Department for Education,Commercial Delivery,DFE-2684,Grade 6 - London,74528,82869,Manager - Commercial Delivery Grade 6-London,2.0,Other,London
3145,Department for Education,Skills England,Delivery and Reform,DFE-2693,Senior Executive Officer - National,42806,47047,Senior Executive Officer - Delivery and Reform SEO-North West,1.0,Other,North West
3146,Department for Education,Skills England,Delivery and Reform,DFE-2693,Senior Executive Officer - National,42806,47047,Senior Executive Officer - Delivery and Reform SEO-Yorkshire and The Humber,1.0,Other,Yorkshire and The Humber
3147,Department for Education,Skills England,Delivery and Reform,DFE-2693,Senior Executive Officer - National,42806,47047,Senior Executive Officer - Development and Innovation SEO-Yorkshire and The Humber,1.0,Other,Yorkshire and The Humber
3148,Department for Education,Department for Education,"Capability, Investments, Analysis and Reporting",DFE-2162,EO - London,35438,35438,"Executive Officer - Capability, Investments, Analysis and Reporting EO-London",1.0,Other,London
3149,Department for Education,Department for Education,Digital and Analytical Services,DFE-2692,Grade 6 - London,74528,82869,Manager - Digital and Analytical Services Grade 6-London,1.9,Other,London
3150,Department for Education,Department for Education,"Payroll, Reward, Policies and ER",DFE-2527,Grade 7 - London,62336,72057,"Manager - Payroll, Reward, Policies and ER Grade 7-London",1.0,Other,London
3151,Department for Education,Department for Education,Commercial Delivery,DFE-2684,Grade 7 - London,62336,72057,Manager - Commercial Delivery Grade 7-London,1.64,Other,London
3152,Department for Education,Department for Education,Digital and Analytical Services,DFE-2692,Grade 6 - National,70854,78241,Manager - Digital and Analytical Services Grade 6-North East,1.0,Other,North East
3153,Department for Education,Department for Education,Digital and Analytical Services,DFE-2692,Grade 7 - London,62336,72057,Manager - Digital and Analytical Services Grade 7-London,4.0,Other,London
3154,Department for Education,Department for Education,Digital and Analytical Services,DFE-2692,Grade 6 - National,70854,78241,Manager - Digital and Analytical Services Grade 6-West Midlands,0.8,Other,West Midlands
3155,Department for Education,Department for Education,Sector Reporting,DFE-2185,Grade 7 - National,58185,67219,Manager - Sector Reporting Grade 7-South West,1.0,Other,South West
3156,Department for Education,Department for Education,"Capability, Investments, Analysis and Reporting",DFE-2162,HEO - London,40132,42699,"Higher Executive Officer - Capability, Investments, Analysis and Reporting HEO-London",1.0,Other,London
3157,Department for Education,Department for Education,Commercial Delivery,DFE-2684,HEO - National,36000,38229,Higher Executive Officer - Commercial Delivery HEO-West Midlands,1.0,Other,West Midlands
3158,Department for Education,Department for Education,Digital and Analytical Services,DFE-2692,HEO - National,36000,38229,Higher Executive Officer - Digital and Analytical Services HEO-West Midlands,1.68,Other,West Midlands
3159,Department for Education,Department for Education,Digital and Analytical Services,DFE-2692,Senior Executive Officer - London,46971,51973,Senior Executive Officer - Digital and Analytical Services SEO-London,2.0,Other,London
3160,Department for Education,Department for Education,Commercial Delivery,DFE-2684,Senior Executive Officer - London,46971,51973,Senior Executive Officer - Commercial Delivery SEO-London,1.0,Other,London
3161,Department for Education,Department for Education,HR Services & Specialist Advice,DFE-2001,Senior Executive Officer - National,42806,47047,Senior Executive Officer - HR Services & Specialist Advice SEO-West Midlands,1.0,Other,West Midlands
3162,Department for Education,Department for Education,Commercial Delivery,DFE-2684,Senior Executive Officer - National,42806,47047,Senior Executive Officer - Commercial Delivery SEO-Yorkshire and The Humber,1.0,Other,Yorkshire and The Humber
3163,Department for Education,Department for Education,Digital and Analytical Services,DFE-2692,Senior Executive Officer - National,42806,47047,Senior Executive Officer - Digital and Analytical Services SEO-North East,1.0,Other,North East
3164,Department for Education,Skills England,Corporate Governance and Performance,DFE-2691,EO - National,31479,31479,Executive Officer - Corporate Governance and Performance EO-North East,1.0,Other,North East
3165,Department for Education,Skills England,Delivery and Reform,DFE-2693,HEO - London,40132,42699,Higher Executive Officer - Delivery and Reform HEO-London,1.0,Other,London
3166,Department for Education,Department for Education,Commercial Delivery,DFE-2684,Senior Executive Officer - National,42806,47047,Senior Executive Officer - Commercial Delivery SEO-West Midlands,2.0,Other,West Midlands
3167,Department for Education,Skills England,Delivery and Reform,DFE-2693,Senior Executive Officer - London,46971,51973,Senior Executive Officer - Delivery and Reform SEO-London,2.0,Other,London
3168,Department for Education,Skills England,"Clean Energy, Life Sciences",DFE-2686,HEO - London,40132,42699,"Higher Executive Officer - Clean Energy, Life Sciences HEO-London",1.0,Other,London
3169,Department for Education,Skills England,Analysis and Insights,DFE-2434,SEO (Senior Research Officer) - National,48999,53884,Senior Executive Officer - Analysis and Insight SEO-North West,1.0,Other,North West
3170,Department for Education,Department for Education,Families Group Central,DFE-2551,EO - National,31479,31479,Executive Officer - Counter Extremism and Non-School Education EO-Yorkshire and The Humber,1.0,Other,Yorkshire and The Humber
3171,Department for Education,Department for Education,"FE Support, Improvement and Provider Engagement",DFE-2394,Grade 7 - National,58185,67219,"Manager - FE Support, Improvement and Provider Engagement Grade 7-South West",1.0,Other,South West
3172,Department for Education,Department for Education,HR Services & Specialist Advice,DFE-2001,EO - London,35438,35438,Executive Officer - HR Services & Specialist Advice EO-London,1.0,Other,London
3173,Department for Education,Department for Education,Internal Comms and GCS Change,DFE-2368,HEO (Information Officer) - London,44424,47250,Higher Executive Officer - Internal Comms and GCS Change HEO-London,2.0,Other,London
3174,Department for Education,Department for Education,"Education Estates Design, Engineering, Cost and Building Technology",DFE-2208,Grade 7 - National,58185,67219,"Manager - Education Estates Design, Engineering, Cost and Building Technology Grade 7-North West",1.0,Other,North West
3175,Department for Education,Department for Education,Technical Education & Qualification Reforms,DFE-2093,EO - London,35438,35438,Executive Officer - Technical Education & Qualification Reform​s EO-London,1.0,Other,London
3176,Department for Education,Department for Education,Digital Delivery - Funding Services,DFE-2610,Grade 6 - National,70854,78241,Manager - Digital Delivery - Funding Services Grade 6-North East,1.0,Other,North East
3177,Department for Education,Department for Education,Education Estates Data Collection and Analysis,DFE-2627,SEO (Senior Economic Assistant) - National,48999,53884,Senior Executive Officer - Strategy & Intelligence SEO-West Midlands,1.0,Other,West Midlands
3178,Department for Education,Department for Education,"Construction Programme Management, Planning and Assurance",DFE-2623,Grade 6 - London,74528,82869,"Manager - Construction Programme Management, Planning and Assurance Grade 6-London",1.0,Other,London
3179,Department for Education,Department for Education,HR Services & Specialist Advice,DFE-2001,Grade 7 - National,58185,67219,"Manager - HR Business Partners, Workforce Skills and Strategy Grade 7-Yorkshire and The Humber",0.81,Other,Yorkshire and The Humber
3180,Department for Education,Department for Education,DDT Incubator,DFE-2475,Grade 7 - London,62336,72057,Manager - DDT Incubator Grade 7-London,2.0,Other,London
3181,Department for Education,Department for Education,Counter Extremism and Non-School Education,DFE-2398,Senior Executive Officer - London,46971,51973,Senior Executive Officer - Counter Extremism and Non-School Education SEO-Unknown,1.0,Other,Unknown
3182,Department for Education,Department for Education,Higher Education Oversight,DFE-2660,Senior Executive Officer - National,42806,47047,Senior Executive Officer - Lifelong Loan Entitlement SEO-North East,1.0,Other,North East
3183,Department for Education,Department for Education,Advanced Analytics Division,DFE-2557,EO - National,31479,31479,Executive Officer - Advanced Analytics EO-Yorkshire and The Humber,1.0,Other,Yorkshire and The Humber
3184,Department for Education,Department for Education,Schools Digital,DFE-2504,EO - National,31479,31479,Executive Officer - Teacher Services EO-North West,3.0,Other,North West
3185,Department for Education,Department for Education,Higher Education Oversight,DFE-2660,Senior Executive Officer - London,46971,51973,Senior Executive Officer - Lifelong Loan Entitlement SEO-London,2.0,Other,London
3186,Department for Education,Standard and Testing Agency,Assessment Research and Development,DFE-2535,HEO (Prof & Technical Officer) - National,40044,42778,Higher Executive Officer - Assessment Research and Development HEO-North West,1.0,Other,North West
3187,Department for Education,Department for Education,"Financial Business Partnering: Schools, Families, Regions and Hub",DFE-2151,G7 (Accountant) - London,62617,72057,"Manager - Financial Business Partnering: Schools, Families, Regions and Hub Grade 7-London",1.0,Other,London
3188,Department for Education,Department for Education,Advanced Analytics Division,DFE-2557,HEO - National,36000,38229,Higher Executive Officer - Advanced Analytics HEO-North East,1.0,Other,North East
3189,Department for Education,Skills England,Reform and Development,DFE-2689,EO - London,35438,35438,Executive Officer - Skills Group EO-London,1.0,Other,London
3190,Department for Education,Department for Education,Inclusive Mainstream,DFE-2647,EO - National,31479,31479,Executive Officer - Inclusive Mainstream EO-Yorkshire and The Humber,1.0,Other,Yorkshire and The Humber
3191,Department for Education,Department for Education,Regions Group: North East and National SEND Improvement and Transformation,DFE-2701,Grade 7 - National,58185,67219,Manager - Regions Group: North East and National SEND Improvement and Transformation Grade 7-North West,1.0,Other,North West
